[2025-01-19T03:21:17.726+0000] {processor.py:186} INFO - Started process (PID=5258) to work on /home/vscode/.local/lib/python3.10/site-packages/airflow/example_dags/example_datasets.py
[2025-01-19T03:21:17.727+0000] {processor.py:914} INFO - Processing file /home/vscode/.local/lib/python3.10/site-packages/airflow/example_dags/example_datasets.py for tasks to queue
[2025-01-19T03:21:17.728+0000] {logging_mixin.py:190} INFO - [2025-01-19T03:21:17.728+0000] {dagbag.py:588} INFO - Filling up the DagBag from /home/vscode/.local/lib/python3.10/site-packages/airflow/example_dags/example_datasets.py
[2025-01-19T03:21:17.740+0000] {processor.py:925} INFO - DAG(s) 'dataset_consumes_unknown_never_scheduled', 'consume_1_and_2_with_dataset_expressions', 'consume_1_or_2_with_dataset_expressions', 'dataset_produces_1', 'dataset_consumes_1_never_scheduled', 'conditional_dataset_and_time_based_timetable', 'dataset_produces_2', 'consume_1_or_both_2_and_3_with_dataset_expressions', 'dataset_consumes_1', 'dataset_consumes_1_and_2' retrieved from /home/vscode/.local/lib/python3.10/site-packages/airflow/example_dags/example_datasets.py
[2025-01-19T03:21:17.819+0000] {logging_mixin.py:190} INFO - [2025-01-19T03:21:17.818+0000] {override.py:1911} INFO - Created Permission View: can read on DAG:dataset_consumes_unknown_never_scheduled
[2025-01-19T03:21:17.831+0000] {logging_mixin.py:190} INFO - [2025-01-19T03:21:17.830+0000] {override.py:1911} INFO - Created Permission View: can edit on DAG:dataset_consumes_unknown_never_scheduled
[2025-01-19T03:21:17.837+0000] {logging_mixin.py:190} INFO - [2025-01-19T03:21:17.836+0000] {override.py:1911} INFO - Created Permission View: can delete on DAG:dataset_consumes_unknown_never_scheduled
[2025-01-19T03:21:17.845+0000] {logging_mixin.py:190} INFO - [2025-01-19T03:21:17.845+0000] {override.py:1911} INFO - Created Permission View: menu access on DAG Run:dataset_consumes_unknown_never_scheduled
[2025-01-19T03:21:17.851+0000] {logging_mixin.py:190} INFO - [2025-01-19T03:21:17.850+0000] {override.py:1911} INFO - Created Permission View: can read on DAG Run:dataset_consumes_unknown_never_scheduled
[2025-01-19T03:21:17.856+0000] {logging_mixin.py:190} INFO - [2025-01-19T03:21:17.856+0000] {override.py:1911} INFO - Created Permission View: can create on DAG Run:dataset_consumes_unknown_never_scheduled
[2025-01-19T03:21:17.862+0000] {logging_mixin.py:190} INFO - [2025-01-19T03:21:17.862+0000] {override.py:1911} INFO - Created Permission View: can delete on DAG Run:dataset_consumes_unknown_never_scheduled
[2025-01-19T03:21:17.874+0000] {logging_mixin.py:190} INFO - [2025-01-19T03:21:17.874+0000] {override.py:1911} INFO - Created Permission View: can read on DAG:consume_1_and_2_with_dataset_expressions
[2025-01-19T03:21:17.880+0000] {logging_mixin.py:190} INFO - [2025-01-19T03:21:17.880+0000] {override.py:1911} INFO - Created Permission View: can edit on DAG:consume_1_and_2_with_dataset_expressions
[2025-01-19T03:21:17.886+0000] {logging_mixin.py:190} INFO - [2025-01-19T03:21:17.886+0000] {override.py:1911} INFO - Created Permission View: can delete on DAG:consume_1_and_2_with_dataset_expressions
[2025-01-19T03:21:17.894+0000] {logging_mixin.py:190} INFO - [2025-01-19T03:21:17.894+0000] {override.py:1911} INFO - Created Permission View: menu access on DAG Run:consume_1_and_2_with_dataset_expressions
[2025-01-19T03:21:17.900+0000] {logging_mixin.py:190} INFO - [2025-01-19T03:21:17.900+0000] {override.py:1911} INFO - Created Permission View: can read on DAG Run:consume_1_and_2_with_dataset_expressions
[2025-01-19T03:21:17.905+0000] {logging_mixin.py:190} INFO - [2025-01-19T03:21:17.905+0000] {override.py:1911} INFO - Created Permission View: can create on DAG Run:consume_1_and_2_with_dataset_expressions
[2025-01-19T03:21:17.911+0000] {logging_mixin.py:190} INFO - [2025-01-19T03:21:17.911+0000] {override.py:1911} INFO - Created Permission View: can delete on DAG Run:consume_1_and_2_with_dataset_expressions
[2025-01-19T03:21:17.924+0000] {logging_mixin.py:190} INFO - [2025-01-19T03:21:17.923+0000] {override.py:1911} INFO - Created Permission View: can read on DAG:consume_1_or_2_with_dataset_expressions
[2025-01-19T03:21:17.929+0000] {logging_mixin.py:190} INFO - [2025-01-19T03:21:17.929+0000] {override.py:1911} INFO - Created Permission View: can edit on DAG:consume_1_or_2_with_dataset_expressions
[2025-01-19T03:21:17.935+0000] {logging_mixin.py:190} INFO - [2025-01-19T03:21:17.935+0000] {override.py:1911} INFO - Created Permission View: can delete on DAG:consume_1_or_2_with_dataset_expressions
[2025-01-19T03:21:17.943+0000] {logging_mixin.py:190} INFO - [2025-01-19T03:21:17.943+0000] {override.py:1911} INFO - Created Permission View: menu access on DAG Run:consume_1_or_2_with_dataset_expressions
[2025-01-19T03:21:17.949+0000] {logging_mixin.py:190} INFO - [2025-01-19T03:21:17.949+0000] {override.py:1911} INFO - Created Permission View: can read on DAG Run:consume_1_or_2_with_dataset_expressions
[2025-01-19T03:21:17.956+0000] {logging_mixin.py:190} INFO - [2025-01-19T03:21:17.955+0000] {override.py:1911} INFO - Created Permission View: can create on DAG Run:consume_1_or_2_with_dataset_expressions
[2025-01-19T03:21:17.961+0000] {logging_mixin.py:190} INFO - [2025-01-19T03:21:17.961+0000] {override.py:1911} INFO - Created Permission View: can delete on DAG Run:consume_1_or_2_with_dataset_expressions
[2025-01-19T03:21:17.974+0000] {logging_mixin.py:190} INFO - [2025-01-19T03:21:17.974+0000] {override.py:1911} INFO - Created Permission View: can read on DAG:dataset_produces_1
[2025-01-19T03:21:17.980+0000] {logging_mixin.py:190} INFO - [2025-01-19T03:21:17.980+0000] {override.py:1911} INFO - Created Permission View: can edit on DAG:dataset_produces_1
[2025-01-19T03:21:17.986+0000] {logging_mixin.py:190} INFO - [2025-01-19T03:21:17.986+0000] {override.py:1911} INFO - Created Permission View: can delete on DAG:dataset_produces_1
[2025-01-19T03:21:17.994+0000] {logging_mixin.py:190} INFO - [2025-01-19T03:21:17.994+0000] {override.py:1911} INFO - Created Permission View: menu access on DAG Run:dataset_produces_1
[2025-01-19T03:21:18.000+0000] {logging_mixin.py:190} INFO - [2025-01-19T03:21:17.999+0000] {override.py:1911} INFO - Created Permission View: can read on DAG Run:dataset_produces_1
[2025-01-19T03:21:18.005+0000] {logging_mixin.py:190} INFO - [2025-01-19T03:21:18.005+0000] {override.py:1911} INFO - Created Permission View: can create on DAG Run:dataset_produces_1
[2025-01-19T03:21:18.011+0000] {logging_mixin.py:190} INFO - [2025-01-19T03:21:18.010+0000] {override.py:1911} INFO - Created Permission View: can delete on DAG Run:dataset_produces_1
[2025-01-19T03:21:18.023+0000] {logging_mixin.py:190} INFO - [2025-01-19T03:21:18.023+0000] {override.py:1911} INFO - Created Permission View: can read on DAG:dataset_consumes_1_never_scheduled
[2025-01-19T03:21:18.029+0000] {logging_mixin.py:190} INFO - [2025-01-19T03:21:18.029+0000] {override.py:1911} INFO - Created Permission View: can edit on DAG:dataset_consumes_1_never_scheduled
[2025-01-19T03:21:18.034+0000] {logging_mixin.py:190} INFO - [2025-01-19T03:21:18.034+0000] {override.py:1911} INFO - Created Permission View: can delete on DAG:dataset_consumes_1_never_scheduled
[2025-01-19T03:21:18.043+0000] {logging_mixin.py:190} INFO - [2025-01-19T03:21:18.042+0000] {override.py:1911} INFO - Created Permission View: menu access on DAG Run:dataset_consumes_1_never_scheduled
[2025-01-19T03:21:18.048+0000] {logging_mixin.py:190} INFO - [2025-01-19T03:21:18.048+0000] {override.py:1911} INFO - Created Permission View: can read on DAG Run:dataset_consumes_1_never_scheduled
[2025-01-19T03:21:18.054+0000] {logging_mixin.py:190} INFO - [2025-01-19T03:21:18.054+0000] {override.py:1911} INFO - Created Permission View: can create on DAG Run:dataset_consumes_1_never_scheduled
[2025-01-19T03:21:18.060+0000] {logging_mixin.py:190} INFO - [2025-01-19T03:21:18.060+0000] {override.py:1911} INFO - Created Permission View: can delete on DAG Run:dataset_consumes_1_never_scheduled
[2025-01-19T03:21:18.072+0000] {logging_mixin.py:190} INFO - [2025-01-19T03:21:18.072+0000] {override.py:1911} INFO - Created Permission View: can read on DAG:conditional_dataset_and_time_based_timetable
[2025-01-19T03:21:18.078+0000] {logging_mixin.py:190} INFO - [2025-01-19T03:21:18.078+0000] {override.py:1911} INFO - Created Permission View: can edit on DAG:conditional_dataset_and_time_based_timetable
[2025-01-19T03:21:18.084+0000] {logging_mixin.py:190} INFO - [2025-01-19T03:21:18.084+0000] {override.py:1911} INFO - Created Permission View: can delete on DAG:conditional_dataset_and_time_based_timetable
[2025-01-19T03:21:18.093+0000] {logging_mixin.py:190} INFO - [2025-01-19T03:21:18.092+0000] {override.py:1911} INFO - Created Permission View: menu access on DAG Run:conditional_dataset_and_time_based_timetable
[2025-01-19T03:21:18.101+0000] {logging_mixin.py:190} INFO - [2025-01-19T03:21:18.101+0000] {override.py:1911} INFO - Created Permission View: can read on DAG Run:conditional_dataset_and_time_based_timetable
[2025-01-19T03:21:18.110+0000] {logging_mixin.py:190} INFO - [2025-01-19T03:21:18.110+0000] {override.py:1911} INFO - Created Permission View: can create on DAG Run:conditional_dataset_and_time_based_timetable
[2025-01-19T03:21:18.116+0000] {logging_mixin.py:190} INFO - [2025-01-19T03:21:18.116+0000] {override.py:1911} INFO - Created Permission View: can delete on DAG Run:conditional_dataset_and_time_based_timetable
[2025-01-19T03:21:18.129+0000] {logging_mixin.py:190} INFO - [2025-01-19T03:21:18.128+0000] {override.py:1911} INFO - Created Permission View: can read on DAG:dataset_produces_2
[2025-01-19T03:21:18.134+0000] {logging_mixin.py:190} INFO - [2025-01-19T03:21:18.134+0000] {override.py:1911} INFO - Created Permission View: can edit on DAG:dataset_produces_2
[2025-01-19T03:21:18.140+0000] {logging_mixin.py:190} INFO - [2025-01-19T03:21:18.140+0000] {override.py:1911} INFO - Created Permission View: can delete on DAG:dataset_produces_2
[2025-01-19T03:21:18.148+0000] {logging_mixin.py:190} INFO - [2025-01-19T03:21:18.148+0000] {override.py:1911} INFO - Created Permission View: menu access on DAG Run:dataset_produces_2
[2025-01-19T03:21:18.154+0000] {logging_mixin.py:190} INFO - [2025-01-19T03:21:18.154+0000] {override.py:1911} INFO - Created Permission View: can read on DAG Run:dataset_produces_2
[2025-01-19T03:21:18.160+0000] {logging_mixin.py:190} INFO - [2025-01-19T03:21:18.160+0000] {override.py:1911} INFO - Created Permission View: can create on DAG Run:dataset_produces_2
[2025-01-19T03:21:18.166+0000] {logging_mixin.py:190} INFO - [2025-01-19T03:21:18.165+0000] {override.py:1911} INFO - Created Permission View: can delete on DAG Run:dataset_produces_2
[2025-01-19T03:21:18.178+0000] {logging_mixin.py:190} INFO - [2025-01-19T03:21:18.177+0000] {override.py:1911} INFO - Created Permission View: can read on DAG:consume_1_or_both_2_and_3_with_dataset_expressions
[2025-01-19T03:21:18.184+0000] {logging_mixin.py:190} INFO - [2025-01-19T03:21:18.184+0000] {override.py:1911} INFO - Created Permission View: can edit on DAG:consume_1_or_both_2_and_3_with_dataset_expressions
[2025-01-19T03:21:18.190+0000] {logging_mixin.py:190} INFO - [2025-01-19T03:21:18.190+0000] {override.py:1911} INFO - Created Permission View: can delete on DAG:consume_1_or_both_2_and_3_with_dataset_expressions
[2025-01-19T03:21:18.198+0000] {logging_mixin.py:190} INFO - [2025-01-19T03:21:18.198+0000] {override.py:1911} INFO - Created Permission View: menu access on DAG Run:consume_1_or_both_2_and_3_with_dataset_expressions
[2025-01-19T03:21:18.204+0000] {logging_mixin.py:190} INFO - [2025-01-19T03:21:18.203+0000] {override.py:1911} INFO - Created Permission View: can read on DAG Run:consume_1_or_both_2_and_3_with_dataset_expressions
[2025-01-19T03:21:18.209+0000] {logging_mixin.py:190} INFO - [2025-01-19T03:21:18.209+0000] {override.py:1911} INFO - Created Permission View: can create on DAG Run:consume_1_or_both_2_and_3_with_dataset_expressions
[2025-01-19T03:21:18.215+0000] {logging_mixin.py:190} INFO - [2025-01-19T03:21:18.215+0000] {override.py:1911} INFO - Created Permission View: can delete on DAG Run:consume_1_or_both_2_and_3_with_dataset_expressions
[2025-01-19T03:21:18.228+0000] {logging_mixin.py:190} INFO - [2025-01-19T03:21:18.227+0000] {override.py:1911} INFO - Created Permission View: can read on DAG:dataset_consumes_1
[2025-01-19T03:21:18.233+0000] {logging_mixin.py:190} INFO - [2025-01-19T03:21:18.233+0000] {override.py:1911} INFO - Created Permission View: can edit on DAG:dataset_consumes_1
[2025-01-19T03:21:18.239+0000] {logging_mixin.py:190} INFO - [2025-01-19T03:21:18.239+0000] {override.py:1911} INFO - Created Permission View: can delete on DAG:dataset_consumes_1
[2025-01-19T03:21:18.247+0000] {logging_mixin.py:190} INFO - [2025-01-19T03:21:18.247+0000] {override.py:1911} INFO - Created Permission View: menu access on DAG Run:dataset_consumes_1
[2025-01-19T03:21:18.253+0000] {logging_mixin.py:190} INFO - [2025-01-19T03:21:18.253+0000] {override.py:1911} INFO - Created Permission View: can read on DAG Run:dataset_consumes_1
[2025-01-19T03:21:18.258+0000] {logging_mixin.py:190} INFO - [2025-01-19T03:21:18.258+0000] {override.py:1911} INFO - Created Permission View: can create on DAG Run:dataset_consumes_1
[2025-01-19T03:21:18.264+0000] {logging_mixin.py:190} INFO - [2025-01-19T03:21:18.264+0000] {override.py:1911} INFO - Created Permission View: can delete on DAG Run:dataset_consumes_1
[2025-01-19T03:21:18.276+0000] {logging_mixin.py:190} INFO - [2025-01-19T03:21:18.276+0000] {override.py:1911} INFO - Created Permission View: can read on DAG:dataset_consumes_1_and_2
[2025-01-19T03:21:18.282+0000] {logging_mixin.py:190} INFO - [2025-01-19T03:21:18.282+0000] {override.py:1911} INFO - Created Permission View: can edit on DAG:dataset_consumes_1_and_2
[2025-01-19T03:21:18.289+0000] {logging_mixin.py:190} INFO - [2025-01-19T03:21:18.289+0000] {override.py:1911} INFO - Created Permission View: can delete on DAG:dataset_consumes_1_and_2
[2025-01-19T03:21:18.297+0000] {logging_mixin.py:190} INFO - [2025-01-19T03:21:18.297+0000] {override.py:1911} INFO - Created Permission View: menu access on DAG Run:dataset_consumes_1_and_2
[2025-01-19T03:21:18.302+0000] {logging_mixin.py:190} INFO - [2025-01-19T03:21:18.302+0000] {override.py:1911} INFO - Created Permission View: can read on DAG Run:dataset_consumes_1_and_2
[2025-01-19T03:21:18.308+0000] {logging_mixin.py:190} INFO - [2025-01-19T03:21:18.308+0000] {override.py:1911} INFO - Created Permission View: can create on DAG Run:dataset_consumes_1_and_2
[2025-01-19T03:21:18.314+0000] {logging_mixin.py:190} INFO - [2025-01-19T03:21:18.313+0000] {override.py:1911} INFO - Created Permission View: can delete on DAG Run:dataset_consumes_1_and_2
[2025-01-19T03:21:18.314+0000] {logging_mixin.py:190} INFO - [2025-01-19T03:21:18.314+0000] {dag.py:3239} INFO - Sync 10 DAGs
[2025-01-19T03:21:18.323+0000] {logging_mixin.py:190} INFO - [2025-01-19T03:21:18.323+0000] {dag.py:3262} INFO - Creating ORM DAG for dataset_consumes_1
[2025-01-19T03:21:18.323+0000] {logging_mixin.py:190} INFO - [2025-01-19T03:21:18.323+0000] {dag.py:3262} INFO - Creating ORM DAG for conditional_dataset_and_time_based_timetable
[2025-01-19T03:21:18.324+0000] {logging_mixin.py:190} INFO - [2025-01-19T03:21:18.324+0000] {dag.py:3262} INFO - Creating ORM DAG for dataset_consumes_1_and_2
[2025-01-19T03:21:18.324+0000] {logging_mixin.py:190} INFO - [2025-01-19T03:21:18.324+0000] {dag.py:3262} INFO - Creating ORM DAG for dataset_consumes_1_never_scheduled
[2025-01-19T03:21:18.325+0000] {logging_mixin.py:190} INFO - [2025-01-19T03:21:18.325+0000] {dag.py:3262} INFO - Creating ORM DAG for consume_1_or_both_2_and_3_with_dataset_expressions
[2025-01-19T03:21:18.325+0000] {logging_mixin.py:190} INFO - [2025-01-19T03:21:18.325+0000] {dag.py:3262} INFO - Creating ORM DAG for consume_1_and_2_with_dataset_expressions
[2025-01-19T03:21:18.326+0000] {logging_mixin.py:190} INFO - [2025-01-19T03:21:18.326+0000] {dag.py:3262} INFO - Creating ORM DAG for consume_1_or_2_with_dataset_expressions
[2025-01-19T03:21:18.326+0000] {logging_mixin.py:190} INFO - [2025-01-19T03:21:18.326+0000] {dag.py:3262} INFO - Creating ORM DAG for dataset_produces_1
[2025-01-19T03:21:18.327+0000] {logging_mixin.py:190} INFO - [2025-01-19T03:21:18.327+0000] {dag.py:3262} INFO - Creating ORM DAG for dataset_consumes_unknown_never_scheduled
[2025-01-19T03:21:18.327+0000] {logging_mixin.py:190} INFO - [2025-01-19T03:21:18.327+0000] {dag.py:3262} INFO - Creating ORM DAG for dataset_produces_2
[2025-01-19T03:21:18.334+0000] {logging_mixin.py:190} INFO - [2025-01-19T03:21:18.334+0000] {dag.py:4180} INFO - Setting next_dagrun for conditional_dataset_and_time_based_timetable to 2025-01-15 01:00:00+00:00, run_after=2025-01-15 01:00:00+00:00
[2025-01-19T03:21:18.334+0000] {logging_mixin.py:190} INFO - [2025-01-19T03:21:18.334+0000] {dag.py:4180} INFO - Setting next_dagrun for consume_1_and_2_with_dataset_expressions to None, run_after=None
[2025-01-19T03:21:18.335+0000] {logging_mixin.py:190} INFO - [2025-01-19T03:21:18.335+0000] {dag.py:4180} INFO - Setting next_dagrun for consume_1_or_2_with_dataset_expressions to None, run_after=None
[2025-01-19T03:21:18.335+0000] {logging_mixin.py:190} INFO - [2025-01-19T03:21:18.335+0000] {dag.py:4180} INFO - Setting next_dagrun for consume_1_or_both_2_and_3_with_dataset_expressions to None, run_after=None
[2025-01-19T03:21:18.335+0000] {logging_mixin.py:190} INFO - [2025-01-19T03:21:18.335+0000] {dag.py:4180} INFO - Setting next_dagrun for dataset_consumes_1 to None, run_after=None
[2025-01-19T03:21:18.336+0000] {logging_mixin.py:190} INFO - [2025-01-19T03:21:18.336+0000] {dag.py:4180} INFO - Setting next_dagrun for dataset_consumes_1_and_2 to None, run_after=None
[2025-01-19T03:21:18.336+0000] {logging_mixin.py:190} INFO - [2025-01-19T03:21:18.336+0000] {dag.py:4180} INFO - Setting next_dagrun for dataset_consumes_1_never_scheduled to None, run_after=None
[2025-01-19T03:21:18.337+0000] {logging_mixin.py:190} INFO - [2025-01-19T03:21:18.337+0000] {dag.py:4180} INFO - Setting next_dagrun for dataset_consumes_unknown_never_scheduled to None, run_after=None
[2025-01-19T03:21:18.338+0000] {logging_mixin.py:190} INFO - [2025-01-19T03:21:18.338+0000] {dag.py:4180} INFO - Setting next_dagrun for dataset_produces_1 to 2025-01-18 00:00:00+00:00, run_after=2025-01-19 00:00:00+00:00
[2025-01-19T03:21:18.339+0000] {logging_mixin.py:190} INFO - [2025-01-19T03:21:18.339+0000] {dag.py:4180} INFO - Setting next_dagrun for dataset_produces_2 to None, run_after=None
[2025-01-19T03:21:18.366+0000] {processor.py:208} INFO - Processing /home/vscode/.local/lib/python3.10/site-packages/airflow/example_dags/example_datasets.py took 0.644 seconds
[2025-01-19T03:22:16.139+0000] {processor.py:186} INFO - Started process (PID=5740) to work on /home/vscode/.local/lib/python3.10/site-packages/airflow/example_dags/example_datasets.py
[2025-01-19T03:22:16.140+0000] {processor.py:914} INFO - Processing file /home/vscode/.local/lib/python3.10/site-packages/airflow/example_dags/example_datasets.py for tasks to queue
[2025-01-19T03:22:16.141+0000] {logging_mixin.py:190} INFO - [2025-01-19T03:22:16.141+0000] {dagbag.py:588} INFO - Filling up the DagBag from /home/vscode/.local/lib/python3.10/site-packages/airflow/example_dags/example_datasets.py
[2025-01-19T03:22:16.154+0000] {processor.py:925} INFO - DAG(s) 'dataset_consumes_1_never_scheduled', 'consume_1_or_2_with_dataset_expressions', 'consume_1_and_2_with_dataset_expressions', 'dataset_consumes_1', 'dataset_produces_2', 'conditional_dataset_and_time_based_timetable', 'dataset_consumes_unknown_never_scheduled', 'dataset_consumes_1_and_2', 'consume_1_or_both_2_and_3_with_dataset_expressions', 'dataset_produces_1' retrieved from /home/vscode/.local/lib/python3.10/site-packages/airflow/example_dags/example_datasets.py
[2025-01-19T03:22:16.180+0000] {logging_mixin.py:190} INFO - [2025-01-19T03:22:16.180+0000] {dag.py:3239} INFO - Sync 10 DAGs
[2025-01-19T03:22:16.198+0000] {logging_mixin.py:190} INFO - [2025-01-19T03:22:16.198+0000] {dag.py:4180} INFO - Setting next_dagrun for conditional_dataset_and_time_based_timetable to 2025-01-15 01:00:00+00:00, run_after=2025-01-15 01:00:00+00:00
[2025-01-19T03:22:16.200+0000] {logging_mixin.py:190} INFO - [2025-01-19T03:22:16.200+0000] {dag.py:4180} INFO - Setting next_dagrun for consume_1_and_2_with_dataset_expressions to None, run_after=None
[2025-01-19T03:22:16.201+0000] {logging_mixin.py:190} INFO - [2025-01-19T03:22:16.201+0000] {dag.py:4180} INFO - Setting next_dagrun for consume_1_or_2_with_dataset_expressions to None, run_after=None
[2025-01-19T03:22:16.202+0000] {logging_mixin.py:190} INFO - [2025-01-19T03:22:16.202+0000] {dag.py:4180} INFO - Setting next_dagrun for consume_1_or_both_2_and_3_with_dataset_expressions to None, run_after=None
[2025-01-19T03:22:16.202+0000] {logging_mixin.py:190} INFO - [2025-01-19T03:22:16.202+0000] {dag.py:4180} INFO - Setting next_dagrun for dataset_consumes_1 to None, run_after=None
[2025-01-19T03:22:16.203+0000] {logging_mixin.py:190} INFO - [2025-01-19T03:22:16.203+0000] {dag.py:4180} INFO - Setting next_dagrun for dataset_consumes_1_and_2 to None, run_after=None
[2025-01-19T03:22:16.204+0000] {logging_mixin.py:190} INFO - [2025-01-19T03:22:16.204+0000] {dag.py:4180} INFO - Setting next_dagrun for dataset_consumes_1_never_scheduled to None, run_after=None
[2025-01-19T03:22:16.205+0000] {logging_mixin.py:190} INFO - [2025-01-19T03:22:16.205+0000] {dag.py:4180} INFO - Setting next_dagrun for dataset_consumes_unknown_never_scheduled to None, run_after=None
[2025-01-19T03:22:16.206+0000] {logging_mixin.py:190} INFO - [2025-01-19T03:22:16.206+0000] {dag.py:4180} INFO - Setting next_dagrun for dataset_produces_1 to 2025-01-18 00:00:00+00:00, run_after=2025-01-19 00:00:00+00:00
[2025-01-19T03:22:16.207+0000] {logging_mixin.py:190} INFO - [2025-01-19T03:22:16.207+0000] {dag.py:4180} INFO - Setting next_dagrun for dataset_produces_2 to None, run_after=None
[2025-01-19T03:22:16.232+0000] {processor.py:208} INFO - Processing /home/vscode/.local/lib/python3.10/site-packages/airflow/example_dags/example_datasets.py took 0.098 seconds
[2025-01-19T03:23:08.892+0000] {processor.py:186} INFO - Started process (PID=6192) to work on /home/vscode/.local/lib/python3.10/site-packages/airflow/example_dags/example_datasets.py
[2025-01-19T03:23:08.893+0000] {processor.py:914} INFO - Processing file /home/vscode/.local/lib/python3.10/site-packages/airflow/example_dags/example_datasets.py for tasks to queue
[2025-01-19T03:23:08.894+0000] {logging_mixin.py:190} INFO - [2025-01-19T03:23:08.894+0000] {dagbag.py:588} INFO - Filling up the DagBag from /home/vscode/.local/lib/python3.10/site-packages/airflow/example_dags/example_datasets.py
[2025-01-19T03:23:08.906+0000] {processor.py:925} INFO - DAG(s) 'dataset_consumes_1', 'dataset_consumes_1_and_2', 'consume_1_or_both_2_and_3_with_dataset_expressions', 'conditional_dataset_and_time_based_timetable', 'dataset_consumes_unknown_never_scheduled', 'dataset_consumes_1_never_scheduled', 'dataset_produces_2', 'consume_1_or_2_with_dataset_expressions', 'dataset_produces_1', 'consume_1_and_2_with_dataset_expressions' retrieved from /home/vscode/.local/lib/python3.10/site-packages/airflow/example_dags/example_datasets.py
[2025-01-19T03:23:08.933+0000] {logging_mixin.py:190} INFO - [2025-01-19T03:23:08.933+0000] {dag.py:3239} INFO - Sync 10 DAGs
[2025-01-19T03:23:08.950+0000] {logging_mixin.py:190} INFO - [2025-01-19T03:23:08.950+0000] {dag.py:4180} INFO - Setting next_dagrun for conditional_dataset_and_time_based_timetable to 2025-01-15 01:00:00+00:00, run_after=2025-01-15 01:00:00+00:00
[2025-01-19T03:23:08.953+0000] {logging_mixin.py:190} INFO - [2025-01-19T03:23:08.952+0000] {dag.py:4180} INFO - Setting next_dagrun for consume_1_and_2_with_dataset_expressions to None, run_after=None
[2025-01-19T03:23:08.953+0000] {logging_mixin.py:190} INFO - [2025-01-19T03:23:08.953+0000] {dag.py:4180} INFO - Setting next_dagrun for consume_1_or_2_with_dataset_expressions to None, run_after=None
[2025-01-19T03:23:08.954+0000] {logging_mixin.py:190} INFO - [2025-01-19T03:23:08.954+0000] {dag.py:4180} INFO - Setting next_dagrun for consume_1_or_both_2_and_3_with_dataset_expressions to None, run_after=None
[2025-01-19T03:23:08.955+0000] {logging_mixin.py:190} INFO - [2025-01-19T03:23:08.955+0000] {dag.py:4180} INFO - Setting next_dagrun for dataset_consumes_1 to None, run_after=None
[2025-01-19T03:23:08.956+0000] {logging_mixin.py:190} INFO - [2025-01-19T03:23:08.956+0000] {dag.py:4180} INFO - Setting next_dagrun for dataset_consumes_1_and_2 to None, run_after=None
[2025-01-19T03:23:08.956+0000] {logging_mixin.py:190} INFO - [2025-01-19T03:23:08.956+0000] {dag.py:4180} INFO - Setting next_dagrun for dataset_consumes_1_never_scheduled to None, run_after=None
[2025-01-19T03:23:08.957+0000] {logging_mixin.py:190} INFO - [2025-01-19T03:23:08.957+0000] {dag.py:4180} INFO - Setting next_dagrun for dataset_consumes_unknown_never_scheduled to None, run_after=None
[2025-01-19T03:23:08.959+0000] {logging_mixin.py:190} INFO - [2025-01-19T03:23:08.959+0000] {dag.py:4180} INFO - Setting next_dagrun for dataset_produces_1 to 2025-01-18 00:00:00+00:00, run_after=2025-01-19 00:00:00+00:00
[2025-01-19T03:23:08.960+0000] {logging_mixin.py:190} INFO - [2025-01-19T03:23:08.960+0000] {dag.py:4180} INFO - Setting next_dagrun for dataset_produces_2 to None, run_after=None
[2025-01-19T03:23:08.985+0000] {processor.py:208} INFO - Processing /home/vscode/.local/lib/python3.10/site-packages/airflow/example_dags/example_datasets.py took 0.098 seconds
[2025-01-19T03:24:04.995+0000] {processor.py:186} INFO - Started process (PID=6643) to work on /home/vscode/.local/lib/python3.10/site-packages/airflow/example_dags/example_datasets.py
[2025-01-19T03:24:04.996+0000] {processor.py:914} INFO - Processing file /home/vscode/.local/lib/python3.10/site-packages/airflow/example_dags/example_datasets.py for tasks to queue
[2025-01-19T03:24:04.998+0000] {logging_mixin.py:190} INFO - [2025-01-19T03:24:04.998+0000] {dagbag.py:588} INFO - Filling up the DagBag from /home/vscode/.local/lib/python3.10/site-packages/airflow/example_dags/example_datasets.py
[2025-01-19T03:24:05.010+0000] {processor.py:925} INFO - DAG(s) 'consume_1_and_2_with_dataset_expressions', 'consume_1_or_both_2_and_3_with_dataset_expressions', 'conditional_dataset_and_time_based_timetable', 'dataset_produces_1', 'dataset_consumes_unknown_never_scheduled', 'dataset_consumes_1_never_scheduled', 'dataset_consumes_1_and_2', 'dataset_produces_2', 'consume_1_or_2_with_dataset_expressions', 'dataset_consumes_1' retrieved from /home/vscode/.local/lib/python3.10/site-packages/airflow/example_dags/example_datasets.py
[2025-01-19T03:24:05.038+0000] {logging_mixin.py:190} INFO - [2025-01-19T03:24:05.038+0000] {dag.py:3239} INFO - Sync 10 DAGs
[2025-01-19T03:24:05.056+0000] {logging_mixin.py:190} INFO - [2025-01-19T03:24:05.056+0000] {dag.py:4180} INFO - Setting next_dagrun for conditional_dataset_and_time_based_timetable to 2025-01-15 01:00:00+00:00, run_after=2025-01-15 01:00:00+00:00
[2025-01-19T03:24:05.059+0000] {logging_mixin.py:190} INFO - [2025-01-19T03:24:05.058+0000] {dag.py:4180} INFO - Setting next_dagrun for consume_1_and_2_with_dataset_expressions to None, run_after=None
[2025-01-19T03:24:05.059+0000] {logging_mixin.py:190} INFO - [2025-01-19T03:24:05.059+0000] {dag.py:4180} INFO - Setting next_dagrun for consume_1_or_2_with_dataset_expressions to None, run_after=None
[2025-01-19T03:24:05.060+0000] {logging_mixin.py:190} INFO - [2025-01-19T03:24:05.060+0000] {dag.py:4180} INFO - Setting next_dagrun for consume_1_or_both_2_and_3_with_dataset_expressions to None, run_after=None
[2025-01-19T03:24:05.061+0000] {logging_mixin.py:190} INFO - [2025-01-19T03:24:05.061+0000] {dag.py:4180} INFO - Setting next_dagrun for dataset_consumes_1 to None, run_after=None
[2025-01-19T03:24:05.062+0000] {logging_mixin.py:190} INFO - [2025-01-19T03:24:05.061+0000] {dag.py:4180} INFO - Setting next_dagrun for dataset_consumes_1_and_2 to None, run_after=None
[2025-01-19T03:24:05.062+0000] {logging_mixin.py:190} INFO - [2025-01-19T03:24:05.062+0000] {dag.py:4180} INFO - Setting next_dagrun for dataset_consumes_1_never_scheduled to None, run_after=None
[2025-01-19T03:24:05.063+0000] {logging_mixin.py:190} INFO - [2025-01-19T03:24:05.063+0000] {dag.py:4180} INFO - Setting next_dagrun for dataset_consumes_unknown_never_scheduled to None, run_after=None
[2025-01-19T03:24:05.065+0000] {logging_mixin.py:190} INFO - [2025-01-19T03:24:05.065+0000] {dag.py:4180} INFO - Setting next_dagrun for dataset_produces_1 to 2025-01-18 00:00:00+00:00, run_after=2025-01-19 00:00:00+00:00
[2025-01-19T03:24:05.066+0000] {logging_mixin.py:190} INFO - [2025-01-19T03:24:05.066+0000] {dag.py:4180} INFO - Setting next_dagrun for dataset_produces_2 to None, run_after=None
[2025-01-19T03:24:05.090+0000] {processor.py:208} INFO - Processing /home/vscode/.local/lib/python3.10/site-packages/airflow/example_dags/example_datasets.py took 0.099 seconds
[2025-01-19T03:24:56.867+0000] {processor.py:186} INFO - Started process (PID=7040) to work on /home/vscode/.local/lib/python3.10/site-packages/airflow/example_dags/example_datasets.py
[2025-01-19T03:24:56.868+0000] {processor.py:914} INFO - Processing file /home/vscode/.local/lib/python3.10/site-packages/airflow/example_dags/example_datasets.py for tasks to queue
[2025-01-19T03:24:56.869+0000] {logging_mixin.py:190} INFO - [2025-01-19T03:24:56.869+0000] {dagbag.py:588} INFO - Filling up the DagBag from /home/vscode/.local/lib/python3.10/site-packages/airflow/example_dags/example_datasets.py
[2025-01-19T03:24:56.881+0000] {processor.py:925} INFO - DAG(s) 'conditional_dataset_and_time_based_timetable', 'dataset_produces_1', 'dataset_consumes_1_never_scheduled', 'dataset_consumes_unknown_never_scheduled', 'consume_1_and_2_with_dataset_expressions', 'dataset_consumes_1_and_2', 'dataset_produces_2', 'dataset_consumes_1', 'consume_1_or_both_2_and_3_with_dataset_expressions', 'consume_1_or_2_with_dataset_expressions' retrieved from /home/vscode/.local/lib/python3.10/site-packages/airflow/example_dags/example_datasets.py
[2025-01-19T03:24:56.907+0000] {logging_mixin.py:190} INFO - [2025-01-19T03:24:56.907+0000] {dag.py:3239} INFO - Sync 10 DAGs
[2025-01-19T03:24:56.925+0000] {logging_mixin.py:190} INFO - [2025-01-19T03:24:56.925+0000] {dag.py:4180} INFO - Setting next_dagrun for conditional_dataset_and_time_based_timetable to 2025-01-15 01:00:00+00:00, run_after=2025-01-15 01:00:00+00:00
[2025-01-19T03:24:56.927+0000] {logging_mixin.py:190} INFO - [2025-01-19T03:24:56.927+0000] {dag.py:4180} INFO - Setting next_dagrun for consume_1_and_2_with_dataset_expressions to None, run_after=None
[2025-01-19T03:24:56.928+0000] {logging_mixin.py:190} INFO - [2025-01-19T03:24:56.928+0000] {dag.py:4180} INFO - Setting next_dagrun for consume_1_or_2_with_dataset_expressions to None, run_after=None
[2025-01-19T03:24:56.929+0000] {logging_mixin.py:190} INFO - [2025-01-19T03:24:56.929+0000] {dag.py:4180} INFO - Setting next_dagrun for consume_1_or_both_2_and_3_with_dataset_expressions to None, run_after=None
[2025-01-19T03:24:56.929+0000] {logging_mixin.py:190} INFO - [2025-01-19T03:24:56.929+0000] {dag.py:4180} INFO - Setting next_dagrun for dataset_consumes_1 to None, run_after=None
[2025-01-19T03:24:56.930+0000] {logging_mixin.py:190} INFO - [2025-01-19T03:24:56.930+0000] {dag.py:4180} INFO - Setting next_dagrun for dataset_consumes_1_and_2 to None, run_after=None
[2025-01-19T03:24:56.931+0000] {logging_mixin.py:190} INFO - [2025-01-19T03:24:56.931+0000] {dag.py:4180} INFO - Setting next_dagrun for dataset_consumes_1_never_scheduled to None, run_after=None
[2025-01-19T03:24:56.932+0000] {logging_mixin.py:190} INFO - [2025-01-19T03:24:56.932+0000] {dag.py:4180} INFO - Setting next_dagrun for dataset_consumes_unknown_never_scheduled to None, run_after=None
[2025-01-19T03:24:56.933+0000] {logging_mixin.py:190} INFO - [2025-01-19T03:24:56.933+0000] {dag.py:4180} INFO - Setting next_dagrun for dataset_produces_1 to 2025-01-18 00:00:00+00:00, run_after=2025-01-19 00:00:00+00:00
[2025-01-19T03:24:56.934+0000] {logging_mixin.py:190} INFO - [2025-01-19T03:24:56.934+0000] {dag.py:4180} INFO - Setting next_dagrun for dataset_produces_2 to None, run_after=None
[2025-01-19T03:24:56.958+0000] {processor.py:208} INFO - Processing /home/vscode/.local/lib/python3.10/site-packages/airflow/example_dags/example_datasets.py took 0.095 seconds
[2025-01-19T03:25:45.442+0000] {processor.py:186} INFO - Started process (PID=7446) to work on /home/vscode/.local/lib/python3.10/site-packages/airflow/example_dags/example_datasets.py
[2025-01-19T03:25:45.443+0000] {processor.py:914} INFO - Processing file /home/vscode/.local/lib/python3.10/site-packages/airflow/example_dags/example_datasets.py for tasks to queue
[2025-01-19T03:25:45.445+0000] {logging_mixin.py:190} INFO - [2025-01-19T03:25:45.444+0000] {dagbag.py:588} INFO - Filling up the DagBag from /home/vscode/.local/lib/python3.10/site-packages/airflow/example_dags/example_datasets.py
[2025-01-19T03:25:45.457+0000] {processor.py:925} INFO - DAG(s) 'consume_1_or_2_with_dataset_expressions', 'dataset_consumes_1_never_scheduled', 'dataset_consumes_1', 'dataset_consumes_1_and_2', 'dataset_produces_1', 'conditional_dataset_and_time_based_timetable', 'consume_1_and_2_with_dataset_expressions', 'consume_1_or_both_2_and_3_with_dataset_expressions', 'dataset_produces_2', 'dataset_consumes_unknown_never_scheduled' retrieved from /home/vscode/.local/lib/python3.10/site-packages/airflow/example_dags/example_datasets.py
[2025-01-19T03:25:45.483+0000] {logging_mixin.py:190} INFO - [2025-01-19T03:25:45.483+0000] {dag.py:3239} INFO - Sync 10 DAGs
[2025-01-19T03:25:45.501+0000] {logging_mixin.py:190} INFO - [2025-01-19T03:25:45.501+0000] {dag.py:4180} INFO - Setting next_dagrun for conditional_dataset_and_time_based_timetable to 2025-01-15 01:00:00+00:00, run_after=2025-01-15 01:00:00+00:00
[2025-01-19T03:25:45.503+0000] {logging_mixin.py:190} INFO - [2025-01-19T03:25:45.503+0000] {dag.py:4180} INFO - Setting next_dagrun for consume_1_and_2_with_dataset_expressions to None, run_after=None
[2025-01-19T03:25:45.504+0000] {logging_mixin.py:190} INFO - [2025-01-19T03:25:45.504+0000] {dag.py:4180} INFO - Setting next_dagrun for consume_1_or_2_with_dataset_expressions to None, run_after=None
[2025-01-19T03:25:45.505+0000] {logging_mixin.py:190} INFO - [2025-01-19T03:25:45.505+0000] {dag.py:4180} INFO - Setting next_dagrun for consume_1_or_both_2_and_3_with_dataset_expressions to None, run_after=None
[2025-01-19T03:25:45.506+0000] {logging_mixin.py:190} INFO - [2025-01-19T03:25:45.506+0000] {dag.py:4180} INFO - Setting next_dagrun for dataset_consumes_1 to None, run_after=None
[2025-01-19T03:25:45.506+0000] {logging_mixin.py:190} INFO - [2025-01-19T03:25:45.506+0000] {dag.py:4180} INFO - Setting next_dagrun for dataset_consumes_1_and_2 to None, run_after=None
[2025-01-19T03:25:45.507+0000] {logging_mixin.py:190} INFO - [2025-01-19T03:25:45.507+0000] {dag.py:4180} INFO - Setting next_dagrun for dataset_consumes_1_never_scheduled to None, run_after=None
[2025-01-19T03:25:45.508+0000] {logging_mixin.py:190} INFO - [2025-01-19T03:25:45.508+0000] {dag.py:4180} INFO - Setting next_dagrun for dataset_consumes_unknown_never_scheduled to None, run_after=None
[2025-01-19T03:25:45.510+0000] {logging_mixin.py:190} INFO - [2025-01-19T03:25:45.510+0000] {dag.py:4180} INFO - Setting next_dagrun for dataset_produces_1 to 2025-01-18 00:00:00+00:00, run_after=2025-01-19 00:00:00+00:00
[2025-01-19T03:25:45.511+0000] {logging_mixin.py:190} INFO - [2025-01-19T03:25:45.510+0000] {dag.py:4180} INFO - Setting next_dagrun for dataset_produces_2 to None, run_after=None
[2025-01-19T03:25:45.534+0000] {processor.py:208} INFO - Processing /home/vscode/.local/lib/python3.10/site-packages/airflow/example_dags/example_datasets.py took 0.096 seconds
[2025-01-19T03:26:38.389+0000] {processor.py:186} INFO - Started process (PID=7843) to work on /home/vscode/.local/lib/python3.10/site-packages/airflow/example_dags/example_datasets.py
[2025-01-19T03:26:38.390+0000] {processor.py:914} INFO - Processing file /home/vscode/.local/lib/python3.10/site-packages/airflow/example_dags/example_datasets.py for tasks to queue
[2025-01-19T03:26:38.392+0000] {logging_mixin.py:190} INFO - [2025-01-19T03:26:38.391+0000] {dagbag.py:588} INFO - Filling up the DagBag from /home/vscode/.local/lib/python3.10/site-packages/airflow/example_dags/example_datasets.py
[2025-01-19T03:26:38.403+0000] {processor.py:925} INFO - DAG(s) 'conditional_dataset_and_time_based_timetable', 'consume_1_or_2_with_dataset_expressions', 'dataset_produces_2', 'dataset_produces_1', 'dataset_consumes_1', 'dataset_consumes_unknown_never_scheduled', 'dataset_consumes_1_never_scheduled', 'consume_1_and_2_with_dataset_expressions', 'dataset_consumes_1_and_2', 'consume_1_or_both_2_and_3_with_dataset_expressions' retrieved from /home/vscode/.local/lib/python3.10/site-packages/airflow/example_dags/example_datasets.py
[2025-01-19T03:26:38.430+0000] {logging_mixin.py:190} INFO - [2025-01-19T03:26:38.429+0000] {dag.py:3239} INFO - Sync 10 DAGs
[2025-01-19T03:26:38.447+0000] {logging_mixin.py:190} INFO - [2025-01-19T03:26:38.447+0000] {dag.py:4180} INFO - Setting next_dagrun for conditional_dataset_and_time_based_timetable to 2025-01-15 01:00:00+00:00, run_after=2025-01-15 01:00:00+00:00
[2025-01-19T03:26:38.449+0000] {logging_mixin.py:190} INFO - [2025-01-19T03:26:38.449+0000] {dag.py:4180} INFO - Setting next_dagrun for consume_1_and_2_with_dataset_expressions to None, run_after=None
[2025-01-19T03:26:38.450+0000] {logging_mixin.py:190} INFO - [2025-01-19T03:26:38.450+0000] {dag.py:4180} INFO - Setting next_dagrun for consume_1_or_2_with_dataset_expressions to None, run_after=None
[2025-01-19T03:26:38.451+0000] {logging_mixin.py:190} INFO - [2025-01-19T03:26:38.450+0000] {dag.py:4180} INFO - Setting next_dagrun for consume_1_or_both_2_and_3_with_dataset_expressions to None, run_after=None
[2025-01-19T03:26:38.451+0000] {logging_mixin.py:190} INFO - [2025-01-19T03:26:38.451+0000] {dag.py:4180} INFO - Setting next_dagrun for dataset_consumes_1 to None, run_after=None
[2025-01-19T03:26:38.452+0000] {logging_mixin.py:190} INFO - [2025-01-19T03:26:38.452+0000] {dag.py:4180} INFO - Setting next_dagrun for dataset_consumes_1_and_2 to None, run_after=None
[2025-01-19T03:26:38.453+0000] {logging_mixin.py:190} INFO - [2025-01-19T03:26:38.453+0000] {dag.py:4180} INFO - Setting next_dagrun for dataset_consumes_1_never_scheduled to None, run_after=None
[2025-01-19T03:26:38.453+0000] {logging_mixin.py:190} INFO - [2025-01-19T03:26:38.453+0000] {dag.py:4180} INFO - Setting next_dagrun for dataset_consumes_unknown_never_scheduled to None, run_after=None
[2025-01-19T03:26:38.455+0000] {logging_mixin.py:190} INFO - [2025-01-19T03:26:38.455+0000] {dag.py:4180} INFO - Setting next_dagrun for dataset_produces_1 to 2025-01-18 00:00:00+00:00, run_after=2025-01-19 00:00:00+00:00
[2025-01-19T03:26:38.456+0000] {logging_mixin.py:190} INFO - [2025-01-19T03:26:38.456+0000] {dag.py:4180} INFO - Setting next_dagrun for dataset_produces_2 to None, run_after=None
[2025-01-19T03:26:38.479+0000] {processor.py:208} INFO - Processing /home/vscode/.local/lib/python3.10/site-packages/airflow/example_dags/example_datasets.py took 0.094 seconds
[2025-01-19T03:27:32.380+0000] {processor.py:186} INFO - Started process (PID=8239) to work on /home/vscode/.local/lib/python3.10/site-packages/airflow/example_dags/example_datasets.py
[2025-01-19T03:27:32.380+0000] {processor.py:914} INFO - Processing file /home/vscode/.local/lib/python3.10/site-packages/airflow/example_dags/example_datasets.py for tasks to queue
[2025-01-19T03:27:32.382+0000] {logging_mixin.py:190} INFO - [2025-01-19T03:27:32.382+0000] {dagbag.py:588} INFO - Filling up the DagBag from /home/vscode/.local/lib/python3.10/site-packages/airflow/example_dags/example_datasets.py
[2025-01-19T03:27:32.394+0000] {processor.py:925} INFO - DAG(s) 'consume_1_or_2_with_dataset_expressions', 'dataset_consumes_1', 'conditional_dataset_and_time_based_timetable', 'consume_1_and_2_with_dataset_expressions', 'dataset_produces_2', 'dataset_consumes_1_and_2', 'consume_1_or_both_2_and_3_with_dataset_expressions', 'dataset_consumes_unknown_never_scheduled', 'dataset_consumes_1_never_scheduled', 'dataset_produces_1' retrieved from /home/vscode/.local/lib/python3.10/site-packages/airflow/example_dags/example_datasets.py
[2025-01-19T03:27:32.421+0000] {logging_mixin.py:190} INFO - [2025-01-19T03:27:32.421+0000] {dag.py:3239} INFO - Sync 10 DAGs
[2025-01-19T03:27:32.439+0000] {logging_mixin.py:190} INFO - [2025-01-19T03:27:32.439+0000] {dag.py:4180} INFO - Setting next_dagrun for conditional_dataset_and_time_based_timetable to 2025-01-15 01:00:00+00:00, run_after=2025-01-15 01:00:00+00:00
[2025-01-19T03:27:32.441+0000] {logging_mixin.py:190} INFO - [2025-01-19T03:27:32.441+0000] {dag.py:4180} INFO - Setting next_dagrun for consume_1_and_2_with_dataset_expressions to None, run_after=None
[2025-01-19T03:27:32.442+0000] {logging_mixin.py:190} INFO - [2025-01-19T03:27:32.442+0000] {dag.py:4180} INFO - Setting next_dagrun for consume_1_or_2_with_dataset_expressions to None, run_after=None
[2025-01-19T03:27:32.443+0000] {logging_mixin.py:190} INFO - [2025-01-19T03:27:32.443+0000] {dag.py:4180} INFO - Setting next_dagrun for consume_1_or_both_2_and_3_with_dataset_expressions to None, run_after=None
[2025-01-19T03:27:32.443+0000] {logging_mixin.py:190} INFO - [2025-01-19T03:27:32.443+0000] {dag.py:4180} INFO - Setting next_dagrun for dataset_consumes_1 to None, run_after=None
[2025-01-19T03:27:32.444+0000] {logging_mixin.py:190} INFO - [2025-01-19T03:27:32.444+0000] {dag.py:4180} INFO - Setting next_dagrun for dataset_consumes_1_and_2 to None, run_after=None
[2025-01-19T03:27:32.445+0000] {logging_mixin.py:190} INFO - [2025-01-19T03:27:32.445+0000] {dag.py:4180} INFO - Setting next_dagrun for dataset_consumes_1_never_scheduled to None, run_after=None
[2025-01-19T03:27:32.446+0000] {logging_mixin.py:190} INFO - [2025-01-19T03:27:32.445+0000] {dag.py:4180} INFO - Setting next_dagrun for dataset_consumes_unknown_never_scheduled to None, run_after=None
[2025-01-19T03:27:32.447+0000] {logging_mixin.py:190} INFO - [2025-01-19T03:27:32.447+0000] {dag.py:4180} INFO - Setting next_dagrun for dataset_produces_1 to 2025-01-18 00:00:00+00:00, run_after=2025-01-19 00:00:00+00:00
[2025-01-19T03:27:32.448+0000] {logging_mixin.py:190} INFO - [2025-01-19T03:27:32.448+0000] {dag.py:4180} INFO - Setting next_dagrun for dataset_produces_2 to None, run_after=None
[2025-01-19T03:27:32.470+0000] {processor.py:208} INFO - Processing /home/vscode/.local/lib/python3.10/site-packages/airflow/example_dags/example_datasets.py took 0.095 seconds
[2025-01-19T03:28:26.657+0000] {processor.py:186} INFO - Started process (PID=8756) to work on /home/vscode/.local/lib/python3.10/site-packages/airflow/example_dags/example_datasets.py
[2025-01-19T03:28:26.658+0000] {processor.py:914} INFO - Processing file /home/vscode/.local/lib/python3.10/site-packages/airflow/example_dags/example_datasets.py for tasks to queue
[2025-01-19T03:28:26.659+0000] {logging_mixin.py:190} INFO - [2025-01-19T03:28:26.659+0000] {dagbag.py:588} INFO - Filling up the DagBag from /home/vscode/.local/lib/python3.10/site-packages/airflow/example_dags/example_datasets.py
[2025-01-19T03:28:26.671+0000] {processor.py:925} INFO - DAG(s) 'dataset_produces_1', 'dataset_produces_2', 'dataset_consumes_1_and_2', 'consume_1_or_2_with_dataset_expressions', 'dataset_consumes_1_never_scheduled', 'dataset_consumes_unknown_never_scheduled', 'consume_1_and_2_with_dataset_expressions', 'conditional_dataset_and_time_based_timetable', 'consume_1_or_both_2_and_3_with_dataset_expressions', 'dataset_consumes_1' retrieved from /home/vscode/.local/lib/python3.10/site-packages/airflow/example_dags/example_datasets.py
[2025-01-19T03:28:26.697+0000] {logging_mixin.py:190} INFO - [2025-01-19T03:28:26.697+0000] {dag.py:3239} INFO - Sync 10 DAGs
[2025-01-19T03:28:26.715+0000] {logging_mixin.py:190} INFO - [2025-01-19T03:28:26.715+0000] {dag.py:4180} INFO - Setting next_dagrun for conditional_dataset_and_time_based_timetable to 2025-01-15 01:00:00+00:00, run_after=2025-01-15 01:00:00+00:00
[2025-01-19T03:28:26.718+0000] {logging_mixin.py:190} INFO - [2025-01-19T03:28:26.717+0000] {dag.py:4180} INFO - Setting next_dagrun for consume_1_and_2_with_dataset_expressions to None, run_after=None
[2025-01-19T03:28:26.718+0000] {logging_mixin.py:190} INFO - [2025-01-19T03:28:26.718+0000] {dag.py:4180} INFO - Setting next_dagrun for consume_1_or_2_with_dataset_expressions to None, run_after=None
[2025-01-19T03:28:26.719+0000] {logging_mixin.py:190} INFO - [2025-01-19T03:28:26.719+0000] {dag.py:4180} INFO - Setting next_dagrun for consume_1_or_both_2_and_3_with_dataset_expressions to None, run_after=None
[2025-01-19T03:28:26.720+0000] {logging_mixin.py:190} INFO - [2025-01-19T03:28:26.720+0000] {dag.py:4180} INFO - Setting next_dagrun for dataset_consumes_1 to None, run_after=None
[2025-01-19T03:28:26.721+0000] {logging_mixin.py:190} INFO - [2025-01-19T03:28:26.720+0000] {dag.py:4180} INFO - Setting next_dagrun for dataset_consumes_1_and_2 to None, run_after=None
[2025-01-19T03:28:26.721+0000] {logging_mixin.py:190} INFO - [2025-01-19T03:28:26.721+0000] {dag.py:4180} INFO - Setting next_dagrun for dataset_consumes_1_never_scheduled to None, run_after=None
[2025-01-19T03:28:26.722+0000] {logging_mixin.py:190} INFO - [2025-01-19T03:28:26.722+0000] {dag.py:4180} INFO - Setting next_dagrun for dataset_consumes_unknown_never_scheduled to None, run_after=None
[2025-01-19T03:28:26.724+0000] {logging_mixin.py:190} INFO - [2025-01-19T03:28:26.724+0000] {dag.py:4180} INFO - Setting next_dagrun for dataset_produces_1 to 2025-01-18 00:00:00+00:00, run_after=2025-01-19 00:00:00+00:00
[2025-01-19T03:28:26.724+0000] {logging_mixin.py:190} INFO - [2025-01-19T03:28:26.724+0000] {dag.py:4180} INFO - Setting next_dagrun for dataset_produces_2 to None, run_after=None
[2025-01-19T03:28:26.748+0000] {processor.py:208} INFO - Processing /home/vscode/.local/lib/python3.10/site-packages/airflow/example_dags/example_datasets.py took 0.097 seconds
[2025-01-19T03:29:19.348+0000] {processor.py:186} INFO - Started process (PID=9148) to work on /home/vscode/.local/lib/python3.10/site-packages/airflow/example_dags/example_datasets.py
[2025-01-19T03:29:19.351+0000] {processor.py:914} INFO - Processing file /home/vscode/.local/lib/python3.10/site-packages/airflow/example_dags/example_datasets.py for tasks to queue
[2025-01-19T03:29:19.353+0000] {logging_mixin.py:190} INFO - [2025-01-19T03:29:19.353+0000] {dagbag.py:588} INFO - Filling up the DagBag from /home/vscode/.local/lib/python3.10/site-packages/airflow/example_dags/example_datasets.py
[2025-01-19T03:29:19.371+0000] {processor.py:925} INFO - DAG(s) 'dataset_consumes_unknown_never_scheduled', 'dataset_consumes_1', 'conditional_dataset_and_time_based_timetable', 'consume_1_or_both_2_and_3_with_dataset_expressions', 'consume_1_and_2_with_dataset_expressions', 'dataset_consumes_1_never_scheduled', 'dataset_produces_2', 'dataset_consumes_1_and_2', 'dataset_produces_1', 'consume_1_or_2_with_dataset_expressions' retrieved from /home/vscode/.local/lib/python3.10/site-packages/airflow/example_dags/example_datasets.py
[2025-01-19T03:29:19.400+0000] {logging_mixin.py:190} INFO - [2025-01-19T03:29:19.400+0000] {dag.py:3239} INFO - Sync 10 DAGs
[2025-01-19T03:29:19.417+0000] {logging_mixin.py:190} INFO - [2025-01-19T03:29:19.417+0000] {dag.py:4180} INFO - Setting next_dagrun for conditional_dataset_and_time_based_timetable to 2025-01-15 01:00:00+00:00, run_after=2025-01-15 01:00:00+00:00
[2025-01-19T03:29:19.420+0000] {logging_mixin.py:190} INFO - [2025-01-19T03:29:19.420+0000] {dag.py:4180} INFO - Setting next_dagrun for consume_1_and_2_with_dataset_expressions to None, run_after=None
[2025-01-19T03:29:19.420+0000] {logging_mixin.py:190} INFO - [2025-01-19T03:29:19.420+0000] {dag.py:4180} INFO - Setting next_dagrun for consume_1_or_2_with_dataset_expressions to None, run_after=None
[2025-01-19T03:29:19.421+0000] {logging_mixin.py:190} INFO - [2025-01-19T03:29:19.421+0000] {dag.py:4180} INFO - Setting next_dagrun for consume_1_or_both_2_and_3_with_dataset_expressions to None, run_after=None
[2025-01-19T03:29:19.422+0000] {logging_mixin.py:190} INFO - [2025-01-19T03:29:19.422+0000] {dag.py:4180} INFO - Setting next_dagrun for dataset_consumes_1 to None, run_after=None
[2025-01-19T03:29:19.423+0000] {logging_mixin.py:190} INFO - [2025-01-19T03:29:19.423+0000] {dag.py:4180} INFO - Setting next_dagrun for dataset_consumes_1_and_2 to None, run_after=None
[2025-01-19T03:29:19.423+0000] {logging_mixin.py:190} INFO - [2025-01-19T03:29:19.423+0000] {dag.py:4180} INFO - Setting next_dagrun for dataset_consumes_1_never_scheduled to None, run_after=None
[2025-01-19T03:29:19.424+0000] {logging_mixin.py:190} INFO - [2025-01-19T03:29:19.424+0000] {dag.py:4180} INFO - Setting next_dagrun for dataset_consumes_unknown_never_scheduled to None, run_after=None
[2025-01-19T03:29:19.426+0000] {logging_mixin.py:190} INFO - [2025-01-19T03:29:19.426+0000] {dag.py:4180} INFO - Setting next_dagrun for dataset_produces_1 to 2025-01-18 00:00:00+00:00, run_after=2025-01-19 00:00:00+00:00
[2025-01-19T03:29:19.427+0000] {logging_mixin.py:190} INFO - [2025-01-19T03:29:19.427+0000] {dag.py:4180} INFO - Setting next_dagrun for dataset_produces_2 to None, run_after=None
[2025-01-19T03:29:19.451+0000] {processor.py:208} INFO - Processing /home/vscode/.local/lib/python3.10/site-packages/airflow/example_dags/example_datasets.py took 0.110 seconds
[2025-01-19T03:30:09.217+0000] {processor.py:186} INFO - Started process (PID=9487) to work on /home/vscode/.local/lib/python3.10/site-packages/airflow/example_dags/example_datasets.py
[2025-01-19T03:30:09.218+0000] {processor.py:914} INFO - Processing file /home/vscode/.local/lib/python3.10/site-packages/airflow/example_dags/example_datasets.py for tasks to queue
[2025-01-19T03:30:09.220+0000] {logging_mixin.py:190} INFO - [2025-01-19T03:30:09.219+0000] {dagbag.py:588} INFO - Filling up the DagBag from /home/vscode/.local/lib/python3.10/site-packages/airflow/example_dags/example_datasets.py
[2025-01-19T03:30:09.232+0000] {processor.py:925} INFO - DAG(s) 'dataset_consumes_1_and_2', 'consume_1_or_both_2_and_3_with_dataset_expressions', 'dataset_produces_2', 'dataset_consumes_unknown_never_scheduled', 'dataset_consumes_1_never_scheduled', 'consume_1_and_2_with_dataset_expressions', 'consume_1_or_2_with_dataset_expressions', 'dataset_produces_1', 'conditional_dataset_and_time_based_timetable', 'dataset_consumes_1' retrieved from /home/vscode/.local/lib/python3.10/site-packages/airflow/example_dags/example_datasets.py
[2025-01-19T03:30:09.258+0000] {logging_mixin.py:190} INFO - [2025-01-19T03:30:09.258+0000] {dag.py:3239} INFO - Sync 10 DAGs
[2025-01-19T03:30:09.275+0000] {logging_mixin.py:190} INFO - [2025-01-19T03:30:09.275+0000] {dag.py:4180} INFO - Setting next_dagrun for conditional_dataset_and_time_based_timetable to 2025-01-15 01:00:00+00:00, run_after=2025-01-15 01:00:00+00:00
[2025-01-19T03:30:09.278+0000] {logging_mixin.py:190} INFO - [2025-01-19T03:30:09.278+0000] {dag.py:4180} INFO - Setting next_dagrun for consume_1_and_2_with_dataset_expressions to None, run_after=None
[2025-01-19T03:30:09.278+0000] {logging_mixin.py:190} INFO - [2025-01-19T03:30:09.278+0000] {dag.py:4180} INFO - Setting next_dagrun for consume_1_or_2_with_dataset_expressions to None, run_after=None
[2025-01-19T03:30:09.279+0000] {logging_mixin.py:190} INFO - [2025-01-19T03:30:09.279+0000] {dag.py:4180} INFO - Setting next_dagrun for consume_1_or_both_2_and_3_with_dataset_expressions to None, run_after=None
[2025-01-19T03:30:09.280+0000] {logging_mixin.py:190} INFO - [2025-01-19T03:30:09.280+0000] {dag.py:4180} INFO - Setting next_dagrun for dataset_consumes_1 to None, run_after=None
[2025-01-19T03:30:09.281+0000] {logging_mixin.py:190} INFO - [2025-01-19T03:30:09.280+0000] {dag.py:4180} INFO - Setting next_dagrun for dataset_consumes_1_and_2 to None, run_after=None
[2025-01-19T03:30:09.281+0000] {logging_mixin.py:190} INFO - [2025-01-19T03:30:09.281+0000] {dag.py:4180} INFO - Setting next_dagrun for dataset_consumes_1_never_scheduled to None, run_after=None
[2025-01-19T03:30:09.282+0000] {logging_mixin.py:190} INFO - [2025-01-19T03:30:09.282+0000] {dag.py:4180} INFO - Setting next_dagrun for dataset_consumes_unknown_never_scheduled to None, run_after=None
[2025-01-19T03:30:09.284+0000] {logging_mixin.py:190} INFO - [2025-01-19T03:30:09.284+0000] {dag.py:4180} INFO - Setting next_dagrun for dataset_produces_1 to 2025-01-18 00:00:00+00:00, run_after=2025-01-19 00:00:00+00:00
[2025-01-19T03:30:09.285+0000] {logging_mixin.py:190} INFO - [2025-01-19T03:30:09.284+0000] {dag.py:4180} INFO - Setting next_dagrun for dataset_produces_2 to None, run_after=None
[2025-01-19T03:30:09.307+0000] {processor.py:208} INFO - Processing /home/vscode/.local/lib/python3.10/site-packages/airflow/example_dags/example_datasets.py took 0.095 seconds
[2025-01-19T03:31:17.496+0000] {processor.py:186} INFO - Started process (PID=9951) to work on /home/vscode/.local/lib/python3.10/site-packages/airflow/example_dags/example_datasets.py
[2025-01-19T03:31:17.497+0000] {processor.py:914} INFO - Processing file /home/vscode/.local/lib/python3.10/site-packages/airflow/example_dags/example_datasets.py for tasks to queue
[2025-01-19T03:31:17.498+0000] {logging_mixin.py:190} INFO - [2025-01-19T03:31:17.498+0000] {dagbag.py:588} INFO - Filling up the DagBag from /home/vscode/.local/lib/python3.10/site-packages/airflow/example_dags/example_datasets.py
[2025-01-19T03:31:17.511+0000] {processor.py:925} INFO - DAG(s) 'dataset_produces_2', 'consume_1_and_2_with_dataset_expressions', 'dataset_consumes_1', 'dataset_consumes_unknown_never_scheduled', 'consume_1_or_2_with_dataset_expressions', 'consume_1_or_both_2_and_3_with_dataset_expressions', 'dataset_consumes_1_never_scheduled', 'dataset_produces_1', 'dataset_consumes_1_and_2', 'conditional_dataset_and_time_based_timetable' retrieved from /home/vscode/.local/lib/python3.10/site-packages/airflow/example_dags/example_datasets.py
[2025-01-19T03:31:17.537+0000] {logging_mixin.py:190} INFO - [2025-01-19T03:31:17.536+0000] {dag.py:3239} INFO - Sync 10 DAGs
[2025-01-19T03:31:17.554+0000] {logging_mixin.py:190} INFO - [2025-01-19T03:31:17.554+0000] {dag.py:4180} INFO - Setting next_dagrun for conditional_dataset_and_time_based_timetable to 2025-01-15 01:00:00+00:00, run_after=2025-01-15 01:00:00+00:00
[2025-01-19T03:31:17.556+0000] {logging_mixin.py:190} INFO - [2025-01-19T03:31:17.556+0000] {dag.py:4180} INFO - Setting next_dagrun for consume_1_and_2_with_dataset_expressions to None, run_after=None
[2025-01-19T03:31:17.557+0000] {logging_mixin.py:190} INFO - [2025-01-19T03:31:17.557+0000] {dag.py:4180} INFO - Setting next_dagrun for consume_1_or_2_with_dataset_expressions to None, run_after=None
[2025-01-19T03:31:17.558+0000] {logging_mixin.py:190} INFO - [2025-01-19T03:31:17.558+0000] {dag.py:4180} INFO - Setting next_dagrun for consume_1_or_both_2_and_3_with_dataset_expressions to None, run_after=None
[2025-01-19T03:31:17.559+0000] {logging_mixin.py:190} INFO - [2025-01-19T03:31:17.559+0000] {dag.py:4180} INFO - Setting next_dagrun for dataset_consumes_1 to None, run_after=None
[2025-01-19T03:31:17.560+0000] {logging_mixin.py:190} INFO - [2025-01-19T03:31:17.560+0000] {dag.py:4180} INFO - Setting next_dagrun for dataset_consumes_1_and_2 to None, run_after=None
[2025-01-19T03:31:17.561+0000] {logging_mixin.py:190} INFO - [2025-01-19T03:31:17.561+0000] {dag.py:4180} INFO - Setting next_dagrun for dataset_consumes_1_never_scheduled to None, run_after=None
[2025-01-19T03:31:17.562+0000] {logging_mixin.py:190} INFO - [2025-01-19T03:31:17.562+0000] {dag.py:4180} INFO - Setting next_dagrun for dataset_consumes_unknown_never_scheduled to None, run_after=None
[2025-01-19T03:31:17.564+0000] {logging_mixin.py:190} INFO - [2025-01-19T03:31:17.564+0000] {dag.py:4180} INFO - Setting next_dagrun for dataset_produces_1 to 2025-01-18 00:00:00+00:00, run_after=2025-01-19 00:00:00+00:00
[2025-01-19T03:31:17.565+0000] {logging_mixin.py:190} INFO - [2025-01-19T03:31:17.565+0000] {dag.py:4180} INFO - Setting next_dagrun for dataset_produces_2 to None, run_after=None
[2025-01-19T03:31:17.587+0000] {processor.py:208} INFO - Processing /home/vscode/.local/lib/python3.10/site-packages/airflow/example_dags/example_datasets.py took 0.096 seconds
[2025-01-19T03:32:08.900+0000] {processor.py:186} INFO - Started process (PID=10362) to work on /home/vscode/.local/lib/python3.10/site-packages/airflow/example_dags/example_datasets.py
[2025-01-19T03:32:08.901+0000] {processor.py:914} INFO - Processing file /home/vscode/.local/lib/python3.10/site-packages/airflow/example_dags/example_datasets.py for tasks to queue
[2025-01-19T03:32:08.902+0000] {logging_mixin.py:190} INFO - [2025-01-19T03:32:08.902+0000] {dagbag.py:588} INFO - Filling up the DagBag from /home/vscode/.local/lib/python3.10/site-packages/airflow/example_dags/example_datasets.py
[2025-01-19T03:32:08.915+0000] {processor.py:925} INFO - DAG(s) 'conditional_dataset_and_time_based_timetable', 'dataset_consumes_1_and_2', 'dataset_produces_1', 'consume_1_or_both_2_and_3_with_dataset_expressions', 'consume_1_and_2_with_dataset_expressions', 'dataset_consumes_unknown_never_scheduled', 'dataset_produces_2', 'dataset_consumes_1', 'consume_1_or_2_with_dataset_expressions', 'dataset_consumes_1_never_scheduled' retrieved from /home/vscode/.local/lib/python3.10/site-packages/airflow/example_dags/example_datasets.py
[2025-01-19T03:32:08.941+0000] {logging_mixin.py:190} INFO - [2025-01-19T03:32:08.941+0000] {dag.py:3239} INFO - Sync 10 DAGs
[2025-01-19T03:32:08.958+0000] {logging_mixin.py:190} INFO - [2025-01-19T03:32:08.958+0000] {dag.py:4180} INFO - Setting next_dagrun for conditional_dataset_and_time_based_timetable to 2025-01-15 01:00:00+00:00, run_after=2025-01-15 01:00:00+00:00
[2025-01-19T03:32:08.960+0000] {logging_mixin.py:190} INFO - [2025-01-19T03:32:08.960+0000] {dag.py:4180} INFO - Setting next_dagrun for consume_1_and_2_with_dataset_expressions to None, run_after=None
[2025-01-19T03:32:08.961+0000] {logging_mixin.py:190} INFO - [2025-01-19T03:32:08.961+0000] {dag.py:4180} INFO - Setting next_dagrun for consume_1_or_2_with_dataset_expressions to None, run_after=None
[2025-01-19T03:32:08.962+0000] {logging_mixin.py:190} INFO - [2025-01-19T03:32:08.962+0000] {dag.py:4180} INFO - Setting next_dagrun for consume_1_or_both_2_and_3_with_dataset_expressions to None, run_after=None
[2025-01-19T03:32:08.963+0000] {logging_mixin.py:190} INFO - [2025-01-19T03:32:08.962+0000] {dag.py:4180} INFO - Setting next_dagrun for dataset_consumes_1 to None, run_after=None
[2025-01-19T03:32:08.963+0000] {logging_mixin.py:190} INFO - [2025-01-19T03:32:08.963+0000] {dag.py:4180} INFO - Setting next_dagrun for dataset_consumes_1_and_2 to None, run_after=None
[2025-01-19T03:32:08.964+0000] {logging_mixin.py:190} INFO - [2025-01-19T03:32:08.964+0000] {dag.py:4180} INFO - Setting next_dagrun for dataset_consumes_1_never_scheduled to None, run_after=None
[2025-01-19T03:32:08.965+0000] {logging_mixin.py:190} INFO - [2025-01-19T03:32:08.965+0000] {dag.py:4180} INFO - Setting next_dagrun for dataset_consumes_unknown_never_scheduled to None, run_after=None
[2025-01-19T03:32:08.967+0000] {logging_mixin.py:190} INFO - [2025-01-19T03:32:08.966+0000] {dag.py:4180} INFO - Setting next_dagrun for dataset_produces_1 to 2025-01-18 00:00:00+00:00, run_after=2025-01-19 00:00:00+00:00
[2025-01-19T03:32:08.967+0000] {logging_mixin.py:190} INFO - [2025-01-19T03:32:08.967+0000] {dag.py:4180} INFO - Setting next_dagrun for dataset_produces_2 to None, run_after=None
[2025-01-19T03:32:08.990+0000] {processor.py:208} INFO - Processing /home/vscode/.local/lib/python3.10/site-packages/airflow/example_dags/example_datasets.py took 0.094 seconds
[2025-01-19T03:33:00.266+0000] {processor.py:186} INFO - Started process (PID=10785) to work on /home/vscode/.local/lib/python3.10/site-packages/airflow/example_dags/example_datasets.py
[2025-01-19T03:33:00.267+0000] {processor.py:914} INFO - Processing file /home/vscode/.local/lib/python3.10/site-packages/airflow/example_dags/example_datasets.py for tasks to queue
[2025-01-19T03:33:00.268+0000] {logging_mixin.py:190} INFO - [2025-01-19T03:33:00.268+0000] {dagbag.py:588} INFO - Filling up the DagBag from /home/vscode/.local/lib/python3.10/site-packages/airflow/example_dags/example_datasets.py
[2025-01-19T03:33:00.280+0000] {processor.py:925} INFO - DAG(s) 'dataset_consumes_1_and_2', 'consume_1_and_2_with_dataset_expressions', 'dataset_produces_1', 'consume_1_or_both_2_and_3_with_dataset_expressions', 'dataset_consumes_1_never_scheduled', 'dataset_produces_2', 'dataset_consumes_unknown_never_scheduled', 'consume_1_or_2_with_dataset_expressions', 'dataset_consumes_1', 'conditional_dataset_and_time_based_timetable' retrieved from /home/vscode/.local/lib/python3.10/site-packages/airflow/example_dags/example_datasets.py
[2025-01-19T03:33:00.306+0000] {logging_mixin.py:190} INFO - [2025-01-19T03:33:00.306+0000] {dag.py:3239} INFO - Sync 10 DAGs
[2025-01-19T03:33:00.324+0000] {logging_mixin.py:190} INFO - [2025-01-19T03:33:00.323+0000] {dag.py:4180} INFO - Setting next_dagrun for conditional_dataset_and_time_based_timetable to 2025-01-15 01:00:00+00:00, run_after=2025-01-15 01:00:00+00:00
[2025-01-19T03:33:00.326+0000] {logging_mixin.py:190} INFO - [2025-01-19T03:33:00.326+0000] {dag.py:4180} INFO - Setting next_dagrun for consume_1_and_2_with_dataset_expressions to None, run_after=None
[2025-01-19T03:33:00.327+0000] {logging_mixin.py:190} INFO - [2025-01-19T03:33:00.327+0000] {dag.py:4180} INFO - Setting next_dagrun for consume_1_or_2_with_dataset_expressions to None, run_after=None
[2025-01-19T03:33:00.327+0000] {logging_mixin.py:190} INFO - [2025-01-19T03:33:00.327+0000] {dag.py:4180} INFO - Setting next_dagrun for consume_1_or_both_2_and_3_with_dataset_expressions to None, run_after=None
[2025-01-19T03:33:00.328+0000] {logging_mixin.py:190} INFO - [2025-01-19T03:33:00.328+0000] {dag.py:4180} INFO - Setting next_dagrun for dataset_consumes_1 to None, run_after=None
[2025-01-19T03:33:00.329+0000] {logging_mixin.py:190} INFO - [2025-01-19T03:33:00.329+0000] {dag.py:4180} INFO - Setting next_dagrun for dataset_consumes_1_and_2 to None, run_after=None
[2025-01-19T03:33:00.330+0000] {logging_mixin.py:190} INFO - [2025-01-19T03:33:00.329+0000] {dag.py:4180} INFO - Setting next_dagrun for dataset_consumes_1_never_scheduled to None, run_after=None
[2025-01-19T03:33:00.330+0000] {logging_mixin.py:190} INFO - [2025-01-19T03:33:00.330+0000] {dag.py:4180} INFO - Setting next_dagrun for dataset_consumes_unknown_never_scheduled to None, run_after=None
[2025-01-19T03:33:00.332+0000] {logging_mixin.py:190} INFO - [2025-01-19T03:33:00.332+0000] {dag.py:4180} INFO - Setting next_dagrun for dataset_produces_1 to 2025-01-18 00:00:00+00:00, run_after=2025-01-19 00:00:00+00:00
[2025-01-19T03:33:00.333+0000] {logging_mixin.py:190} INFO - [2025-01-19T03:33:00.333+0000] {dag.py:4180} INFO - Setting next_dagrun for dataset_produces_2 to None, run_after=None
[2025-01-19T03:33:00.355+0000] {processor.py:208} INFO - Processing /home/vscode/.local/lib/python3.10/site-packages/airflow/example_dags/example_datasets.py took 0.093 seconds
[2025-01-19T03:33:51.797+0000] {processor.py:186} INFO - Started process (PID=11134) to work on /home/vscode/.local/lib/python3.10/site-packages/airflow/example_dags/example_datasets.py
[2025-01-19T03:33:51.798+0000] {processor.py:914} INFO - Processing file /home/vscode/.local/lib/python3.10/site-packages/airflow/example_dags/example_datasets.py for tasks to queue
[2025-01-19T03:33:51.799+0000] {logging_mixin.py:190} INFO - [2025-01-19T03:33:51.799+0000] {dagbag.py:588} INFO - Filling up the DagBag from /home/vscode/.local/lib/python3.10/site-packages/airflow/example_dags/example_datasets.py
[2025-01-19T03:33:51.812+0000] {processor.py:925} INFO - DAG(s) 'dataset_consumes_1_and_2', 'dataset_produces_1', 'conditional_dataset_and_time_based_timetable', 'dataset_consumes_unknown_never_scheduled', 'dataset_consumes_1_never_scheduled', 'consume_1_and_2_with_dataset_expressions', 'consume_1_or_2_with_dataset_expressions', 'consume_1_or_both_2_and_3_with_dataset_expressions', 'dataset_produces_2', 'dataset_consumes_1' retrieved from /home/vscode/.local/lib/python3.10/site-packages/airflow/example_dags/example_datasets.py
[2025-01-19T03:33:51.848+0000] {logging_mixin.py:190} INFO - [2025-01-19T03:33:51.848+0000] {dag.py:3239} INFO - Sync 10 DAGs
[2025-01-19T03:33:51.873+0000] {logging_mixin.py:190} INFO - [2025-01-19T03:33:51.873+0000] {dag.py:4180} INFO - Setting next_dagrun for conditional_dataset_and_time_based_timetable to 2025-01-15 01:00:00+00:00, run_after=2025-01-15 01:00:00+00:00
[2025-01-19T03:33:51.878+0000] {logging_mixin.py:190} INFO - [2025-01-19T03:33:51.877+0000] {dag.py:4180} INFO - Setting next_dagrun for consume_1_and_2_with_dataset_expressions to None, run_after=None
[2025-01-19T03:33:51.879+0000] {logging_mixin.py:190} INFO - [2025-01-19T03:33:51.879+0000] {dag.py:4180} INFO - Setting next_dagrun for consume_1_or_2_with_dataset_expressions to None, run_after=None
[2025-01-19T03:33:51.880+0000] {logging_mixin.py:190} INFO - [2025-01-19T03:33:51.880+0000] {dag.py:4180} INFO - Setting next_dagrun for consume_1_or_both_2_and_3_with_dataset_expressions to None, run_after=None
[2025-01-19T03:33:51.881+0000] {logging_mixin.py:190} INFO - [2025-01-19T03:33:51.881+0000] {dag.py:4180} INFO - Setting next_dagrun for dataset_consumes_1 to None, run_after=None
[2025-01-19T03:33:51.882+0000] {logging_mixin.py:190} INFO - [2025-01-19T03:33:51.882+0000] {dag.py:4180} INFO - Setting next_dagrun for dataset_consumes_1_and_2 to None, run_after=None
[2025-01-19T03:33:51.883+0000] {logging_mixin.py:190} INFO - [2025-01-19T03:33:51.883+0000] {dag.py:4180} INFO - Setting next_dagrun for dataset_consumes_1_never_scheduled to None, run_after=None
[2025-01-19T03:33:51.884+0000] {logging_mixin.py:190} INFO - [2025-01-19T03:33:51.884+0000] {dag.py:4180} INFO - Setting next_dagrun for dataset_consumes_unknown_never_scheduled to None, run_after=None
[2025-01-19T03:33:51.887+0000] {logging_mixin.py:190} INFO - [2025-01-19T03:33:51.887+0000] {dag.py:4180} INFO - Setting next_dagrun for dataset_produces_1 to 2025-01-18 00:00:00+00:00, run_after=2025-01-19 00:00:00+00:00
[2025-01-19T03:33:51.888+0000] {logging_mixin.py:190} INFO - [2025-01-19T03:33:51.888+0000] {dag.py:4180} INFO - Setting next_dagrun for dataset_produces_2 to None, run_after=None
[2025-01-19T03:33:51.932+0000] {processor.py:208} INFO - Processing /home/vscode/.local/lib/python3.10/site-packages/airflow/example_dags/example_datasets.py took 0.139 seconds
[2025-01-19T03:34:41.384+0000] {processor.py:186} INFO - Started process (PID=11526) to work on /home/vscode/.local/lib/python3.10/site-packages/airflow/example_dags/example_datasets.py
[2025-01-19T03:34:41.385+0000] {processor.py:914} INFO - Processing file /home/vscode/.local/lib/python3.10/site-packages/airflow/example_dags/example_datasets.py for tasks to queue
[2025-01-19T03:34:41.386+0000] {logging_mixin.py:190} INFO - [2025-01-19T03:34:41.386+0000] {dagbag.py:588} INFO - Filling up the DagBag from /home/vscode/.local/lib/python3.10/site-packages/airflow/example_dags/example_datasets.py
[2025-01-19T03:34:41.398+0000] {processor.py:925} INFO - DAG(s) 'dataset_consumes_unknown_never_scheduled', 'dataset_consumes_1_never_scheduled', 'consume_1_and_2_with_dataset_expressions', 'dataset_produces_2', 'dataset_produces_1', 'consume_1_or_both_2_and_3_with_dataset_expressions', 'dataset_consumes_1', 'conditional_dataset_and_time_based_timetable', 'dataset_consumes_1_and_2', 'consume_1_or_2_with_dataset_expressions' retrieved from /home/vscode/.local/lib/python3.10/site-packages/airflow/example_dags/example_datasets.py
[2025-01-19T03:34:41.424+0000] {logging_mixin.py:190} INFO - [2025-01-19T03:34:41.424+0000] {dag.py:3239} INFO - Sync 10 DAGs
[2025-01-19T03:34:41.441+0000] {logging_mixin.py:190} INFO - [2025-01-19T03:34:41.441+0000] {dag.py:4180} INFO - Setting next_dagrun for conditional_dataset_and_time_based_timetable to 2025-01-15 01:00:00+00:00, run_after=2025-01-15 01:00:00+00:00
[2025-01-19T03:34:41.444+0000] {logging_mixin.py:190} INFO - [2025-01-19T03:34:41.443+0000] {dag.py:4180} INFO - Setting next_dagrun for consume_1_and_2_with_dataset_expressions to None, run_after=None
[2025-01-19T03:34:41.444+0000] {logging_mixin.py:190} INFO - [2025-01-19T03:34:41.444+0000] {dag.py:4180} INFO - Setting next_dagrun for consume_1_or_2_with_dataset_expressions to None, run_after=None
[2025-01-19T03:34:41.445+0000] {logging_mixin.py:190} INFO - [2025-01-19T03:34:41.445+0000] {dag.py:4180} INFO - Setting next_dagrun for consume_1_or_both_2_and_3_with_dataset_expressions to None, run_after=None
[2025-01-19T03:34:41.446+0000] {logging_mixin.py:190} INFO - [2025-01-19T03:34:41.446+0000] {dag.py:4180} INFO - Setting next_dagrun for dataset_consumes_1 to None, run_after=None
[2025-01-19T03:34:41.447+0000] {logging_mixin.py:190} INFO - [2025-01-19T03:34:41.446+0000] {dag.py:4180} INFO - Setting next_dagrun for dataset_consumes_1_and_2 to None, run_after=None
[2025-01-19T03:34:41.447+0000] {logging_mixin.py:190} INFO - [2025-01-19T03:34:41.447+0000] {dag.py:4180} INFO - Setting next_dagrun for dataset_consumes_1_never_scheduled to None, run_after=None
[2025-01-19T03:34:41.448+0000] {logging_mixin.py:190} INFO - [2025-01-19T03:34:41.448+0000] {dag.py:4180} INFO - Setting next_dagrun for dataset_consumes_unknown_never_scheduled to None, run_after=None
[2025-01-19T03:34:41.450+0000] {logging_mixin.py:190} INFO - [2025-01-19T03:34:41.450+0000] {dag.py:4180} INFO - Setting next_dagrun for dataset_produces_1 to 2025-01-18 00:00:00+00:00, run_after=2025-01-19 00:00:00+00:00
[2025-01-19T03:34:41.451+0000] {logging_mixin.py:190} INFO - [2025-01-19T03:34:41.450+0000] {dag.py:4180} INFO - Setting next_dagrun for dataset_produces_2 to None, run_after=None
[2025-01-19T03:34:41.474+0000] {processor.py:208} INFO - Processing /home/vscode/.local/lib/python3.10/site-packages/airflow/example_dags/example_datasets.py took 0.095 seconds
[2025-01-19T03:35:55.052+0000] {processor.py:186} INFO - Started process (PID=12097) to work on /home/vscode/.local/lib/python3.10/site-packages/airflow/example_dags/example_datasets.py
[2025-01-19T03:35:55.053+0000] {processor.py:914} INFO - Processing file /home/vscode/.local/lib/python3.10/site-packages/airflow/example_dags/example_datasets.py for tasks to queue
[2025-01-19T03:35:55.055+0000] {logging_mixin.py:190} INFO - [2025-01-19T03:35:55.054+0000] {dagbag.py:588} INFO - Filling up the DagBag from /home/vscode/.local/lib/python3.10/site-packages/airflow/example_dags/example_datasets.py
[2025-01-19T03:35:55.066+0000] {processor.py:925} INFO - DAG(s) 'dataset_produces_1', 'consume_1_or_2_with_dataset_expressions', 'dataset_consumes_1', 'dataset_consumes_unknown_never_scheduled', 'dataset_consumes_1_never_scheduled', 'consume_1_or_both_2_and_3_with_dataset_expressions', 'conditional_dataset_and_time_based_timetable', 'consume_1_and_2_with_dataset_expressions', 'dataset_consumes_1_and_2', 'dataset_produces_2' retrieved from /home/vscode/.local/lib/python3.10/site-packages/airflow/example_dags/example_datasets.py
[2025-01-19T03:35:55.092+0000] {logging_mixin.py:190} INFO - [2025-01-19T03:35:55.092+0000] {dag.py:3239} INFO - Sync 10 DAGs
[2025-01-19T03:35:55.111+0000] {logging_mixin.py:190} INFO - [2025-01-19T03:35:55.111+0000] {dag.py:4180} INFO - Setting next_dagrun for conditional_dataset_and_time_based_timetable to 2025-01-15 01:00:00+00:00, run_after=2025-01-15 01:00:00+00:00
[2025-01-19T03:35:55.113+0000] {logging_mixin.py:190} INFO - [2025-01-19T03:35:55.113+0000] {dag.py:4180} INFO - Setting next_dagrun for consume_1_and_2_with_dataset_expressions to None, run_after=None
[2025-01-19T03:35:55.114+0000] {logging_mixin.py:190} INFO - [2025-01-19T03:35:55.114+0000] {dag.py:4180} INFO - Setting next_dagrun for consume_1_or_2_with_dataset_expressions to None, run_after=None
[2025-01-19T03:35:55.115+0000] {logging_mixin.py:190} INFO - [2025-01-19T03:35:55.114+0000] {dag.py:4180} INFO - Setting next_dagrun for consume_1_or_both_2_and_3_with_dataset_expressions to None, run_after=None
[2025-01-19T03:35:55.115+0000] {logging_mixin.py:190} INFO - [2025-01-19T03:35:55.115+0000] {dag.py:4180} INFO - Setting next_dagrun for dataset_consumes_1 to None, run_after=None
[2025-01-19T03:35:55.116+0000] {logging_mixin.py:190} INFO - [2025-01-19T03:35:55.116+0000] {dag.py:4180} INFO - Setting next_dagrun for dataset_consumes_1_and_2 to None, run_after=None
[2025-01-19T03:35:55.117+0000] {logging_mixin.py:190} INFO - [2025-01-19T03:35:55.117+0000] {dag.py:4180} INFO - Setting next_dagrun for dataset_consumes_1_never_scheduled to None, run_after=None
[2025-01-19T03:35:55.118+0000] {logging_mixin.py:190} INFO - [2025-01-19T03:35:55.117+0000] {dag.py:4180} INFO - Setting next_dagrun for dataset_consumes_unknown_never_scheduled to None, run_after=None
[2025-01-19T03:35:55.119+0000] {logging_mixin.py:190} INFO - [2025-01-19T03:35:55.119+0000] {dag.py:4180} INFO - Setting next_dagrun for dataset_produces_1 to 2025-01-18 00:00:00+00:00, run_after=2025-01-19 00:00:00+00:00
[2025-01-19T03:35:55.120+0000] {logging_mixin.py:190} INFO - [2025-01-19T03:35:55.120+0000] {dag.py:4180} INFO - Setting next_dagrun for dataset_produces_2 to None, run_after=None
[2025-01-19T03:35:55.141+0000] {processor.py:208} INFO - Processing /home/vscode/.local/lib/python3.10/site-packages/airflow/example_dags/example_datasets.py took 0.094 seconds
[2025-01-19T03:36:42.763+0000] {processor.py:186} INFO - Started process (PID=12434) to work on /home/vscode/.local/lib/python3.10/site-packages/airflow/example_dags/example_datasets.py
[2025-01-19T03:36:42.764+0000] {processor.py:914} INFO - Processing file /home/vscode/.local/lib/python3.10/site-packages/airflow/example_dags/example_datasets.py for tasks to queue
[2025-01-19T03:36:42.766+0000] {logging_mixin.py:190} INFO - [2025-01-19T03:36:42.765+0000] {dagbag.py:588} INFO - Filling up the DagBag from /home/vscode/.local/lib/python3.10/site-packages/airflow/example_dags/example_datasets.py
[2025-01-19T03:36:42.778+0000] {processor.py:925} INFO - DAG(s) 'dataset_consumes_1_never_scheduled', 'dataset_produces_2', 'consume_1_or_both_2_and_3_with_dataset_expressions', 'dataset_consumes_unknown_never_scheduled', 'dataset_consumes_1', 'consume_1_and_2_with_dataset_expressions', 'conditional_dataset_and_time_based_timetable', 'dataset_produces_1', 'dataset_consumes_1_and_2', 'consume_1_or_2_with_dataset_expressions' retrieved from /home/vscode/.local/lib/python3.10/site-packages/airflow/example_dags/example_datasets.py
[2025-01-19T03:36:42.805+0000] {logging_mixin.py:190} INFO - [2025-01-19T03:36:42.805+0000] {dag.py:3239} INFO - Sync 10 DAGs
[2025-01-19T03:36:42.823+0000] {logging_mixin.py:190} INFO - [2025-01-19T03:36:42.822+0000] {dag.py:4180} INFO - Setting next_dagrun for conditional_dataset_and_time_based_timetable to 2025-01-15 01:00:00+00:00, run_after=2025-01-15 01:00:00+00:00
[2025-01-19T03:36:42.825+0000] {logging_mixin.py:190} INFO - [2025-01-19T03:36:42.825+0000] {dag.py:4180} INFO - Setting next_dagrun for consume_1_and_2_with_dataset_expressions to None, run_after=None
[2025-01-19T03:36:42.826+0000] {logging_mixin.py:190} INFO - [2025-01-19T03:36:42.826+0000] {dag.py:4180} INFO - Setting next_dagrun for consume_1_or_2_with_dataset_expressions to None, run_after=None
[2025-01-19T03:36:42.827+0000] {logging_mixin.py:190} INFO - [2025-01-19T03:36:42.826+0000] {dag.py:4180} INFO - Setting next_dagrun for consume_1_or_both_2_and_3_with_dataset_expressions to None, run_after=None
[2025-01-19T03:36:42.827+0000] {logging_mixin.py:190} INFO - [2025-01-19T03:36:42.827+0000] {dag.py:4180} INFO - Setting next_dagrun for dataset_consumes_1 to None, run_after=None
[2025-01-19T03:36:42.828+0000] {logging_mixin.py:190} INFO - [2025-01-19T03:36:42.828+0000] {dag.py:4180} INFO - Setting next_dagrun for dataset_consumes_1_and_2 to None, run_after=None
[2025-01-19T03:36:42.829+0000] {logging_mixin.py:190} INFO - [2025-01-19T03:36:42.829+0000] {dag.py:4180} INFO - Setting next_dagrun for dataset_consumes_1_never_scheduled to None, run_after=None
[2025-01-19T03:36:42.829+0000] {logging_mixin.py:190} INFO - [2025-01-19T03:36:42.829+0000] {dag.py:4180} INFO - Setting next_dagrun for dataset_consumes_unknown_never_scheduled to None, run_after=None
[2025-01-19T03:36:42.831+0000] {logging_mixin.py:190} INFO - [2025-01-19T03:36:42.831+0000] {dag.py:4180} INFO - Setting next_dagrun for dataset_produces_1 to 2025-01-18 00:00:00+00:00, run_after=2025-01-19 00:00:00+00:00
[2025-01-19T03:36:42.832+0000] {logging_mixin.py:190} INFO - [2025-01-19T03:36:42.832+0000] {dag.py:4180} INFO - Setting next_dagrun for dataset_produces_2 to None, run_after=None
[2025-01-19T03:36:42.862+0000] {processor.py:208} INFO - Processing /home/vscode/.local/lib/python3.10/site-packages/airflow/example_dags/example_datasets.py took 0.103 seconds
[2025-01-19T03:37:35.764+0000] {processor.py:186} INFO - Started process (PID=12786) to work on /home/vscode/.local/lib/python3.10/site-packages/airflow/example_dags/example_datasets.py
[2025-01-19T03:37:35.765+0000] {processor.py:914} INFO - Processing file /home/vscode/.local/lib/python3.10/site-packages/airflow/example_dags/example_datasets.py for tasks to queue
[2025-01-19T03:37:35.767+0000] {logging_mixin.py:190} INFO - [2025-01-19T03:37:35.766+0000] {dagbag.py:588} INFO - Filling up the DagBag from /home/vscode/.local/lib/python3.10/site-packages/airflow/example_dags/example_datasets.py
[2025-01-19T03:37:35.779+0000] {processor.py:925} INFO - DAG(s) 'dataset_consumes_1_and_2', 'consume_1_or_both_2_and_3_with_dataset_expressions', 'dataset_produces_2', 'dataset_consumes_1', 'conditional_dataset_and_time_based_timetable', 'consume_1_or_2_with_dataset_expressions', 'consume_1_and_2_with_dataset_expressions', 'dataset_consumes_1_never_scheduled', 'dataset_produces_1', 'dataset_consumes_unknown_never_scheduled' retrieved from /home/vscode/.local/lib/python3.10/site-packages/airflow/example_dags/example_datasets.py
[2025-01-19T03:37:35.805+0000] {logging_mixin.py:190} INFO - [2025-01-19T03:37:35.805+0000] {dag.py:3239} INFO - Sync 10 DAGs
[2025-01-19T03:37:35.822+0000] {logging_mixin.py:190} INFO - [2025-01-19T03:37:35.822+0000] {dag.py:4180} INFO - Setting next_dagrun for conditional_dataset_and_time_based_timetable to 2025-01-15 01:00:00+00:00, run_after=2025-01-15 01:00:00+00:00
[2025-01-19T03:37:35.825+0000] {logging_mixin.py:190} INFO - [2025-01-19T03:37:35.824+0000] {dag.py:4180} INFO - Setting next_dagrun for consume_1_and_2_with_dataset_expressions to None, run_after=None
[2025-01-19T03:37:35.825+0000] {logging_mixin.py:190} INFO - [2025-01-19T03:37:35.825+0000] {dag.py:4180} INFO - Setting next_dagrun for consume_1_or_2_with_dataset_expressions to None, run_after=None
[2025-01-19T03:37:35.826+0000] {logging_mixin.py:190} INFO - [2025-01-19T03:37:35.826+0000] {dag.py:4180} INFO - Setting next_dagrun for consume_1_or_both_2_and_3_with_dataset_expressions to None, run_after=None
[2025-01-19T03:37:35.827+0000] {logging_mixin.py:190} INFO - [2025-01-19T03:37:35.827+0000] {dag.py:4180} INFO - Setting next_dagrun for dataset_consumes_1 to None, run_after=None
[2025-01-19T03:37:35.828+0000] {logging_mixin.py:190} INFO - [2025-01-19T03:37:35.828+0000] {dag.py:4180} INFO - Setting next_dagrun for dataset_consumes_1_and_2 to None, run_after=None
[2025-01-19T03:37:35.828+0000] {logging_mixin.py:190} INFO - [2025-01-19T03:37:35.828+0000] {dag.py:4180} INFO - Setting next_dagrun for dataset_consumes_1_never_scheduled to None, run_after=None
[2025-01-19T03:37:35.829+0000] {logging_mixin.py:190} INFO - [2025-01-19T03:37:35.829+0000] {dag.py:4180} INFO - Setting next_dagrun for dataset_consumes_unknown_never_scheduled to None, run_after=None
[2025-01-19T03:37:35.831+0000] {logging_mixin.py:190} INFO - [2025-01-19T03:37:35.831+0000] {dag.py:4180} INFO - Setting next_dagrun for dataset_produces_1 to 2025-01-18 00:00:00+00:00, run_after=2025-01-19 00:00:00+00:00
[2025-01-19T03:37:35.832+0000] {logging_mixin.py:190} INFO - [2025-01-19T03:37:35.832+0000] {dag.py:4180} INFO - Setting next_dagrun for dataset_produces_2 to None, run_after=None
[2025-01-19T03:37:35.855+0000] {processor.py:208} INFO - Processing /home/vscode/.local/lib/python3.10/site-packages/airflow/example_dags/example_datasets.py took 0.095 seconds
[2025-01-19T03:38:28.402+0000] {processor.py:186} INFO - Started process (PID=13143) to work on /home/vscode/.local/lib/python3.10/site-packages/airflow/example_dags/example_datasets.py
[2025-01-19T03:38:28.403+0000] {processor.py:914} INFO - Processing file /home/vscode/.local/lib/python3.10/site-packages/airflow/example_dags/example_datasets.py for tasks to queue
[2025-01-19T03:38:28.405+0000] {logging_mixin.py:190} INFO - [2025-01-19T03:38:28.405+0000] {dagbag.py:588} INFO - Filling up the DagBag from /home/vscode/.local/lib/python3.10/site-packages/airflow/example_dags/example_datasets.py
[2025-01-19T03:38:28.423+0000] {processor.py:925} INFO - DAG(s) 'consume_1_and_2_with_dataset_expressions', 'dataset_consumes_unknown_never_scheduled', 'consume_1_or_2_with_dataset_expressions', 'dataset_consumes_1_never_scheduled', 'dataset_produces_2', 'conditional_dataset_and_time_based_timetable', 'consume_1_or_both_2_and_3_with_dataset_expressions', 'dataset_consumes_1', 'dataset_consumes_1_and_2', 'dataset_produces_1' retrieved from /home/vscode/.local/lib/python3.10/site-packages/airflow/example_dags/example_datasets.py
[2025-01-19T03:38:28.453+0000] {logging_mixin.py:190} INFO - [2025-01-19T03:38:28.453+0000] {dag.py:3239} INFO - Sync 10 DAGs
[2025-01-19T03:38:28.472+0000] {logging_mixin.py:190} INFO - [2025-01-19T03:38:28.472+0000] {dag.py:4180} INFO - Setting next_dagrun for conditional_dataset_and_time_based_timetable to 2025-01-15 01:00:00+00:00, run_after=2025-01-15 01:00:00+00:00
[2025-01-19T03:38:28.475+0000] {logging_mixin.py:190} INFO - [2025-01-19T03:38:28.475+0000] {dag.py:4180} INFO - Setting next_dagrun for consume_1_and_2_with_dataset_expressions to None, run_after=None
[2025-01-19T03:38:28.476+0000] {logging_mixin.py:190} INFO - [2025-01-19T03:38:28.475+0000] {dag.py:4180} INFO - Setting next_dagrun for consume_1_or_2_with_dataset_expressions to None, run_after=None
[2025-01-19T03:38:28.476+0000] {logging_mixin.py:190} INFO - [2025-01-19T03:38:28.476+0000] {dag.py:4180} INFO - Setting next_dagrun for consume_1_or_both_2_and_3_with_dataset_expressions to None, run_after=None
[2025-01-19T03:38:28.477+0000] {logging_mixin.py:190} INFO - [2025-01-19T03:38:28.477+0000] {dag.py:4180} INFO - Setting next_dagrun for dataset_consumes_1 to None, run_after=None
[2025-01-19T03:38:28.478+0000] {logging_mixin.py:190} INFO - [2025-01-19T03:38:28.478+0000] {dag.py:4180} INFO - Setting next_dagrun for dataset_consumes_1_and_2 to None, run_after=None
[2025-01-19T03:38:28.479+0000] {logging_mixin.py:190} INFO - [2025-01-19T03:38:28.478+0000] {dag.py:4180} INFO - Setting next_dagrun for dataset_consumes_1_never_scheduled to None, run_after=None
[2025-01-19T03:38:28.479+0000] {logging_mixin.py:190} INFO - [2025-01-19T03:38:28.479+0000] {dag.py:4180} INFO - Setting next_dagrun for dataset_consumes_unknown_never_scheduled to None, run_after=None
[2025-01-19T03:38:28.481+0000] {logging_mixin.py:190} INFO - [2025-01-19T03:38:28.481+0000] {dag.py:4180} INFO - Setting next_dagrun for dataset_produces_1 to 2025-01-18 00:00:00+00:00, run_after=2025-01-19 00:00:00+00:00
[2025-01-19T03:38:28.482+0000] {logging_mixin.py:190} INFO - [2025-01-19T03:38:28.482+0000] {dag.py:4180} INFO - Setting next_dagrun for dataset_produces_2 to None, run_after=None
[2025-01-19T03:38:28.504+0000] {processor.py:208} INFO - Processing /home/vscode/.local/lib/python3.10/site-packages/airflow/example_dags/example_datasets.py took 0.108 seconds
[2025-01-19T03:39:41.076+0000] {processor.py:186} INFO - Started process (PID=13638) to work on /home/vscode/.local/lib/python3.10/site-packages/airflow/example_dags/example_datasets.py
[2025-01-19T03:39:41.077+0000] {processor.py:914} INFO - Processing file /home/vscode/.local/lib/python3.10/site-packages/airflow/example_dags/example_datasets.py for tasks to queue
[2025-01-19T03:39:41.079+0000] {logging_mixin.py:190} INFO - [2025-01-19T03:39:41.079+0000] {dagbag.py:588} INFO - Filling up the DagBag from /home/vscode/.local/lib/python3.10/site-packages/airflow/example_dags/example_datasets.py
[2025-01-19T03:39:41.091+0000] {processor.py:925} INFO - DAG(s) 'consume_1_and_2_with_dataset_expressions', 'consume_1_or_both_2_and_3_with_dataset_expressions', 'dataset_consumes_1_never_scheduled', 'consume_1_or_2_with_dataset_expressions', 'dataset_produces_1', 'conditional_dataset_and_time_based_timetable', 'dataset_consumes_1_and_2', 'dataset_produces_2', 'dataset_consumes_unknown_never_scheduled', 'dataset_consumes_1' retrieved from /home/vscode/.local/lib/python3.10/site-packages/airflow/example_dags/example_datasets.py
[2025-01-19T03:39:41.117+0000] {logging_mixin.py:190} INFO - [2025-01-19T03:39:41.117+0000] {dag.py:3239} INFO - Sync 10 DAGs
[2025-01-19T03:39:41.135+0000] {logging_mixin.py:190} INFO - [2025-01-19T03:39:41.135+0000] {dag.py:4180} INFO - Setting next_dagrun for conditional_dataset_and_time_based_timetable to 2025-01-15 01:00:00+00:00, run_after=2025-01-15 01:00:00+00:00
[2025-01-19T03:39:41.138+0000] {logging_mixin.py:190} INFO - [2025-01-19T03:39:41.137+0000] {dag.py:4180} INFO - Setting next_dagrun for consume_1_and_2_with_dataset_expressions to None, run_after=None
[2025-01-19T03:39:41.138+0000] {logging_mixin.py:190} INFO - [2025-01-19T03:39:41.138+0000] {dag.py:4180} INFO - Setting next_dagrun for consume_1_or_2_with_dataset_expressions to None, run_after=None
[2025-01-19T03:39:41.139+0000] {logging_mixin.py:190} INFO - [2025-01-19T03:39:41.139+0000] {dag.py:4180} INFO - Setting next_dagrun for consume_1_or_both_2_and_3_with_dataset_expressions to None, run_after=None
[2025-01-19T03:39:41.140+0000] {logging_mixin.py:190} INFO - [2025-01-19T03:39:41.140+0000] {dag.py:4180} INFO - Setting next_dagrun for dataset_consumes_1 to None, run_after=None
[2025-01-19T03:39:41.141+0000] {logging_mixin.py:190} INFO - [2025-01-19T03:39:41.140+0000] {dag.py:4180} INFO - Setting next_dagrun for dataset_consumes_1_and_2 to None, run_after=None
[2025-01-19T03:39:41.141+0000] {logging_mixin.py:190} INFO - [2025-01-19T03:39:41.141+0000] {dag.py:4180} INFO - Setting next_dagrun for dataset_consumes_1_never_scheduled to None, run_after=None
[2025-01-19T03:39:41.142+0000] {logging_mixin.py:190} INFO - [2025-01-19T03:39:41.142+0000] {dag.py:4180} INFO - Setting next_dagrun for dataset_consumes_unknown_never_scheduled to None, run_after=None
[2025-01-19T03:39:41.144+0000] {logging_mixin.py:190} INFO - [2025-01-19T03:39:41.144+0000] {dag.py:4180} INFO - Setting next_dagrun for dataset_produces_1 to 2025-01-18 00:00:00+00:00, run_after=2025-01-19 00:00:00+00:00
[2025-01-19T03:39:41.145+0000] {logging_mixin.py:190} INFO - [2025-01-19T03:39:41.144+0000] {dag.py:4180} INFO - Setting next_dagrun for dataset_produces_2 to None, run_after=None
[2025-01-19T03:39:41.169+0000] {processor.py:208} INFO - Processing /home/vscode/.local/lib/python3.10/site-packages/airflow/example_dags/example_datasets.py took 0.097 seconds
[2025-01-19T03:40:33.572+0000] {processor.py:186} INFO - Started process (PID=13995) to work on /home/vscode/.local/lib/python3.10/site-packages/airflow/example_dags/example_datasets.py
[2025-01-19T03:40:33.573+0000] {processor.py:914} INFO - Processing file /home/vscode/.local/lib/python3.10/site-packages/airflow/example_dags/example_datasets.py for tasks to queue
[2025-01-19T03:40:33.575+0000] {logging_mixin.py:190} INFO - [2025-01-19T03:40:33.574+0000] {dagbag.py:588} INFO - Filling up the DagBag from /home/vscode/.local/lib/python3.10/site-packages/airflow/example_dags/example_datasets.py
[2025-01-19T03:40:33.587+0000] {processor.py:925} INFO - DAG(s) 'consume_1_or_both_2_and_3_with_dataset_expressions', 'dataset_consumes_unknown_never_scheduled', 'dataset_consumes_1_never_scheduled', 'dataset_produces_2', 'consume_1_or_2_with_dataset_expressions', 'dataset_produces_1', 'conditional_dataset_and_time_based_timetable', 'dataset_consumes_1', 'consume_1_and_2_with_dataset_expressions', 'dataset_consumes_1_and_2' retrieved from /home/vscode/.local/lib/python3.10/site-packages/airflow/example_dags/example_datasets.py
[2025-01-19T03:40:33.613+0000] {logging_mixin.py:190} INFO - [2025-01-19T03:40:33.613+0000] {dag.py:3239} INFO - Sync 10 DAGs
[2025-01-19T03:40:33.631+0000] {logging_mixin.py:190} INFO - [2025-01-19T03:40:33.631+0000] {dag.py:4180} INFO - Setting next_dagrun for conditional_dataset_and_time_based_timetable to 2025-01-15 01:00:00+00:00, run_after=2025-01-15 01:00:00+00:00
[2025-01-19T03:40:33.633+0000] {logging_mixin.py:190} INFO - [2025-01-19T03:40:33.633+0000] {dag.py:4180} INFO - Setting next_dagrun for consume_1_and_2_with_dataset_expressions to None, run_after=None
[2025-01-19T03:40:33.634+0000] {logging_mixin.py:190} INFO - [2025-01-19T03:40:33.634+0000] {dag.py:4180} INFO - Setting next_dagrun for consume_1_or_2_with_dataset_expressions to None, run_after=None
[2025-01-19T03:40:33.635+0000] {logging_mixin.py:190} INFO - [2025-01-19T03:40:33.635+0000] {dag.py:4180} INFO - Setting next_dagrun for consume_1_or_both_2_and_3_with_dataset_expressions to None, run_after=None
[2025-01-19T03:40:33.635+0000] {logging_mixin.py:190} INFO - [2025-01-19T03:40:33.635+0000] {dag.py:4180} INFO - Setting next_dagrun for dataset_consumes_1 to None, run_after=None
[2025-01-19T03:40:33.636+0000] {logging_mixin.py:190} INFO - [2025-01-19T03:40:33.636+0000] {dag.py:4180} INFO - Setting next_dagrun for dataset_consumes_1_and_2 to None, run_after=None
[2025-01-19T03:40:33.637+0000] {logging_mixin.py:190} INFO - [2025-01-19T03:40:33.637+0000] {dag.py:4180} INFO - Setting next_dagrun for dataset_consumes_1_never_scheduled to None, run_after=None
[2025-01-19T03:40:33.638+0000] {logging_mixin.py:190} INFO - [2025-01-19T03:40:33.637+0000] {dag.py:4180} INFO - Setting next_dagrun for dataset_consumes_unknown_never_scheduled to None, run_after=None
[2025-01-19T03:40:33.639+0000] {logging_mixin.py:190} INFO - [2025-01-19T03:40:33.639+0000] {dag.py:4180} INFO - Setting next_dagrun for dataset_produces_1 to 2025-01-18 00:00:00+00:00, run_after=2025-01-19 00:00:00+00:00
[2025-01-19T03:40:33.640+0000] {logging_mixin.py:190} INFO - [2025-01-19T03:40:33.640+0000] {dag.py:4180} INFO - Setting next_dagrun for dataset_produces_2 to None, run_after=None
[2025-01-19T03:40:33.662+0000] {processor.py:208} INFO - Processing /home/vscode/.local/lib/python3.10/site-packages/airflow/example_dags/example_datasets.py took 0.094 seconds
[2025-01-19T03:41:46.676+0000] {processor.py:186} INFO - Started process (PID=14491) to work on /home/vscode/.local/lib/python3.10/site-packages/airflow/example_dags/example_datasets.py
[2025-01-19T03:41:46.677+0000] {processor.py:914} INFO - Processing file /home/vscode/.local/lib/python3.10/site-packages/airflow/example_dags/example_datasets.py for tasks to queue
[2025-01-19T03:41:46.678+0000] {logging_mixin.py:190} INFO - [2025-01-19T03:41:46.678+0000] {dagbag.py:588} INFO - Filling up the DagBag from /home/vscode/.local/lib/python3.10/site-packages/airflow/example_dags/example_datasets.py
[2025-01-19T03:41:46.690+0000] {processor.py:925} INFO - DAG(s) 'consume_1_or_2_with_dataset_expressions', 'dataset_consumes_1_never_scheduled', 'dataset_consumes_1_and_2', 'dataset_produces_1', 'dataset_consumes_1', 'dataset_consumes_unknown_never_scheduled', 'dataset_produces_2', 'consume_1_and_2_with_dataset_expressions', 'consume_1_or_both_2_and_3_with_dataset_expressions', 'conditional_dataset_and_time_based_timetable' retrieved from /home/vscode/.local/lib/python3.10/site-packages/airflow/example_dags/example_datasets.py
[2025-01-19T03:41:46.719+0000] {logging_mixin.py:190} INFO - [2025-01-19T03:41:46.719+0000] {dag.py:3239} INFO - Sync 10 DAGs
[2025-01-19T03:41:46.745+0000] {logging_mixin.py:190} INFO - [2025-01-19T03:41:46.744+0000] {dag.py:4180} INFO - Setting next_dagrun for conditional_dataset_and_time_based_timetable to 2025-01-15 01:00:00+00:00, run_after=2025-01-15 01:00:00+00:00
[2025-01-19T03:41:46.748+0000] {logging_mixin.py:190} INFO - [2025-01-19T03:41:46.748+0000] {dag.py:4180} INFO - Setting next_dagrun for consume_1_and_2_with_dataset_expressions to None, run_after=None
[2025-01-19T03:41:46.749+0000] {logging_mixin.py:190} INFO - [2025-01-19T03:41:46.749+0000] {dag.py:4180} INFO - Setting next_dagrun for consume_1_or_2_with_dataset_expressions to None, run_after=None
[2025-01-19T03:41:46.750+0000] {logging_mixin.py:190} INFO - [2025-01-19T03:41:46.750+0000] {dag.py:4180} INFO - Setting next_dagrun for consume_1_or_both_2_and_3_with_dataset_expressions to None, run_after=None
[2025-01-19T03:41:46.751+0000] {logging_mixin.py:190} INFO - [2025-01-19T03:41:46.751+0000] {dag.py:4180} INFO - Setting next_dagrun for dataset_consumes_1 to None, run_after=None
[2025-01-19T03:41:46.752+0000] {logging_mixin.py:190} INFO - [2025-01-19T03:41:46.752+0000] {dag.py:4180} INFO - Setting next_dagrun for dataset_consumes_1_and_2 to None, run_after=None
[2025-01-19T03:41:46.753+0000] {logging_mixin.py:190} INFO - [2025-01-19T03:41:46.753+0000] {dag.py:4180} INFO - Setting next_dagrun for dataset_consumes_1_never_scheduled to None, run_after=None
[2025-01-19T03:41:46.754+0000] {logging_mixin.py:190} INFO - [2025-01-19T03:41:46.754+0000] {dag.py:4180} INFO - Setting next_dagrun for dataset_consumes_unknown_never_scheduled to None, run_after=None
[2025-01-19T03:41:46.757+0000] {logging_mixin.py:190} INFO - [2025-01-19T03:41:46.757+0000] {dag.py:4180} INFO - Setting next_dagrun for dataset_produces_1 to 2025-01-18 00:00:00+00:00, run_after=2025-01-19 00:00:00+00:00
[2025-01-19T03:41:46.758+0000] {logging_mixin.py:190} INFO - [2025-01-19T03:41:46.758+0000] {dag.py:4180} INFO - Setting next_dagrun for dataset_produces_2 to None, run_after=None
[2025-01-19T03:41:46.781+0000] {processor.py:208} INFO - Processing /home/vscode/.local/lib/python3.10/site-packages/airflow/example_dags/example_datasets.py took 0.110 seconds
[2025-01-19T03:42:38.635+0000] {processor.py:186} INFO - Started process (PID=14834) to work on /home/vscode/.local/lib/python3.10/site-packages/airflow/example_dags/example_datasets.py
[2025-01-19T03:42:38.636+0000] {processor.py:914} INFO - Processing file /home/vscode/.local/lib/python3.10/site-packages/airflow/example_dags/example_datasets.py for tasks to queue
[2025-01-19T03:42:38.637+0000] {logging_mixin.py:190} INFO - [2025-01-19T03:42:38.637+0000] {dagbag.py:588} INFO - Filling up the DagBag from /home/vscode/.local/lib/python3.10/site-packages/airflow/example_dags/example_datasets.py
[2025-01-19T03:42:38.650+0000] {processor.py:925} INFO - DAG(s) 'consume_1_or_2_with_dataset_expressions', 'consume_1_and_2_with_dataset_expressions', 'dataset_consumes_1_and_2', 'conditional_dataset_and_time_based_timetable', 'dataset_produces_2', 'dataset_consumes_unknown_never_scheduled', 'dataset_consumes_1', 'dataset_produces_1', 'dataset_consumes_1_never_scheduled', 'consume_1_or_both_2_and_3_with_dataset_expressions' retrieved from /home/vscode/.local/lib/python3.10/site-packages/airflow/example_dags/example_datasets.py
[2025-01-19T03:42:38.676+0000] {logging_mixin.py:190} INFO - [2025-01-19T03:42:38.676+0000] {dag.py:3239} INFO - Sync 10 DAGs
[2025-01-19T03:42:38.694+0000] {logging_mixin.py:190} INFO - [2025-01-19T03:42:38.693+0000] {dag.py:4180} INFO - Setting next_dagrun for conditional_dataset_and_time_based_timetable to 2025-01-15 01:00:00+00:00, run_after=2025-01-15 01:00:00+00:00
[2025-01-19T03:42:38.696+0000] {logging_mixin.py:190} INFO - [2025-01-19T03:42:38.696+0000] {dag.py:4180} INFO - Setting next_dagrun for consume_1_and_2_with_dataset_expressions to None, run_after=None
[2025-01-19T03:42:38.697+0000] {logging_mixin.py:190} INFO - [2025-01-19T03:42:38.697+0000] {dag.py:4180} INFO - Setting next_dagrun for consume_1_or_2_with_dataset_expressions to None, run_after=None
[2025-01-19T03:42:38.697+0000] {logging_mixin.py:190} INFO - [2025-01-19T03:42:38.697+0000] {dag.py:4180} INFO - Setting next_dagrun for consume_1_or_both_2_and_3_with_dataset_expressions to None, run_after=None
[2025-01-19T03:42:38.698+0000] {logging_mixin.py:190} INFO - [2025-01-19T03:42:38.698+0000] {dag.py:4180} INFO - Setting next_dagrun for dataset_consumes_1 to None, run_after=None
[2025-01-19T03:42:38.699+0000] {logging_mixin.py:190} INFO - [2025-01-19T03:42:38.699+0000] {dag.py:4180} INFO - Setting next_dagrun for dataset_consumes_1_and_2 to None, run_after=None
[2025-01-19T03:42:38.700+0000] {logging_mixin.py:190} INFO - [2025-01-19T03:42:38.700+0000] {dag.py:4180} INFO - Setting next_dagrun for dataset_consumes_1_never_scheduled to None, run_after=None
[2025-01-19T03:42:38.700+0000] {logging_mixin.py:190} INFO - [2025-01-19T03:42:38.700+0000] {dag.py:4180} INFO - Setting next_dagrun for dataset_consumes_unknown_never_scheduled to None, run_after=None
[2025-01-19T03:42:38.702+0000] {logging_mixin.py:190} INFO - [2025-01-19T03:42:38.702+0000] {dag.py:4180} INFO - Setting next_dagrun for dataset_produces_1 to 2025-01-18 00:00:00+00:00, run_after=2025-01-19 00:00:00+00:00
[2025-01-19T03:42:38.703+0000] {logging_mixin.py:190} INFO - [2025-01-19T03:42:38.703+0000] {dag.py:4180} INFO - Setting next_dagrun for dataset_produces_2 to None, run_after=None
[2025-01-19T03:42:38.726+0000] {processor.py:208} INFO - Processing /home/vscode/.local/lib/python3.10/site-packages/airflow/example_dags/example_datasets.py took 0.095 seconds
[2025-01-19T03:43:30.533+0000] {processor.py:186} INFO - Started process (PID=15187) to work on /home/vscode/.local/lib/python3.10/site-packages/airflow/example_dags/example_datasets.py
[2025-01-19T03:43:30.534+0000] {processor.py:914} INFO - Processing file /home/vscode/.local/lib/python3.10/site-packages/airflow/example_dags/example_datasets.py for tasks to queue
[2025-01-19T03:43:30.536+0000] {logging_mixin.py:190} INFO - [2025-01-19T03:43:30.536+0000] {dagbag.py:588} INFO - Filling up the DagBag from /home/vscode/.local/lib/python3.10/site-packages/airflow/example_dags/example_datasets.py
[2025-01-19T03:43:30.554+0000] {processor.py:925} INFO - DAG(s) 'dataset_produces_2', 'dataset_consumes_1', 'consume_1_and_2_with_dataset_expressions', 'consume_1_or_both_2_and_3_with_dataset_expressions', 'dataset_consumes_1_never_scheduled', 'dataset_consumes_unknown_never_scheduled', 'consume_1_or_2_with_dataset_expressions', 'dataset_produces_1', 'dataset_consumes_1_and_2', 'conditional_dataset_and_time_based_timetable' retrieved from /home/vscode/.local/lib/python3.10/site-packages/airflow/example_dags/example_datasets.py
[2025-01-19T03:43:30.583+0000] {logging_mixin.py:190} INFO - [2025-01-19T03:43:30.583+0000] {dag.py:3239} INFO - Sync 10 DAGs
[2025-01-19T03:43:30.602+0000] {logging_mixin.py:190} INFO - [2025-01-19T03:43:30.602+0000] {dag.py:4180} INFO - Setting next_dagrun for conditional_dataset_and_time_based_timetable to 2025-01-15 01:00:00+00:00, run_after=2025-01-15 01:00:00+00:00
[2025-01-19T03:43:30.604+0000] {logging_mixin.py:190} INFO - [2025-01-19T03:43:30.604+0000] {dag.py:4180} INFO - Setting next_dagrun for consume_1_and_2_with_dataset_expressions to None, run_after=None
[2025-01-19T03:43:30.605+0000] {logging_mixin.py:190} INFO - [2025-01-19T03:43:30.605+0000] {dag.py:4180} INFO - Setting next_dagrun for consume_1_or_2_with_dataset_expressions to None, run_after=None
[2025-01-19T03:43:30.606+0000] {logging_mixin.py:190} INFO - [2025-01-19T03:43:30.606+0000] {dag.py:4180} INFO - Setting next_dagrun for consume_1_or_both_2_and_3_with_dataset_expressions to None, run_after=None
[2025-01-19T03:43:30.607+0000] {logging_mixin.py:190} INFO - [2025-01-19T03:43:30.606+0000] {dag.py:4180} INFO - Setting next_dagrun for dataset_consumes_1 to None, run_after=None
[2025-01-19T03:43:30.607+0000] {logging_mixin.py:190} INFO - [2025-01-19T03:43:30.607+0000] {dag.py:4180} INFO - Setting next_dagrun for dataset_consumes_1_and_2 to None, run_after=None
[2025-01-19T03:43:30.608+0000] {logging_mixin.py:190} INFO - [2025-01-19T03:43:30.608+0000] {dag.py:4180} INFO - Setting next_dagrun for dataset_consumes_1_never_scheduled to None, run_after=None
[2025-01-19T03:43:30.609+0000] {logging_mixin.py:190} INFO - [2025-01-19T03:43:30.609+0000] {dag.py:4180} INFO - Setting next_dagrun for dataset_consumes_unknown_never_scheduled to None, run_after=None
[2025-01-19T03:43:30.611+0000] {logging_mixin.py:190} INFO - [2025-01-19T03:43:30.611+0000] {dag.py:4180} INFO - Setting next_dagrun for dataset_produces_1 to 2025-01-18 00:00:00+00:00, run_after=2025-01-19 00:00:00+00:00
[2025-01-19T03:43:30.612+0000] {logging_mixin.py:190} INFO - [2025-01-19T03:43:30.612+0000] {dag.py:4180} INFO - Setting next_dagrun for dataset_produces_2 to None, run_after=None
[2025-01-19T03:43:30.634+0000] {processor.py:208} INFO - Processing /home/vscode/.local/lib/python3.10/site-packages/airflow/example_dags/example_datasets.py took 0.109 seconds
[2025-01-19T03:44:21.773+0000] {processor.py:186} INFO - Started process (PID=15531) to work on /home/vscode/.local/lib/python3.10/site-packages/airflow/example_dags/example_datasets.py
[2025-01-19T03:44:21.774+0000] {processor.py:914} INFO - Processing file /home/vscode/.local/lib/python3.10/site-packages/airflow/example_dags/example_datasets.py for tasks to queue
[2025-01-19T03:44:21.776+0000] {logging_mixin.py:190} INFO - [2025-01-19T03:44:21.776+0000] {dagbag.py:588} INFO - Filling up the DagBag from /home/vscode/.local/lib/python3.10/site-packages/airflow/example_dags/example_datasets.py
[2025-01-19T03:44:21.788+0000] {processor.py:925} INFO - DAG(s) 'dataset_produces_1', 'consume_1_and_2_with_dataset_expressions', 'dataset_consumes_1_never_scheduled', 'consume_1_or_both_2_and_3_with_dataset_expressions', 'dataset_consumes_unknown_never_scheduled', 'dataset_produces_2', 'dataset_consumes_1_and_2', 'consume_1_or_2_with_dataset_expressions', 'conditional_dataset_and_time_based_timetable', 'dataset_consumes_1' retrieved from /home/vscode/.local/lib/python3.10/site-packages/airflow/example_dags/example_datasets.py
[2025-01-19T03:44:21.815+0000] {logging_mixin.py:190} INFO - [2025-01-19T03:44:21.815+0000] {dag.py:3239} INFO - Sync 10 DAGs
[2025-01-19T03:44:21.833+0000] {logging_mixin.py:190} INFO - [2025-01-19T03:44:21.833+0000] {dag.py:4180} INFO - Setting next_dagrun for conditional_dataset_and_time_based_timetable to 2025-01-15 01:00:00+00:00, run_after=2025-01-15 01:00:00+00:00
[2025-01-19T03:44:21.836+0000] {logging_mixin.py:190} INFO - [2025-01-19T03:44:21.836+0000] {dag.py:4180} INFO - Setting next_dagrun for consume_1_and_2_with_dataset_expressions to None, run_after=None
[2025-01-19T03:44:21.837+0000] {logging_mixin.py:190} INFO - [2025-01-19T03:44:21.836+0000] {dag.py:4180} INFO - Setting next_dagrun for consume_1_or_2_with_dataset_expressions to None, run_after=None
[2025-01-19T03:44:21.837+0000] {logging_mixin.py:190} INFO - [2025-01-19T03:44:21.837+0000] {dag.py:4180} INFO - Setting next_dagrun for consume_1_or_both_2_and_3_with_dataset_expressions to None, run_after=None
[2025-01-19T03:44:21.838+0000] {logging_mixin.py:190} INFO - [2025-01-19T03:44:21.838+0000] {dag.py:4180} INFO - Setting next_dagrun for dataset_consumes_1 to None, run_after=None
[2025-01-19T03:44:21.839+0000] {logging_mixin.py:190} INFO - [2025-01-19T03:44:21.839+0000] {dag.py:4180} INFO - Setting next_dagrun for dataset_consumes_1_and_2 to None, run_after=None
[2025-01-19T03:44:21.839+0000] {logging_mixin.py:190} INFO - [2025-01-19T03:44:21.839+0000] {dag.py:4180} INFO - Setting next_dagrun for dataset_consumes_1_never_scheduled to None, run_after=None
[2025-01-19T03:44:21.840+0000] {logging_mixin.py:190} INFO - [2025-01-19T03:44:21.840+0000] {dag.py:4180} INFO - Setting next_dagrun for dataset_consumes_unknown_never_scheduled to None, run_after=None
[2025-01-19T03:44:21.842+0000] {logging_mixin.py:190} INFO - [2025-01-19T03:44:21.842+0000] {dag.py:4180} INFO - Setting next_dagrun for dataset_produces_1 to 2025-01-18 00:00:00+00:00, run_after=2025-01-19 00:00:00+00:00
[2025-01-19T03:44:21.843+0000] {logging_mixin.py:190} INFO - [2025-01-19T03:44:21.842+0000] {dag.py:4180} INFO - Setting next_dagrun for dataset_produces_2 to None, run_after=None
[2025-01-19T03:44:21.869+0000] {processor.py:208} INFO - Processing /home/vscode/.local/lib/python3.10/site-packages/airflow/example_dags/example_datasets.py took 0.100 seconds
[2025-01-19T03:45:14.923+0000] {processor.py:186} INFO - Started process (PID=15892) to work on /home/vscode/.local/lib/python3.10/site-packages/airflow/example_dags/example_datasets.py
[2025-01-19T03:45:14.924+0000] {processor.py:914} INFO - Processing file /home/vscode/.local/lib/python3.10/site-packages/airflow/example_dags/example_datasets.py for tasks to queue
[2025-01-19T03:45:14.925+0000] {logging_mixin.py:190} INFO - [2025-01-19T03:45:14.925+0000] {dagbag.py:588} INFO - Filling up the DagBag from /home/vscode/.local/lib/python3.10/site-packages/airflow/example_dags/example_datasets.py
[2025-01-19T03:45:14.937+0000] {processor.py:925} INFO - DAG(s) 'dataset_consumes_1_and_2', 'dataset_produces_2', 'consume_1_or_both_2_and_3_with_dataset_expressions', 'dataset_consumes_1', 'dataset_produces_1', 'consume_1_and_2_with_dataset_expressions', 'conditional_dataset_and_time_based_timetable', 'dataset_consumes_unknown_never_scheduled', 'dataset_consumes_1_never_scheduled', 'consume_1_or_2_with_dataset_expressions' retrieved from /home/vscode/.local/lib/python3.10/site-packages/airflow/example_dags/example_datasets.py
[2025-01-19T03:45:14.964+0000] {logging_mixin.py:190} INFO - [2025-01-19T03:45:14.964+0000] {dag.py:3239} INFO - Sync 10 DAGs
[2025-01-19T03:45:14.981+0000] {logging_mixin.py:190} INFO - [2025-01-19T03:45:14.981+0000] {dag.py:4180} INFO - Setting next_dagrun for conditional_dataset_and_time_based_timetable to 2025-01-15 01:00:00+00:00, run_after=2025-01-15 01:00:00+00:00
[2025-01-19T03:45:14.984+0000] {logging_mixin.py:190} INFO - [2025-01-19T03:45:14.984+0000] {dag.py:4180} INFO - Setting next_dagrun for consume_1_and_2_with_dataset_expressions to None, run_after=None
[2025-01-19T03:45:14.985+0000] {logging_mixin.py:190} INFO - [2025-01-19T03:45:14.985+0000] {dag.py:4180} INFO - Setting next_dagrun for consume_1_or_2_with_dataset_expressions to None, run_after=None
[2025-01-19T03:45:14.985+0000] {logging_mixin.py:190} INFO - [2025-01-19T03:45:14.985+0000] {dag.py:4180} INFO - Setting next_dagrun for consume_1_or_both_2_and_3_with_dataset_expressions to None, run_after=None
[2025-01-19T03:45:14.986+0000] {logging_mixin.py:190} INFO - [2025-01-19T03:45:14.986+0000] {dag.py:4180} INFO - Setting next_dagrun for dataset_consumes_1 to None, run_after=None
[2025-01-19T03:45:14.987+0000] {logging_mixin.py:190} INFO - [2025-01-19T03:45:14.987+0000] {dag.py:4180} INFO - Setting next_dagrun for dataset_consumes_1_and_2 to None, run_after=None
[2025-01-19T03:45:14.988+0000] {logging_mixin.py:190} INFO - [2025-01-19T03:45:14.988+0000] {dag.py:4180} INFO - Setting next_dagrun for dataset_consumes_1_never_scheduled to None, run_after=None
[2025-01-19T03:45:14.988+0000] {logging_mixin.py:190} INFO - [2025-01-19T03:45:14.988+0000] {dag.py:4180} INFO - Setting next_dagrun for dataset_consumes_unknown_never_scheduled to None, run_after=None
[2025-01-19T03:45:14.990+0000] {logging_mixin.py:190} INFO - [2025-01-19T03:45:14.990+0000] {dag.py:4180} INFO - Setting next_dagrun for dataset_produces_1 to 2025-01-18 00:00:00+00:00, run_after=2025-01-19 00:00:00+00:00
[2025-01-19T03:45:14.991+0000] {logging_mixin.py:190} INFO - [2025-01-19T03:45:14.991+0000] {dag.py:4180} INFO - Setting next_dagrun for dataset_produces_2 to None, run_after=None
[2025-01-19T03:45:15.014+0000] {processor.py:208} INFO - Processing /home/vscode/.local/lib/python3.10/site-packages/airflow/example_dags/example_datasets.py took 0.095 seconds
[2025-01-19T03:46:05.642+0000] {processor.py:186} INFO - Started process (PID=16228) to work on /home/vscode/.local/lib/python3.10/site-packages/airflow/example_dags/example_datasets.py
[2025-01-19T03:46:05.643+0000] {processor.py:914} INFO - Processing file /home/vscode/.local/lib/python3.10/site-packages/airflow/example_dags/example_datasets.py for tasks to queue
[2025-01-19T03:46:05.644+0000] {logging_mixin.py:190} INFO - [2025-01-19T03:46:05.644+0000] {dagbag.py:588} INFO - Filling up the DagBag from /home/vscode/.local/lib/python3.10/site-packages/airflow/example_dags/example_datasets.py
[2025-01-19T03:46:05.656+0000] {processor.py:925} INFO - DAG(s) 'consume_1_or_both_2_and_3_with_dataset_expressions', 'dataset_consumes_1_and_2', 'conditional_dataset_and_time_based_timetable', 'consume_1_and_2_with_dataset_expressions', 'dataset_consumes_unknown_never_scheduled', 'dataset_produces_2', 'consume_1_or_2_with_dataset_expressions', 'dataset_consumes_1_never_scheduled', 'dataset_consumes_1', 'dataset_produces_1' retrieved from /home/vscode/.local/lib/python3.10/site-packages/airflow/example_dags/example_datasets.py
[2025-01-19T03:46:05.689+0000] {logging_mixin.py:190} INFO - [2025-01-19T03:46:05.689+0000] {dag.py:3239} INFO - Sync 10 DAGs
[2025-01-19T03:46:05.716+0000] {logging_mixin.py:190} INFO - [2025-01-19T03:46:05.716+0000] {dag.py:4180} INFO - Setting next_dagrun for conditional_dataset_and_time_based_timetable to 2025-01-15 01:00:00+00:00, run_after=2025-01-15 01:00:00+00:00
[2025-01-19T03:46:05.720+0000] {logging_mixin.py:190} INFO - [2025-01-19T03:46:05.720+0000] {dag.py:4180} INFO - Setting next_dagrun for consume_1_and_2_with_dataset_expressions to None, run_after=None
[2025-01-19T03:46:05.721+0000] {logging_mixin.py:190} INFO - [2025-01-19T03:46:05.721+0000] {dag.py:4180} INFO - Setting next_dagrun for consume_1_or_2_with_dataset_expressions to None, run_after=None
[2025-01-19T03:46:05.723+0000] {logging_mixin.py:190} INFO - [2025-01-19T03:46:05.722+0000] {dag.py:4180} INFO - Setting next_dagrun for consume_1_or_both_2_and_3_with_dataset_expressions to None, run_after=None
[2025-01-19T03:46:05.724+0000] {logging_mixin.py:190} INFO - [2025-01-19T03:46:05.724+0000] {dag.py:4180} INFO - Setting next_dagrun for dataset_consumes_1 to None, run_after=None
[2025-01-19T03:46:05.724+0000] {logging_mixin.py:190} INFO - [2025-01-19T03:46:05.724+0000] {dag.py:4180} INFO - Setting next_dagrun for dataset_consumes_1_and_2 to None, run_after=None
[2025-01-19T03:46:05.725+0000] {logging_mixin.py:190} INFO - [2025-01-19T03:46:05.725+0000] {dag.py:4180} INFO - Setting next_dagrun for dataset_consumes_1_never_scheduled to None, run_after=None
[2025-01-19T03:46:05.726+0000] {logging_mixin.py:190} INFO - [2025-01-19T03:46:05.726+0000] {dag.py:4180} INFO - Setting next_dagrun for dataset_consumes_unknown_never_scheduled to None, run_after=None
[2025-01-19T03:46:05.728+0000] {logging_mixin.py:190} INFO - [2025-01-19T03:46:05.728+0000] {dag.py:4180} INFO - Setting next_dagrun for dataset_produces_1 to 2025-01-18 00:00:00+00:00, run_after=2025-01-19 00:00:00+00:00
[2025-01-19T03:46:05.728+0000] {logging_mixin.py:190} INFO - [2025-01-19T03:46:05.728+0000] {dag.py:4180} INFO - Setting next_dagrun for dataset_produces_2 to None, run_after=None
[2025-01-19T03:46:05.753+0000] {processor.py:208} INFO - Processing /home/vscode/.local/lib/python3.10/site-packages/airflow/example_dags/example_datasets.py took 0.115 seconds
[2025-01-19T03:46:56.330+0000] {processor.py:186} INFO - Started process (PID=16567) to work on /home/vscode/.local/lib/python3.10/site-packages/airflow/example_dags/example_datasets.py
[2025-01-19T03:46:56.331+0000] {processor.py:914} INFO - Processing file /home/vscode/.local/lib/python3.10/site-packages/airflow/example_dags/example_datasets.py for tasks to queue
[2025-01-19T03:46:56.332+0000] {logging_mixin.py:190} INFO - [2025-01-19T03:46:56.332+0000] {dagbag.py:588} INFO - Filling up the DagBag from /home/vscode/.local/lib/python3.10/site-packages/airflow/example_dags/example_datasets.py
[2025-01-19T03:46:56.345+0000] {processor.py:925} INFO - DAG(s) 'consume_1_and_2_with_dataset_expressions', 'dataset_produces_1', 'dataset_consumes_unknown_never_scheduled', 'dataset_consumes_1_never_scheduled', 'consume_1_or_both_2_and_3_with_dataset_expressions', 'consume_1_or_2_with_dataset_expressions', 'conditional_dataset_and_time_based_timetable', 'dataset_produces_2', 'dataset_consumes_1', 'dataset_consumes_1_and_2' retrieved from /home/vscode/.local/lib/python3.10/site-packages/airflow/example_dags/example_datasets.py
[2025-01-19T03:46:56.382+0000] {logging_mixin.py:190} INFO - [2025-01-19T03:46:56.382+0000] {dag.py:3239} INFO - Sync 10 DAGs
[2025-01-19T03:46:56.410+0000] {logging_mixin.py:190} INFO - [2025-01-19T03:46:56.409+0000] {dag.py:4180} INFO - Setting next_dagrun for conditional_dataset_and_time_based_timetable to 2025-01-15 01:00:00+00:00, run_after=2025-01-15 01:00:00+00:00
[2025-01-19T03:46:56.412+0000] {logging_mixin.py:190} INFO - [2025-01-19T03:46:56.412+0000] {dag.py:4180} INFO - Setting next_dagrun for consume_1_and_2_with_dataset_expressions to None, run_after=None
[2025-01-19T03:46:56.413+0000] {logging_mixin.py:190} INFO - [2025-01-19T03:46:56.413+0000] {dag.py:4180} INFO - Setting next_dagrun for consume_1_or_2_with_dataset_expressions to None, run_after=None
[2025-01-19T03:46:56.414+0000] {logging_mixin.py:190} INFO - [2025-01-19T03:46:56.414+0000] {dag.py:4180} INFO - Setting next_dagrun for consume_1_or_both_2_and_3_with_dataset_expressions to None, run_after=None
[2025-01-19T03:46:56.415+0000] {logging_mixin.py:190} INFO - [2025-01-19T03:46:56.415+0000] {dag.py:4180} INFO - Setting next_dagrun for dataset_consumes_1 to None, run_after=None
[2025-01-19T03:46:56.416+0000] {logging_mixin.py:190} INFO - [2025-01-19T03:46:56.416+0000] {dag.py:4180} INFO - Setting next_dagrun for dataset_consumes_1_and_2 to None, run_after=None
[2025-01-19T03:46:56.417+0000] {logging_mixin.py:190} INFO - [2025-01-19T03:46:56.417+0000] {dag.py:4180} INFO - Setting next_dagrun for dataset_consumes_1_never_scheduled to None, run_after=None
[2025-01-19T03:46:56.418+0000] {logging_mixin.py:190} INFO - [2025-01-19T03:46:56.418+0000] {dag.py:4180} INFO - Setting next_dagrun for dataset_consumes_unknown_never_scheduled to None, run_after=None
[2025-01-19T03:46:56.421+0000] {logging_mixin.py:190} INFO - [2025-01-19T03:46:56.421+0000] {dag.py:4180} INFO - Setting next_dagrun for dataset_produces_1 to 2025-01-18 00:00:00+00:00, run_after=2025-01-19 00:00:00+00:00
[2025-01-19T03:46:56.422+0000] {logging_mixin.py:190} INFO - [2025-01-19T03:46:56.422+0000] {dag.py:4180} INFO - Setting next_dagrun for dataset_produces_2 to None, run_after=None
[2025-01-19T03:46:56.454+0000] {processor.py:208} INFO - Processing /home/vscode/.local/lib/python3.10/site-packages/airflow/example_dags/example_datasets.py took 0.128 seconds
[2025-01-19T03:47:48.438+0000] {processor.py:186} INFO - Started process (PID=16927) to work on /home/vscode/.local/lib/python3.10/site-packages/airflow/example_dags/example_datasets.py
[2025-01-19T03:47:48.439+0000] {processor.py:914} INFO - Processing file /home/vscode/.local/lib/python3.10/site-packages/airflow/example_dags/example_datasets.py for tasks to queue
[2025-01-19T03:47:48.440+0000] {logging_mixin.py:190} INFO - [2025-01-19T03:47:48.440+0000] {dagbag.py:588} INFO - Filling up the DagBag from /home/vscode/.local/lib/python3.10/site-packages/airflow/example_dags/example_datasets.py
[2025-01-19T03:47:48.452+0000] {processor.py:925} INFO - DAG(s) 'dataset_consumes_1', 'consume_1_and_2_with_dataset_expressions', 'conditional_dataset_and_time_based_timetable', 'dataset_produces_1', 'dataset_consumes_unknown_never_scheduled', 'dataset_consumes_1_and_2', 'consume_1_or_2_with_dataset_expressions', 'consume_1_or_both_2_and_3_with_dataset_expressions', 'dataset_consumes_1_never_scheduled', 'dataset_produces_2' retrieved from /home/vscode/.local/lib/python3.10/site-packages/airflow/example_dags/example_datasets.py
[2025-01-19T03:47:48.479+0000] {logging_mixin.py:190} INFO - [2025-01-19T03:47:48.479+0000] {dag.py:3239} INFO - Sync 10 DAGs
[2025-01-19T03:47:48.497+0000] {logging_mixin.py:190} INFO - [2025-01-19T03:47:48.496+0000] {dag.py:4180} INFO - Setting next_dagrun for conditional_dataset_and_time_based_timetable to 2025-01-15 01:00:00+00:00, run_after=2025-01-15 01:00:00+00:00
[2025-01-19T03:47:48.499+0000] {logging_mixin.py:190} INFO - [2025-01-19T03:47:48.499+0000] {dag.py:4180} INFO - Setting next_dagrun for consume_1_and_2_with_dataset_expressions to None, run_after=None
[2025-01-19T03:47:48.500+0000] {logging_mixin.py:190} INFO - [2025-01-19T03:47:48.500+0000] {dag.py:4180} INFO - Setting next_dagrun for consume_1_or_2_with_dataset_expressions to None, run_after=None
[2025-01-19T03:47:48.501+0000] {logging_mixin.py:190} INFO - [2025-01-19T03:47:48.500+0000] {dag.py:4180} INFO - Setting next_dagrun for consume_1_or_both_2_and_3_with_dataset_expressions to None, run_after=None
[2025-01-19T03:47:48.501+0000] {logging_mixin.py:190} INFO - [2025-01-19T03:47:48.501+0000] {dag.py:4180} INFO - Setting next_dagrun for dataset_consumes_1 to None, run_after=None
[2025-01-19T03:47:48.502+0000] {logging_mixin.py:190} INFO - [2025-01-19T03:47:48.502+0000] {dag.py:4180} INFO - Setting next_dagrun for dataset_consumes_1_and_2 to None, run_after=None
[2025-01-19T03:47:48.503+0000] {logging_mixin.py:190} INFO - [2025-01-19T03:47:48.503+0000] {dag.py:4180} INFO - Setting next_dagrun for dataset_consumes_1_never_scheduled to None, run_after=None
[2025-01-19T03:47:48.503+0000] {logging_mixin.py:190} INFO - [2025-01-19T03:47:48.503+0000] {dag.py:4180} INFO - Setting next_dagrun for dataset_consumes_unknown_never_scheduled to None, run_after=None
[2025-01-19T03:47:48.505+0000] {logging_mixin.py:190} INFO - [2025-01-19T03:47:48.505+0000] {dag.py:4180} INFO - Setting next_dagrun for dataset_produces_1 to 2025-01-18 00:00:00+00:00, run_after=2025-01-19 00:00:00+00:00
[2025-01-19T03:47:48.506+0000] {logging_mixin.py:190} INFO - [2025-01-19T03:47:48.506+0000] {dag.py:4180} INFO - Setting next_dagrun for dataset_produces_2 to None, run_after=None
[2025-01-19T03:47:48.528+0000] {processor.py:208} INFO - Processing /home/vscode/.local/lib/python3.10/site-packages/airflow/example_dags/example_datasets.py took 0.095 seconds
[2025-01-19T03:48:37.178+0000] {processor.py:186} INFO - Started process (PID=17268) to work on /home/vscode/.local/lib/python3.10/site-packages/airflow/example_dags/example_datasets.py
[2025-01-19T03:48:37.179+0000] {processor.py:914} INFO - Processing file /home/vscode/.local/lib/python3.10/site-packages/airflow/example_dags/example_datasets.py for tasks to queue
[2025-01-19T03:48:37.181+0000] {logging_mixin.py:190} INFO - [2025-01-19T03:48:37.180+0000] {dagbag.py:588} INFO - Filling up the DagBag from /home/vscode/.local/lib/python3.10/site-packages/airflow/example_dags/example_datasets.py
[2025-01-19T03:48:37.198+0000] {processor.py:925} INFO - DAG(s) 'dataset_consumes_1_never_scheduled', 'consume_1_or_2_with_dataset_expressions', 'consume_1_or_both_2_and_3_with_dataset_expressions', 'conditional_dataset_and_time_based_timetable', 'dataset_consumes_1_and_2', 'dataset_consumes_unknown_never_scheduled', 'dataset_consumes_1', 'dataset_produces_1', 'consume_1_and_2_with_dataset_expressions', 'dataset_produces_2' retrieved from /home/vscode/.local/lib/python3.10/site-packages/airflow/example_dags/example_datasets.py
[2025-01-19T03:48:37.224+0000] {logging_mixin.py:190} INFO - [2025-01-19T03:48:37.224+0000] {dag.py:3239} INFO - Sync 10 DAGs
[2025-01-19T03:48:37.243+0000] {logging_mixin.py:190} INFO - [2025-01-19T03:48:37.242+0000] {dag.py:4180} INFO - Setting next_dagrun for conditional_dataset_and_time_based_timetable to 2025-01-15 01:00:00+00:00, run_after=2025-01-15 01:00:00+00:00
[2025-01-19T03:48:37.245+0000] {logging_mixin.py:190} INFO - [2025-01-19T03:48:37.245+0000] {dag.py:4180} INFO - Setting next_dagrun for consume_1_and_2_with_dataset_expressions to None, run_after=None
[2025-01-19T03:48:37.246+0000] {logging_mixin.py:190} INFO - [2025-01-19T03:48:37.246+0000] {dag.py:4180} INFO - Setting next_dagrun for consume_1_or_2_with_dataset_expressions to None, run_after=None
[2025-01-19T03:48:37.247+0000] {logging_mixin.py:190} INFO - [2025-01-19T03:48:37.246+0000] {dag.py:4180} INFO - Setting next_dagrun for consume_1_or_both_2_and_3_with_dataset_expressions to None, run_after=None
[2025-01-19T03:48:37.247+0000] {logging_mixin.py:190} INFO - [2025-01-19T03:48:37.247+0000] {dag.py:4180} INFO - Setting next_dagrun for dataset_consumes_1 to None, run_after=None
[2025-01-19T03:48:37.248+0000] {logging_mixin.py:190} INFO - [2025-01-19T03:48:37.248+0000] {dag.py:4180} INFO - Setting next_dagrun for dataset_consumes_1_and_2 to None, run_after=None
[2025-01-19T03:48:37.249+0000] {logging_mixin.py:190} INFO - [2025-01-19T03:48:37.249+0000] {dag.py:4180} INFO - Setting next_dagrun for dataset_consumes_1_never_scheduled to None, run_after=None
[2025-01-19T03:48:37.249+0000] {logging_mixin.py:190} INFO - [2025-01-19T03:48:37.249+0000] {dag.py:4180} INFO - Setting next_dagrun for dataset_consumes_unknown_never_scheduled to None, run_after=None
[2025-01-19T03:48:37.251+0000] {logging_mixin.py:190} INFO - [2025-01-19T03:48:37.251+0000] {dag.py:4180} INFO - Setting next_dagrun for dataset_produces_1 to 2025-01-18 00:00:00+00:00, run_after=2025-01-19 00:00:00+00:00
[2025-01-19T03:48:37.252+0000] {logging_mixin.py:190} INFO - [2025-01-19T03:48:37.252+0000] {dag.py:4180} INFO - Setting next_dagrun for dataset_produces_2 to None, run_after=None
[2025-01-19T03:48:37.275+0000] {processor.py:208} INFO - Processing /home/vscode/.local/lib/python3.10/site-packages/airflow/example_dags/example_datasets.py took 0.101 seconds
[2025-01-19T03:49:29.451+0000] {processor.py:186} INFO - Started process (PID=17747) to work on /home/vscode/.local/lib/python3.10/site-packages/airflow/example_dags/example_datasets.py
[2025-01-19T03:49:29.451+0000] {processor.py:914} INFO - Processing file /home/vscode/.local/lib/python3.10/site-packages/airflow/example_dags/example_datasets.py for tasks to queue
[2025-01-19T03:49:29.453+0000] {logging_mixin.py:190} INFO - [2025-01-19T03:49:29.453+0000] {dagbag.py:588} INFO - Filling up the DagBag from /home/vscode/.local/lib/python3.10/site-packages/airflow/example_dags/example_datasets.py
[2025-01-19T03:49:29.465+0000] {processor.py:925} INFO - DAG(s) 'consume_1_and_2_with_dataset_expressions', 'dataset_produces_2', 'dataset_consumes_1', 'dataset_produces_1', 'consume_1_or_both_2_and_3_with_dataset_expressions', 'conditional_dataset_and_time_based_timetable', 'dataset_consumes_1_never_scheduled', 'dataset_consumes_1_and_2', 'dataset_consumes_unknown_never_scheduled', 'consume_1_or_2_with_dataset_expressions' retrieved from /home/vscode/.local/lib/python3.10/site-packages/airflow/example_dags/example_datasets.py
[2025-01-19T03:49:29.491+0000] {logging_mixin.py:190} INFO - [2025-01-19T03:49:29.491+0000] {dag.py:3239} INFO - Sync 10 DAGs
[2025-01-19T03:49:29.509+0000] {logging_mixin.py:190} INFO - [2025-01-19T03:49:29.509+0000] {dag.py:4180} INFO - Setting next_dagrun for conditional_dataset_and_time_based_timetable to 2025-01-15 01:00:00+00:00, run_after=2025-01-15 01:00:00+00:00
[2025-01-19T03:49:29.511+0000] {logging_mixin.py:190} INFO - [2025-01-19T03:49:29.511+0000] {dag.py:4180} INFO - Setting next_dagrun for consume_1_and_2_with_dataset_expressions to None, run_after=None
[2025-01-19T03:49:29.512+0000] {logging_mixin.py:190} INFO - [2025-01-19T03:49:29.512+0000] {dag.py:4180} INFO - Setting next_dagrun for consume_1_or_2_with_dataset_expressions to None, run_after=None
[2025-01-19T03:49:29.513+0000] {logging_mixin.py:190} INFO - [2025-01-19T03:49:29.513+0000] {dag.py:4180} INFO - Setting next_dagrun for consume_1_or_both_2_and_3_with_dataset_expressions to None, run_after=None
[2025-01-19T03:49:29.513+0000] {logging_mixin.py:190} INFO - [2025-01-19T03:49:29.513+0000] {dag.py:4180} INFO - Setting next_dagrun for dataset_consumes_1 to None, run_after=None
[2025-01-19T03:49:29.514+0000] {logging_mixin.py:190} INFO - [2025-01-19T03:49:29.514+0000] {dag.py:4180} INFO - Setting next_dagrun for dataset_consumes_1_and_2 to None, run_after=None
[2025-01-19T03:49:29.515+0000] {logging_mixin.py:190} INFO - [2025-01-19T03:49:29.515+0000] {dag.py:4180} INFO - Setting next_dagrun for dataset_consumes_1_never_scheduled to None, run_after=None
[2025-01-19T03:49:29.516+0000] {logging_mixin.py:190} INFO - [2025-01-19T03:49:29.516+0000] {dag.py:4180} INFO - Setting next_dagrun for dataset_consumes_unknown_never_scheduled to None, run_after=None
[2025-01-19T03:49:29.517+0000] {logging_mixin.py:190} INFO - [2025-01-19T03:49:29.517+0000] {dag.py:4180} INFO - Setting next_dagrun for dataset_produces_1 to 2025-01-18 00:00:00+00:00, run_after=2025-01-19 00:00:00+00:00
[2025-01-19T03:49:29.518+0000] {logging_mixin.py:190} INFO - [2025-01-19T03:49:29.518+0000] {dag.py:4180} INFO - Setting next_dagrun for dataset_produces_2 to None, run_after=None
[2025-01-19T03:49:29.543+0000] {processor.py:208} INFO - Processing /home/vscode/.local/lib/python3.10/site-packages/airflow/example_dags/example_datasets.py took 0.096 seconds
[2025-01-19T03:50:21.068+0000] {processor.py:186} INFO - Started process (PID=18132) to work on /home/vscode/.local/lib/python3.10/site-packages/airflow/example_dags/example_datasets.py
[2025-01-19T03:50:21.069+0000] {processor.py:914} INFO - Processing file /home/vscode/.local/lib/python3.10/site-packages/airflow/example_dags/example_datasets.py for tasks to queue
[2025-01-19T03:50:21.071+0000] {logging_mixin.py:190} INFO - [2025-01-19T03:50:21.071+0000] {dagbag.py:588} INFO - Filling up the DagBag from /home/vscode/.local/lib/python3.10/site-packages/airflow/example_dags/example_datasets.py
[2025-01-19T03:50:21.084+0000] {processor.py:925} INFO - DAG(s) 'dataset_consumes_unknown_never_scheduled', 'dataset_consumes_1_never_scheduled', 'consume_1_or_2_with_dataset_expressions', 'dataset_consumes_1_and_2', 'conditional_dataset_and_time_based_timetable', 'dataset_consumes_1', 'dataset_produces_2', 'consume_1_and_2_with_dataset_expressions', 'dataset_produces_1', 'consume_1_or_both_2_and_3_with_dataset_expressions' retrieved from /home/vscode/.local/lib/python3.10/site-packages/airflow/example_dags/example_datasets.py
[2025-01-19T03:50:21.111+0000] {logging_mixin.py:190} INFO - [2025-01-19T03:50:21.111+0000] {dag.py:3239} INFO - Sync 10 DAGs
[2025-01-19T03:50:21.134+0000] {logging_mixin.py:190} INFO - [2025-01-19T03:50:21.134+0000] {dag.py:4180} INFO - Setting next_dagrun for conditional_dataset_and_time_based_timetable to 2025-01-15 01:00:00+00:00, run_after=2025-01-15 01:00:00+00:00
[2025-01-19T03:50:21.136+0000] {logging_mixin.py:190} INFO - [2025-01-19T03:50:21.136+0000] {dag.py:4180} INFO - Setting next_dagrun for consume_1_and_2_with_dataset_expressions to None, run_after=None
[2025-01-19T03:50:21.137+0000] {logging_mixin.py:190} INFO - [2025-01-19T03:50:21.137+0000] {dag.py:4180} INFO - Setting next_dagrun for consume_1_or_2_with_dataset_expressions to None, run_after=None
[2025-01-19T03:50:21.138+0000] {logging_mixin.py:190} INFO - [2025-01-19T03:50:21.138+0000] {dag.py:4180} INFO - Setting next_dagrun for consume_1_or_both_2_and_3_with_dataset_expressions to None, run_after=None
[2025-01-19T03:50:21.139+0000] {logging_mixin.py:190} INFO - [2025-01-19T03:50:21.138+0000] {dag.py:4180} INFO - Setting next_dagrun for dataset_consumes_1 to None, run_after=None
[2025-01-19T03:50:21.139+0000] {logging_mixin.py:190} INFO - [2025-01-19T03:50:21.139+0000] {dag.py:4180} INFO - Setting next_dagrun for dataset_consumes_1_and_2 to None, run_after=None
[2025-01-19T03:50:21.140+0000] {logging_mixin.py:190} INFO - [2025-01-19T03:50:21.140+0000] {dag.py:4180} INFO - Setting next_dagrun for dataset_consumes_1_never_scheduled to None, run_after=None
[2025-01-19T03:50:21.141+0000] {logging_mixin.py:190} INFO - [2025-01-19T03:50:21.141+0000] {dag.py:4180} INFO - Setting next_dagrun for dataset_consumes_unknown_never_scheduled to None, run_after=None
[2025-01-19T03:50:21.142+0000] {logging_mixin.py:190} INFO - [2025-01-19T03:50:21.142+0000] {dag.py:4180} INFO - Setting next_dagrun for dataset_produces_1 to 2025-01-18 00:00:00+00:00, run_after=2025-01-19 00:00:00+00:00
[2025-01-19T03:50:21.143+0000] {logging_mixin.py:190} INFO - [2025-01-19T03:50:21.143+0000] {dag.py:4180} INFO - Setting next_dagrun for dataset_produces_2 to None, run_after=None
[2025-01-19T03:50:21.166+0000] {processor.py:208} INFO - Processing /home/vscode/.local/lib/python3.10/site-packages/airflow/example_dags/example_datasets.py took 0.104 seconds
[2025-01-19T03:51:11.071+0000] {processor.py:186} INFO - Started process (PID=18513) to work on /home/vscode/.local/lib/python3.10/site-packages/airflow/example_dags/example_datasets.py
[2025-01-19T03:51:11.071+0000] {processor.py:914} INFO - Processing file /home/vscode/.local/lib/python3.10/site-packages/airflow/example_dags/example_datasets.py for tasks to queue
[2025-01-19T03:51:11.073+0000] {logging_mixin.py:190} INFO - [2025-01-19T03:51:11.073+0000] {dagbag.py:588} INFO - Filling up the DagBag from /home/vscode/.local/lib/python3.10/site-packages/airflow/example_dags/example_datasets.py
[2025-01-19T03:51:11.086+0000] {processor.py:925} INFO - DAG(s) 'dataset_produces_2', 'dataset_consumes_1', 'dataset_consumes_1_and_2', 'consume_1_or_2_with_dataset_expressions', 'consume_1_or_both_2_and_3_with_dataset_expressions', 'dataset_consumes_1_never_scheduled', 'dataset_consumes_unknown_never_scheduled', 'consume_1_and_2_with_dataset_expressions', 'conditional_dataset_and_time_based_timetable', 'dataset_produces_1' retrieved from /home/vscode/.local/lib/python3.10/site-packages/airflow/example_dags/example_datasets.py
[2025-01-19T03:51:11.113+0000] {logging_mixin.py:190} INFO - [2025-01-19T03:51:11.113+0000] {dag.py:3239} INFO - Sync 10 DAGs
[2025-01-19T03:51:11.130+0000] {logging_mixin.py:190} INFO - [2025-01-19T03:51:11.130+0000] {dag.py:4180} INFO - Setting next_dagrun for conditional_dataset_and_time_based_timetable to 2025-01-15 01:00:00+00:00, run_after=2025-01-15 01:00:00+00:00
[2025-01-19T03:51:11.133+0000] {logging_mixin.py:190} INFO - [2025-01-19T03:51:11.133+0000] {dag.py:4180} INFO - Setting next_dagrun for consume_1_and_2_with_dataset_expressions to None, run_after=None
[2025-01-19T03:51:11.133+0000] {logging_mixin.py:190} INFO - [2025-01-19T03:51:11.133+0000] {dag.py:4180} INFO - Setting next_dagrun for consume_1_or_2_with_dataset_expressions to None, run_after=None
[2025-01-19T03:51:11.134+0000] {logging_mixin.py:190} INFO - [2025-01-19T03:51:11.134+0000] {dag.py:4180} INFO - Setting next_dagrun for consume_1_or_both_2_and_3_with_dataset_expressions to None, run_after=None
[2025-01-19T03:51:11.135+0000] {logging_mixin.py:190} INFO - [2025-01-19T03:51:11.135+0000] {dag.py:4180} INFO - Setting next_dagrun for dataset_consumes_1 to None, run_after=None
[2025-01-19T03:51:11.136+0000] {logging_mixin.py:190} INFO - [2025-01-19T03:51:11.136+0000] {dag.py:4180} INFO - Setting next_dagrun for dataset_consumes_1_and_2 to None, run_after=None
[2025-01-19T03:51:11.136+0000] {logging_mixin.py:190} INFO - [2025-01-19T03:51:11.136+0000] {dag.py:4180} INFO - Setting next_dagrun for dataset_consumes_1_never_scheduled to None, run_after=None
[2025-01-19T03:51:11.137+0000] {logging_mixin.py:190} INFO - [2025-01-19T03:51:11.137+0000] {dag.py:4180} INFO - Setting next_dagrun for dataset_consumes_unknown_never_scheduled to None, run_after=None
[2025-01-19T03:51:11.139+0000] {logging_mixin.py:190} INFO - [2025-01-19T03:51:11.139+0000] {dag.py:4180} INFO - Setting next_dagrun for dataset_produces_1 to 2025-01-18 00:00:00+00:00, run_after=2025-01-19 00:00:00+00:00
[2025-01-19T03:51:11.140+0000] {logging_mixin.py:190} INFO - [2025-01-19T03:51:11.140+0000] {dag.py:4180} INFO - Setting next_dagrun for dataset_produces_2 to None, run_after=None
[2025-01-19T03:51:11.162+0000] {processor.py:208} INFO - Processing /home/vscode/.local/lib/python3.10/site-packages/airflow/example_dags/example_datasets.py took 0.096 seconds
[2025-01-19T03:55:27.720+0000] {processor.py:186} INFO - Started process (PID=20329) to work on /home/vscode/.local/lib/python3.10/site-packages/airflow/example_dags/example_datasets.py
[2025-01-19T03:55:27.720+0000] {processor.py:914} INFO - Processing file /home/vscode/.local/lib/python3.10/site-packages/airflow/example_dags/example_datasets.py for tasks to queue
[2025-01-19T03:55:27.722+0000] {logging_mixin.py:190} INFO - [2025-01-19T03:55:27.722+0000] {dagbag.py:588} INFO - Filling up the DagBag from /home/vscode/.local/lib/python3.10/site-packages/airflow/example_dags/example_datasets.py
[2025-01-19T03:55:27.734+0000] {processor.py:925} INFO - DAG(s) 'dataset_consumes_1', 'consume_1_or_both_2_and_3_with_dataset_expressions', 'consume_1_and_2_with_dataset_expressions', 'dataset_produces_2', 'dataset_consumes_1_never_scheduled', 'consume_1_or_2_with_dataset_expressions', 'dataset_consumes_unknown_never_scheduled', 'dataset_produces_1', 'conditional_dataset_and_time_based_timetable', 'dataset_consumes_1_and_2' retrieved from /home/vscode/.local/lib/python3.10/site-packages/airflow/example_dags/example_datasets.py
[2025-01-19T03:55:27.762+0000] {logging_mixin.py:190} INFO - [2025-01-19T03:55:27.762+0000] {dag.py:3239} INFO - Sync 10 DAGs
[2025-01-19T03:55:27.780+0000] {logging_mixin.py:190} INFO - [2025-01-19T03:55:27.780+0000] {dag.py:4180} INFO - Setting next_dagrun for conditional_dataset_and_time_based_timetable to 2025-01-15 01:00:00+00:00, run_after=2025-01-15 01:00:00+00:00
[2025-01-19T03:55:27.783+0000] {logging_mixin.py:190} INFO - [2025-01-19T03:55:27.783+0000] {dag.py:4180} INFO - Setting next_dagrun for consume_1_and_2_with_dataset_expressions to None, run_after=None
[2025-01-19T03:55:27.783+0000] {logging_mixin.py:190} INFO - [2025-01-19T03:55:27.783+0000] {dag.py:4180} INFO - Setting next_dagrun for consume_1_or_2_with_dataset_expressions to None, run_after=None
[2025-01-19T03:55:27.784+0000] {logging_mixin.py:190} INFO - [2025-01-19T03:55:27.784+0000] {dag.py:4180} INFO - Setting next_dagrun for consume_1_or_both_2_and_3_with_dataset_expressions to None, run_after=None
[2025-01-19T03:55:27.785+0000] {logging_mixin.py:190} INFO - [2025-01-19T03:55:27.785+0000] {dag.py:4180} INFO - Setting next_dagrun for dataset_consumes_1 to None, run_after=None
[2025-01-19T03:55:27.786+0000] {logging_mixin.py:190} INFO - [2025-01-19T03:55:27.785+0000] {dag.py:4180} INFO - Setting next_dagrun for dataset_consumes_1_and_2 to None, run_after=None
[2025-01-19T03:55:27.786+0000] {logging_mixin.py:190} INFO - [2025-01-19T03:55:27.786+0000] {dag.py:4180} INFO - Setting next_dagrun for dataset_consumes_1_never_scheduled to None, run_after=None
[2025-01-19T03:55:27.787+0000] {logging_mixin.py:190} INFO - [2025-01-19T03:55:27.787+0000] {dag.py:4180} INFO - Setting next_dagrun for dataset_consumes_unknown_never_scheduled to None, run_after=None
[2025-01-19T03:55:27.789+0000] {logging_mixin.py:190} INFO - [2025-01-19T03:55:27.789+0000] {dag.py:4180} INFO - Setting next_dagrun for dataset_produces_1 to 2025-01-18 00:00:00+00:00, run_after=2025-01-19 00:00:00+00:00
[2025-01-19T03:55:27.790+0000] {logging_mixin.py:190} INFO - [2025-01-19T03:55:27.790+0000] {dag.py:4180} INFO - Setting next_dagrun for dataset_produces_2 to None, run_after=None
[2025-01-19T03:55:27.811+0000] {processor.py:208} INFO - Processing /home/vscode/.local/lib/python3.10/site-packages/airflow/example_dags/example_datasets.py took 0.096 seconds
[2025-01-19T03:56:24.162+0000] {processor.py:186} INFO - Started process (PID=20712) to work on /home/vscode/.local/lib/python3.10/site-packages/airflow/example_dags/example_datasets.py
[2025-01-19T03:56:24.163+0000] {processor.py:914} INFO - Processing file /home/vscode/.local/lib/python3.10/site-packages/airflow/example_dags/example_datasets.py for tasks to queue
[2025-01-19T03:56:24.165+0000] {logging_mixin.py:190} INFO - [2025-01-19T03:56:24.165+0000] {dagbag.py:588} INFO - Filling up the DagBag from /home/vscode/.local/lib/python3.10/site-packages/airflow/example_dags/example_datasets.py
[2025-01-19T03:56:24.182+0000] {processor.py:925} INFO - DAG(s) 'dataset_produces_2', 'consume_1_and_2_with_dataset_expressions', 'dataset_produces_1', 'consume_1_or_2_with_dataset_expressions', 'consume_1_or_both_2_and_3_with_dataset_expressions', 'dataset_consumes_unknown_never_scheduled', 'conditional_dataset_and_time_based_timetable', 'dataset_consumes_1', 'dataset_consumes_1_and_2', 'dataset_consumes_1_never_scheduled' retrieved from /home/vscode/.local/lib/python3.10/site-packages/airflow/example_dags/example_datasets.py
[2025-01-19T03:56:24.209+0000] {logging_mixin.py:190} INFO - [2025-01-19T03:56:24.208+0000] {dag.py:3239} INFO - Sync 10 DAGs
[2025-01-19T03:56:24.226+0000] {logging_mixin.py:190} INFO - [2025-01-19T03:56:24.225+0000] {dag.py:4180} INFO - Setting next_dagrun for conditional_dataset_and_time_based_timetable to 2025-01-15 01:00:00+00:00, run_after=2025-01-15 01:00:00+00:00
[2025-01-19T03:56:24.228+0000] {logging_mixin.py:190} INFO - [2025-01-19T03:56:24.228+0000] {dag.py:4180} INFO - Setting next_dagrun for consume_1_and_2_with_dataset_expressions to None, run_after=None
[2025-01-19T03:56:24.229+0000] {logging_mixin.py:190} INFO - [2025-01-19T03:56:24.229+0000] {dag.py:4180} INFO - Setting next_dagrun for consume_1_or_2_with_dataset_expressions to None, run_after=None
[2025-01-19T03:56:24.230+0000] {logging_mixin.py:190} INFO - [2025-01-19T03:56:24.229+0000] {dag.py:4180} INFO - Setting next_dagrun for consume_1_or_both_2_and_3_with_dataset_expressions to None, run_after=None
[2025-01-19T03:56:24.231+0000] {logging_mixin.py:190} INFO - [2025-01-19T03:56:24.231+0000] {dag.py:4180} INFO - Setting next_dagrun for dataset_consumes_1 to None, run_after=None
[2025-01-19T03:56:24.232+0000] {logging_mixin.py:190} INFO - [2025-01-19T03:56:24.232+0000] {dag.py:4180} INFO - Setting next_dagrun for dataset_consumes_1_and_2 to None, run_after=None
[2025-01-19T03:56:24.233+0000] {logging_mixin.py:190} INFO - [2025-01-19T03:56:24.233+0000] {dag.py:4180} INFO - Setting next_dagrun for dataset_consumes_1_never_scheduled to None, run_after=None
[2025-01-19T03:56:24.233+0000] {logging_mixin.py:190} INFO - [2025-01-19T03:56:24.233+0000] {dag.py:4180} INFO - Setting next_dagrun for dataset_consumes_unknown_never_scheduled to None, run_after=None
[2025-01-19T03:56:24.235+0000] {logging_mixin.py:190} INFO - [2025-01-19T03:56:24.235+0000] {dag.py:4180} INFO - Setting next_dagrun for dataset_produces_1 to 2025-01-18 00:00:00+00:00, run_after=2025-01-19 00:00:00+00:00
[2025-01-19T03:56:24.236+0000] {logging_mixin.py:190} INFO - [2025-01-19T03:56:24.236+0000] {dag.py:4180} INFO - Setting next_dagrun for dataset_produces_2 to None, run_after=None
[2025-01-19T03:56:24.258+0000] {processor.py:208} INFO - Processing /home/vscode/.local/lib/python3.10/site-packages/airflow/example_dags/example_datasets.py took 0.100 seconds
[2025-01-19T03:57:20.146+0000] {processor.py:186} INFO - Started process (PID=21094) to work on /home/vscode/.local/lib/python3.10/site-packages/airflow/example_dags/example_datasets.py
[2025-01-19T03:57:20.147+0000] {processor.py:914} INFO - Processing file /home/vscode/.local/lib/python3.10/site-packages/airflow/example_dags/example_datasets.py for tasks to queue
[2025-01-19T03:57:20.149+0000] {logging_mixin.py:190} INFO - [2025-01-19T03:57:20.148+0000] {dagbag.py:588} INFO - Filling up the DagBag from /home/vscode/.local/lib/python3.10/site-packages/airflow/example_dags/example_datasets.py
[2025-01-19T03:57:20.160+0000] {processor.py:925} INFO - DAG(s) 'dataset_consumes_1', 'conditional_dataset_and_time_based_timetable', 'dataset_consumes_1_and_2', 'dataset_produces_1', 'consume_1_and_2_with_dataset_expressions', 'dataset_consumes_unknown_never_scheduled', 'dataset_produces_2', 'dataset_consumes_1_never_scheduled', 'consume_1_or_2_with_dataset_expressions', 'consume_1_or_both_2_and_3_with_dataset_expressions' retrieved from /home/vscode/.local/lib/python3.10/site-packages/airflow/example_dags/example_datasets.py
[2025-01-19T03:57:20.187+0000] {logging_mixin.py:190} INFO - [2025-01-19T03:57:20.187+0000] {dag.py:3239} INFO - Sync 10 DAGs
[2025-01-19T03:57:20.204+0000] {logging_mixin.py:190} INFO - [2025-01-19T03:57:20.204+0000] {dag.py:4180} INFO - Setting next_dagrun for conditional_dataset_and_time_based_timetable to 2025-01-15 01:00:00+00:00, run_after=2025-01-15 01:00:00+00:00
[2025-01-19T03:57:20.207+0000] {logging_mixin.py:190} INFO - [2025-01-19T03:57:20.206+0000] {dag.py:4180} INFO - Setting next_dagrun for consume_1_and_2_with_dataset_expressions to None, run_after=None
[2025-01-19T03:57:20.207+0000] {logging_mixin.py:190} INFO - [2025-01-19T03:57:20.207+0000] {dag.py:4180} INFO - Setting next_dagrun for consume_1_or_2_with_dataset_expressions to None, run_after=None
[2025-01-19T03:57:20.208+0000] {logging_mixin.py:190} INFO - [2025-01-19T03:57:20.208+0000] {dag.py:4180} INFO - Setting next_dagrun for consume_1_or_both_2_and_3_with_dataset_expressions to None, run_after=None
[2025-01-19T03:57:20.209+0000] {logging_mixin.py:190} INFO - [2025-01-19T03:57:20.209+0000] {dag.py:4180} INFO - Setting next_dagrun for dataset_consumes_1 to None, run_after=None
[2025-01-19T03:57:20.210+0000] {logging_mixin.py:190} INFO - [2025-01-19T03:57:20.210+0000] {dag.py:4180} INFO - Setting next_dagrun for dataset_consumes_1_and_2 to None, run_after=None
[2025-01-19T03:57:20.210+0000] {logging_mixin.py:190} INFO - [2025-01-19T03:57:20.210+0000] {dag.py:4180} INFO - Setting next_dagrun for dataset_consumes_1_never_scheduled to None, run_after=None
[2025-01-19T03:57:20.211+0000] {logging_mixin.py:190} INFO - [2025-01-19T03:57:20.211+0000] {dag.py:4180} INFO - Setting next_dagrun for dataset_consumes_unknown_never_scheduled to None, run_after=None
[2025-01-19T03:57:20.213+0000] {logging_mixin.py:190} INFO - [2025-01-19T03:57:20.213+0000] {dag.py:4180} INFO - Setting next_dagrun for dataset_produces_1 to 2025-01-18 00:00:00+00:00, run_after=2025-01-19 00:00:00+00:00
[2025-01-19T03:57:20.214+0000] {logging_mixin.py:190} INFO - [2025-01-19T03:57:20.213+0000] {dag.py:4180} INFO - Setting next_dagrun for dataset_produces_2 to None, run_after=None
[2025-01-19T03:57:20.237+0000] {processor.py:208} INFO - Processing /home/vscode/.local/lib/python3.10/site-packages/airflow/example_dags/example_datasets.py took 0.095 seconds
[2025-01-19T03:58:12.672+0000] {processor.py:186} INFO - Started process (PID=21454) to work on /home/vscode/.local/lib/python3.10/site-packages/airflow/example_dags/example_datasets.py
[2025-01-19T03:58:12.672+0000] {processor.py:914} INFO - Processing file /home/vscode/.local/lib/python3.10/site-packages/airflow/example_dags/example_datasets.py for tasks to queue
[2025-01-19T03:58:12.674+0000] {logging_mixin.py:190} INFO - [2025-01-19T03:58:12.674+0000] {dagbag.py:588} INFO - Filling up the DagBag from /home/vscode/.local/lib/python3.10/site-packages/airflow/example_dags/example_datasets.py
[2025-01-19T03:58:12.686+0000] {processor.py:925} INFO - DAG(s) 'dataset_consumes_1_and_2', 'consume_1_or_2_with_dataset_expressions', 'consume_1_or_both_2_and_3_with_dataset_expressions', 'consume_1_and_2_with_dataset_expressions', 'conditional_dataset_and_time_based_timetable', 'dataset_consumes_1', 'dataset_consumes_unknown_never_scheduled', 'dataset_produces_1', 'dataset_consumes_1_never_scheduled', 'dataset_produces_2' retrieved from /home/vscode/.local/lib/python3.10/site-packages/airflow/example_dags/example_datasets.py
[2025-01-19T03:58:12.712+0000] {logging_mixin.py:190} INFO - [2025-01-19T03:58:12.712+0000] {dag.py:3239} INFO - Sync 10 DAGs
[2025-01-19T03:58:12.729+0000] {logging_mixin.py:190} INFO - [2025-01-19T03:58:12.729+0000] {dag.py:4180} INFO - Setting next_dagrun for conditional_dataset_and_time_based_timetable to 2025-01-15 01:00:00+00:00, run_after=2025-01-15 01:00:00+00:00
[2025-01-19T03:58:12.732+0000] {logging_mixin.py:190} INFO - [2025-01-19T03:58:12.731+0000] {dag.py:4180} INFO - Setting next_dagrun for consume_1_and_2_with_dataset_expressions to None, run_after=None
[2025-01-19T03:58:12.732+0000] {logging_mixin.py:190} INFO - [2025-01-19T03:58:12.732+0000] {dag.py:4180} INFO - Setting next_dagrun for consume_1_or_2_with_dataset_expressions to None, run_after=None
[2025-01-19T03:58:12.733+0000] {logging_mixin.py:190} INFO - [2025-01-19T03:58:12.733+0000] {dag.py:4180} INFO - Setting next_dagrun for consume_1_or_both_2_and_3_with_dataset_expressions to None, run_after=None
[2025-01-19T03:58:12.734+0000] {logging_mixin.py:190} INFO - [2025-01-19T03:58:12.734+0000] {dag.py:4180} INFO - Setting next_dagrun for dataset_consumes_1 to None, run_after=None
[2025-01-19T03:58:12.735+0000] {logging_mixin.py:190} INFO - [2025-01-19T03:58:12.734+0000] {dag.py:4180} INFO - Setting next_dagrun for dataset_consumes_1_and_2 to None, run_after=None
[2025-01-19T03:58:12.735+0000] {logging_mixin.py:190} INFO - [2025-01-19T03:58:12.735+0000] {dag.py:4180} INFO - Setting next_dagrun for dataset_consumes_1_never_scheduled to None, run_after=None
[2025-01-19T03:58:12.736+0000] {logging_mixin.py:190} INFO - [2025-01-19T03:58:12.736+0000] {dag.py:4180} INFO - Setting next_dagrun for dataset_consumes_unknown_never_scheduled to None, run_after=None
[2025-01-19T03:58:12.738+0000] {logging_mixin.py:190} INFO - [2025-01-19T03:58:12.738+0000] {dag.py:4180} INFO - Setting next_dagrun for dataset_produces_1 to 2025-01-18 00:00:00+00:00, run_after=2025-01-19 00:00:00+00:00
[2025-01-19T03:58:12.739+0000] {logging_mixin.py:190} INFO - [2025-01-19T03:58:12.739+0000] {dag.py:4180} INFO - Setting next_dagrun for dataset_produces_2 to None, run_after=None
[2025-01-19T03:58:12.763+0000] {processor.py:208} INFO - Processing /home/vscode/.local/lib/python3.10/site-packages/airflow/example_dags/example_datasets.py took 0.095 seconds
[2025-01-19T03:59:03.813+0000] {processor.py:186} INFO - Started process (PID=21796) to work on /home/vscode/.local/lib/python3.10/site-packages/airflow/example_dags/example_datasets.py
[2025-01-19T03:59:03.814+0000] {processor.py:914} INFO - Processing file /home/vscode/.local/lib/python3.10/site-packages/airflow/example_dags/example_datasets.py for tasks to queue
[2025-01-19T03:59:03.816+0000] {logging_mixin.py:190} INFO - [2025-01-19T03:59:03.815+0000] {dagbag.py:588} INFO - Filling up the DagBag from /home/vscode/.local/lib/python3.10/site-packages/airflow/example_dags/example_datasets.py
[2025-01-19T03:59:03.828+0000] {processor.py:925} INFO - DAG(s) 'consume_1_and_2_with_dataset_expressions', 'dataset_produces_2', 'dataset_produces_1', 'conditional_dataset_and_time_based_timetable', 'dataset_consumes_1', 'dataset_consumes_1_and_2', 'consume_1_or_both_2_and_3_with_dataset_expressions', 'dataset_consumes_1_never_scheduled', 'dataset_consumes_unknown_never_scheduled', 'consume_1_or_2_with_dataset_expressions' retrieved from /home/vscode/.local/lib/python3.10/site-packages/airflow/example_dags/example_datasets.py
[2025-01-19T03:59:03.855+0000] {logging_mixin.py:190} INFO - [2025-01-19T03:59:03.854+0000] {dag.py:3239} INFO - Sync 10 DAGs
[2025-01-19T03:59:03.872+0000] {logging_mixin.py:190} INFO - [2025-01-19T03:59:03.872+0000] {dag.py:4180} INFO - Setting next_dagrun for conditional_dataset_and_time_based_timetable to 2025-01-15 01:00:00+00:00, run_after=2025-01-15 01:00:00+00:00
[2025-01-19T03:59:03.875+0000] {logging_mixin.py:190} INFO - [2025-01-19T03:59:03.875+0000] {dag.py:4180} INFO - Setting next_dagrun for consume_1_and_2_with_dataset_expressions to None, run_after=None
[2025-01-19T03:59:03.876+0000] {logging_mixin.py:190} INFO - [2025-01-19T03:59:03.875+0000] {dag.py:4180} INFO - Setting next_dagrun for consume_1_or_2_with_dataset_expressions to None, run_after=None
[2025-01-19T03:59:03.876+0000] {logging_mixin.py:190} INFO - [2025-01-19T03:59:03.876+0000] {dag.py:4180} INFO - Setting next_dagrun for consume_1_or_both_2_and_3_with_dataset_expressions to None, run_after=None
[2025-01-19T03:59:03.877+0000] {logging_mixin.py:190} INFO - [2025-01-19T03:59:03.877+0000] {dag.py:4180} INFO - Setting next_dagrun for dataset_consumes_1 to None, run_after=None
[2025-01-19T03:59:03.878+0000] {logging_mixin.py:190} INFO - [2025-01-19T03:59:03.878+0000] {dag.py:4180} INFO - Setting next_dagrun for dataset_consumes_1_and_2 to None, run_after=None
[2025-01-19T03:59:03.879+0000] {logging_mixin.py:190} INFO - [2025-01-19T03:59:03.878+0000] {dag.py:4180} INFO - Setting next_dagrun for dataset_consumes_1_never_scheduled to None, run_after=None
[2025-01-19T03:59:03.879+0000] {logging_mixin.py:190} INFO - [2025-01-19T03:59:03.879+0000] {dag.py:4180} INFO - Setting next_dagrun for dataset_consumes_unknown_never_scheduled to None, run_after=None
[2025-01-19T03:59:03.881+0000] {logging_mixin.py:190} INFO - [2025-01-19T03:59:03.881+0000] {dag.py:4180} INFO - Setting next_dagrun for dataset_produces_1 to 2025-01-18 00:00:00+00:00, run_after=2025-01-19 00:00:00+00:00
[2025-01-19T03:59:03.882+0000] {logging_mixin.py:190} INFO - [2025-01-19T03:59:03.882+0000] {dag.py:4180} INFO - Setting next_dagrun for dataset_produces_2 to None, run_after=None
[2025-01-19T03:59:03.905+0000] {processor.py:208} INFO - Processing /home/vscode/.local/lib/python3.10/site-packages/airflow/example_dags/example_datasets.py took 0.096 seconds
[2025-01-19T03:59:54.508+0000] {processor.py:186} INFO - Started process (PID=22148) to work on /home/vscode/.local/lib/python3.10/site-packages/airflow/example_dags/example_datasets.py
[2025-01-19T03:59:54.508+0000] {processor.py:914} INFO - Processing file /home/vscode/.local/lib/python3.10/site-packages/airflow/example_dags/example_datasets.py for tasks to queue
[2025-01-19T03:59:54.510+0000] {logging_mixin.py:190} INFO - [2025-01-19T03:59:54.509+0000] {dagbag.py:588} INFO - Filling up the DagBag from /home/vscode/.local/lib/python3.10/site-packages/airflow/example_dags/example_datasets.py
[2025-01-19T03:59:54.522+0000] {processor.py:925} INFO - DAG(s) 'dataset_consumes_1_never_scheduled', 'dataset_consumes_1_and_2', 'dataset_consumes_unknown_never_scheduled', 'consume_1_or_2_with_dataset_expressions', 'dataset_produces_2', 'conditional_dataset_and_time_based_timetable', 'consume_1_or_both_2_and_3_with_dataset_expressions', 'dataset_produces_1', 'consume_1_and_2_with_dataset_expressions', 'dataset_consumes_1' retrieved from /home/vscode/.local/lib/python3.10/site-packages/airflow/example_dags/example_datasets.py
[2025-01-19T03:59:54.549+0000] {logging_mixin.py:190} INFO - [2025-01-19T03:59:54.549+0000] {dag.py:3239} INFO - Sync 10 DAGs
[2025-01-19T03:59:54.567+0000] {logging_mixin.py:190} INFO - [2025-01-19T03:59:54.566+0000] {dag.py:4180} INFO - Setting next_dagrun for conditional_dataset_and_time_based_timetable to 2025-01-15 01:00:00+00:00, run_after=2025-01-15 01:00:00+00:00
[2025-01-19T03:59:54.569+0000] {logging_mixin.py:190} INFO - [2025-01-19T03:59:54.569+0000] {dag.py:4180} INFO - Setting next_dagrun for consume_1_and_2_with_dataset_expressions to None, run_after=None
[2025-01-19T03:59:54.570+0000] {logging_mixin.py:190} INFO - [2025-01-19T03:59:54.570+0000] {dag.py:4180} INFO - Setting next_dagrun for consume_1_or_2_with_dataset_expressions to None, run_after=None
[2025-01-19T03:59:54.571+0000] {logging_mixin.py:190} INFO - [2025-01-19T03:59:54.570+0000] {dag.py:4180} INFO - Setting next_dagrun for consume_1_or_both_2_and_3_with_dataset_expressions to None, run_after=None
[2025-01-19T03:59:54.571+0000] {logging_mixin.py:190} INFO - [2025-01-19T03:59:54.571+0000] {dag.py:4180} INFO - Setting next_dagrun for dataset_consumes_1 to None, run_after=None
[2025-01-19T03:59:54.572+0000] {logging_mixin.py:190} INFO - [2025-01-19T03:59:54.572+0000] {dag.py:4180} INFO - Setting next_dagrun for dataset_consumes_1_and_2 to None, run_after=None
[2025-01-19T03:59:54.573+0000] {logging_mixin.py:190} INFO - [2025-01-19T03:59:54.573+0000] {dag.py:4180} INFO - Setting next_dagrun for dataset_consumes_1_never_scheduled to None, run_after=None
[2025-01-19T03:59:54.574+0000] {logging_mixin.py:190} INFO - [2025-01-19T03:59:54.573+0000] {dag.py:4180} INFO - Setting next_dagrun for dataset_consumes_unknown_never_scheduled to None, run_after=None
[2025-01-19T03:59:54.575+0000] {logging_mixin.py:190} INFO - [2025-01-19T03:59:54.575+0000] {dag.py:4180} INFO - Setting next_dagrun for dataset_produces_1 to 2025-01-18 00:00:00+00:00, run_after=2025-01-19 00:00:00+00:00
[2025-01-19T03:59:54.576+0000] {logging_mixin.py:190} INFO - [2025-01-19T03:59:54.576+0000] {dag.py:4180} INFO - Setting next_dagrun for dataset_produces_2 to None, run_after=None
[2025-01-19T03:59:54.602+0000] {processor.py:208} INFO - Processing /home/vscode/.local/lib/python3.10/site-packages/airflow/example_dags/example_datasets.py took 0.098 seconds
[2025-01-19T04:00:47.619+0000] {processor.py:186} INFO - Started process (PID=22507) to work on /home/vscode/.local/lib/python3.10/site-packages/airflow/example_dags/example_datasets.py
[2025-01-19T04:00:47.620+0000] {processor.py:914} INFO - Processing file /home/vscode/.local/lib/python3.10/site-packages/airflow/example_dags/example_datasets.py for tasks to queue
[2025-01-19T04:00:47.622+0000] {logging_mixin.py:190} INFO - [2025-01-19T04:00:47.622+0000] {dagbag.py:588} INFO - Filling up the DagBag from /home/vscode/.local/lib/python3.10/site-packages/airflow/example_dags/example_datasets.py
[2025-01-19T04:00:47.639+0000] {processor.py:925} INFO - DAG(s) 'dataset_consumes_1', 'consume_1_or_2_with_dataset_expressions', 'consume_1_or_both_2_and_3_with_dataset_expressions', 'dataset_produces_1', 'dataset_consumes_1_never_scheduled', 'consume_1_and_2_with_dataset_expressions', 'conditional_dataset_and_time_based_timetable', 'dataset_consumes_unknown_never_scheduled', 'dataset_produces_2', 'dataset_consumes_1_and_2' retrieved from /home/vscode/.local/lib/python3.10/site-packages/airflow/example_dags/example_datasets.py
[2025-01-19T04:00:47.673+0000] {logging_mixin.py:190} INFO - [2025-01-19T04:00:47.673+0000] {dag.py:3239} INFO - Sync 10 DAGs
[2025-01-19T04:00:47.691+0000] {logging_mixin.py:190} INFO - [2025-01-19T04:00:47.690+0000] {dag.py:4180} INFO - Setting next_dagrun for conditional_dataset_and_time_based_timetable to 2025-01-15 01:00:00+00:00, run_after=2025-01-15 01:00:00+00:00
[2025-01-19T04:00:47.694+0000] {logging_mixin.py:190} INFO - [2025-01-19T04:00:47.694+0000] {dag.py:4180} INFO - Setting next_dagrun for consume_1_and_2_with_dataset_expressions to None, run_after=None
[2025-01-19T04:00:47.695+0000] {logging_mixin.py:190} INFO - [2025-01-19T04:00:47.695+0000] {dag.py:4180} INFO - Setting next_dagrun for consume_1_or_2_with_dataset_expressions to None, run_after=None
[2025-01-19T04:00:47.696+0000] {logging_mixin.py:190} INFO - [2025-01-19T04:00:47.696+0000] {dag.py:4180} INFO - Setting next_dagrun for consume_1_or_both_2_and_3_with_dataset_expressions to None, run_after=None
[2025-01-19T04:00:47.697+0000] {logging_mixin.py:190} INFO - [2025-01-19T04:00:47.697+0000] {dag.py:4180} INFO - Setting next_dagrun for dataset_consumes_1 to None, run_after=None
[2025-01-19T04:00:47.698+0000] {logging_mixin.py:190} INFO - [2025-01-19T04:00:47.697+0000] {dag.py:4180} INFO - Setting next_dagrun for dataset_consumes_1_and_2 to None, run_after=None
[2025-01-19T04:00:47.698+0000] {logging_mixin.py:190} INFO - [2025-01-19T04:00:47.698+0000] {dag.py:4180} INFO - Setting next_dagrun for dataset_consumes_1_never_scheduled to None, run_after=None
[2025-01-19T04:00:47.699+0000] {logging_mixin.py:190} INFO - [2025-01-19T04:00:47.699+0000] {dag.py:4180} INFO - Setting next_dagrun for dataset_consumes_unknown_never_scheduled to None, run_after=None
[2025-01-19T04:00:47.701+0000] {logging_mixin.py:190} INFO - [2025-01-19T04:00:47.701+0000] {dag.py:4180} INFO - Setting next_dagrun for dataset_produces_1 to 2025-01-18 00:00:00+00:00, run_after=2025-01-19 00:00:00+00:00
[2025-01-19T04:00:47.701+0000] {logging_mixin.py:190} INFO - [2025-01-19T04:00:47.701+0000] {dag.py:4180} INFO - Setting next_dagrun for dataset_produces_2 to None, run_after=None
[2025-01-19T04:00:47.723+0000] {processor.py:208} INFO - Processing /home/vscode/.local/lib/python3.10/site-packages/airflow/example_dags/example_datasets.py took 0.114 seconds
[2025-01-19T04:01:38.246+0000] {processor.py:186} INFO - Started process (PID=22844) to work on /home/vscode/.local/lib/python3.10/site-packages/airflow/example_dags/example_datasets.py
[2025-01-19T04:01:38.247+0000] {processor.py:914} INFO - Processing file /home/vscode/.local/lib/python3.10/site-packages/airflow/example_dags/example_datasets.py for tasks to queue
[2025-01-19T04:01:38.249+0000] {logging_mixin.py:190} INFO - [2025-01-19T04:01:38.249+0000] {dagbag.py:588} INFO - Filling up the DagBag from /home/vscode/.local/lib/python3.10/site-packages/airflow/example_dags/example_datasets.py
[2025-01-19T04:01:38.267+0000] {processor.py:925} INFO - DAG(s) 'consume_1_and_2_with_dataset_expressions', 'dataset_produces_2', 'consume_1_or_2_with_dataset_expressions', 'consume_1_or_both_2_and_3_with_dataset_expressions', 'dataset_consumes_1', 'dataset_produces_1', 'dataset_consumes_1_never_scheduled', 'conditional_dataset_and_time_based_timetable', 'dataset_consumes_unknown_never_scheduled', 'dataset_consumes_1_and_2' retrieved from /home/vscode/.local/lib/python3.10/site-packages/airflow/example_dags/example_datasets.py
[2025-01-19T04:01:38.299+0000] {logging_mixin.py:190} INFO - [2025-01-19T04:01:38.299+0000] {dag.py:3239} INFO - Sync 10 DAGs
[2025-01-19T04:01:38.316+0000] {logging_mixin.py:190} INFO - [2025-01-19T04:01:38.316+0000] {dag.py:4180} INFO - Setting next_dagrun for conditional_dataset_and_time_based_timetable to 2025-01-15 01:00:00+00:00, run_after=2025-01-15 01:00:00+00:00
[2025-01-19T04:01:38.319+0000] {logging_mixin.py:190} INFO - [2025-01-19T04:01:38.319+0000] {dag.py:4180} INFO - Setting next_dagrun for consume_1_and_2_with_dataset_expressions to None, run_after=None
[2025-01-19T04:01:38.320+0000] {logging_mixin.py:190} INFO - [2025-01-19T04:01:38.320+0000] {dag.py:4180} INFO - Setting next_dagrun for consume_1_or_2_with_dataset_expressions to None, run_after=None
[2025-01-19T04:01:38.320+0000] {logging_mixin.py:190} INFO - [2025-01-19T04:01:38.320+0000] {dag.py:4180} INFO - Setting next_dagrun for consume_1_or_both_2_and_3_with_dataset_expressions to None, run_after=None
[2025-01-19T04:01:38.321+0000] {logging_mixin.py:190} INFO - [2025-01-19T04:01:38.321+0000] {dag.py:4180} INFO - Setting next_dagrun for dataset_consumes_1 to None, run_after=None
[2025-01-19T04:01:38.322+0000] {logging_mixin.py:190} INFO - [2025-01-19T04:01:38.322+0000] {dag.py:4180} INFO - Setting next_dagrun for dataset_consumes_1_and_2 to None, run_after=None
[2025-01-19T04:01:38.323+0000] {logging_mixin.py:190} INFO - [2025-01-19T04:01:38.323+0000] {dag.py:4180} INFO - Setting next_dagrun for dataset_consumes_1_never_scheduled to None, run_after=None
[2025-01-19T04:01:38.323+0000] {logging_mixin.py:190} INFO - [2025-01-19T04:01:38.323+0000] {dag.py:4180} INFO - Setting next_dagrun for dataset_consumes_unknown_never_scheduled to None, run_after=None
[2025-01-19T04:01:38.326+0000] {logging_mixin.py:190} INFO - [2025-01-19T04:01:38.326+0000] {dag.py:4180} INFO - Setting next_dagrun for dataset_produces_1 to 2025-01-18 00:00:00+00:00, run_after=2025-01-19 00:00:00+00:00
[2025-01-19T04:01:38.326+0000] {logging_mixin.py:190} INFO - [2025-01-19T04:01:38.326+0000] {dag.py:4180} INFO - Setting next_dagrun for dataset_produces_2 to None, run_after=None
[2025-01-19T04:01:38.349+0000] {processor.py:208} INFO - Processing /home/vscode/.local/lib/python3.10/site-packages/airflow/example_dags/example_datasets.py took 0.109 seconds
[2025-01-19T04:02:29.881+0000] {processor.py:186} INFO - Started process (PID=23210) to work on /home/vscode/.local/lib/python3.10/site-packages/airflow/example_dags/example_datasets.py
[2025-01-19T04:02:29.882+0000] {processor.py:914} INFO - Processing file /home/vscode/.local/lib/python3.10/site-packages/airflow/example_dags/example_datasets.py for tasks to queue
[2025-01-19T04:02:29.884+0000] {logging_mixin.py:190} INFO - [2025-01-19T04:02:29.884+0000] {dagbag.py:588} INFO - Filling up the DagBag from /home/vscode/.local/lib/python3.10/site-packages/airflow/example_dags/example_datasets.py
[2025-01-19T04:02:29.896+0000] {processor.py:925} INFO - DAG(s) 'dataset_produces_2', 'consume_1_or_2_with_dataset_expressions', 'dataset_produces_1', 'consume_1_or_both_2_and_3_with_dataset_expressions', 'dataset_consumes_unknown_never_scheduled', 'consume_1_and_2_with_dataset_expressions', 'conditional_dataset_and_time_based_timetable', 'dataset_consumes_1', 'dataset_consumes_1_never_scheduled', 'dataset_consumes_1_and_2' retrieved from /home/vscode/.local/lib/python3.10/site-packages/airflow/example_dags/example_datasets.py
[2025-01-19T04:02:29.923+0000] {logging_mixin.py:190} INFO - [2025-01-19T04:02:29.922+0000] {dag.py:3239} INFO - Sync 10 DAGs
[2025-01-19T04:02:29.940+0000] {logging_mixin.py:190} INFO - [2025-01-19T04:02:29.940+0000] {dag.py:4180} INFO - Setting next_dagrun for conditional_dataset_and_time_based_timetable to 2025-01-15 01:00:00+00:00, run_after=2025-01-15 01:00:00+00:00
[2025-01-19T04:02:29.943+0000] {logging_mixin.py:190} INFO - [2025-01-19T04:02:29.943+0000] {dag.py:4180} INFO - Setting next_dagrun for consume_1_and_2_with_dataset_expressions to None, run_after=None
[2025-01-19T04:02:29.944+0000] {logging_mixin.py:190} INFO - [2025-01-19T04:02:29.944+0000] {dag.py:4180} INFO - Setting next_dagrun for consume_1_or_2_with_dataset_expressions to None, run_after=None
[2025-01-19T04:02:29.944+0000] {logging_mixin.py:190} INFO - [2025-01-19T04:02:29.944+0000] {dag.py:4180} INFO - Setting next_dagrun for consume_1_or_both_2_and_3_with_dataset_expressions to None, run_after=None
[2025-01-19T04:02:29.945+0000] {logging_mixin.py:190} INFO - [2025-01-19T04:02:29.945+0000] {dag.py:4180} INFO - Setting next_dagrun for dataset_consumes_1 to None, run_after=None
[2025-01-19T04:02:29.946+0000] {logging_mixin.py:190} INFO - [2025-01-19T04:02:29.946+0000] {dag.py:4180} INFO - Setting next_dagrun for dataset_consumes_1_and_2 to None, run_after=None
[2025-01-19T04:02:29.947+0000] {logging_mixin.py:190} INFO - [2025-01-19T04:02:29.947+0000] {dag.py:4180} INFO - Setting next_dagrun for dataset_consumes_1_never_scheduled to None, run_after=None
[2025-01-19T04:02:29.948+0000] {logging_mixin.py:190} INFO - [2025-01-19T04:02:29.947+0000] {dag.py:4180} INFO - Setting next_dagrun for dataset_consumes_unknown_never_scheduled to None, run_after=None
[2025-01-19T04:02:29.949+0000] {logging_mixin.py:190} INFO - [2025-01-19T04:02:29.949+0000] {dag.py:4180} INFO - Setting next_dagrun for dataset_produces_1 to 2025-01-18 00:00:00+00:00, run_after=2025-01-19 00:00:00+00:00
[2025-01-19T04:02:29.950+0000] {logging_mixin.py:190} INFO - [2025-01-19T04:02:29.950+0000] {dag.py:4180} INFO - Setting next_dagrun for dataset_produces_2 to None, run_after=None
[2025-01-19T04:02:29.973+0000] {processor.py:208} INFO - Processing /home/vscode/.local/lib/python3.10/site-packages/airflow/example_dags/example_datasets.py took 0.098 seconds
