[2025-01-19T03:21:04.847+0000] {processor.py:186} INFO - Started process (PID=5139) to work on /home/vscode/.local/lib/python3.10/site-packages/airflow/example_dags/example_dataset_alias_with_no_taskflow.py
[2025-01-19T03:21:04.848+0000] {processor.py:914} INFO - Processing file /home/vscode/.local/lib/python3.10/site-packages/airflow/example_dags/example_dataset_alias_with_no_taskflow.py for tasks to queue
[2025-01-19T03:21:04.850+0000] {logging_mixin.py:190} INFO - [2025-01-19T03:21:04.849+0000] {dagbag.py:588} INFO - Filling up the DagBag from /home/vscode/.local/lib/python3.10/site-packages/airflow/example_dags/example_dataset_alias_with_no_taskflow.py
[2025-01-19T03:21:04.863+0000] {processor.py:925} INFO - DAG(s) 'dataset_s3_bucket_consumer_with_no_taskflow', 'dataset_s3_bucket_producer_with_no_taskflow', 'dataset_alias_example_alias_producer_with_no_taskflow', 'dataset_alias_example_alias_consumer_with_no_taskflow' retrieved from /home/vscode/.local/lib/python3.10/site-packages/airflow/example_dags/example_dataset_alias_with_no_taskflow.py
[2025-01-19T03:21:04.941+0000] {logging_mixin.py:190} INFO - [2025-01-19T03:21:04.940+0000] {override.py:1911} INFO - Created Permission View: can read on DAG:dataset_s3_bucket_consumer_with_no_taskflow
[2025-01-19T03:21:04.949+0000] {logging_mixin.py:190} INFO - [2025-01-19T03:21:04.949+0000] {override.py:1911} INFO - Created Permission View: can edit on DAG:dataset_s3_bucket_consumer_with_no_taskflow
[2025-01-19T03:21:04.957+0000] {logging_mixin.py:190} INFO - [2025-01-19T03:21:04.956+0000] {override.py:1911} INFO - Created Permission View: can delete on DAG:dataset_s3_bucket_consumer_with_no_taskflow
[2025-01-19T03:21:04.969+0000] {logging_mixin.py:190} INFO - [2025-01-19T03:21:04.969+0000] {override.py:1911} INFO - Created Permission View: menu access on DAG Run:dataset_s3_bucket_consumer_with_no_taskflow
[2025-01-19T03:21:04.979+0000] {logging_mixin.py:190} INFO - [2025-01-19T03:21:04.978+0000] {override.py:1911} INFO - Created Permission View: can read on DAG Run:dataset_s3_bucket_consumer_with_no_taskflow
[2025-01-19T03:21:04.985+0000] {logging_mixin.py:190} INFO - [2025-01-19T03:21:04.985+0000] {override.py:1911} INFO - Created Permission View: can create on DAG Run:dataset_s3_bucket_consumer_with_no_taskflow
[2025-01-19T03:21:04.990+0000] {logging_mixin.py:190} INFO - [2025-01-19T03:21:04.990+0000] {override.py:1911} INFO - Created Permission View: can delete on DAG Run:dataset_s3_bucket_consumer_with_no_taskflow
[2025-01-19T03:21:05.004+0000] {logging_mixin.py:190} INFO - [2025-01-19T03:21:05.003+0000] {override.py:1911} INFO - Created Permission View: can read on DAG:dataset_s3_bucket_producer_with_no_taskflow
[2025-01-19T03:21:05.010+0000] {logging_mixin.py:190} INFO - [2025-01-19T03:21:05.010+0000] {override.py:1911} INFO - Created Permission View: can edit on DAG:dataset_s3_bucket_producer_with_no_taskflow
[2025-01-19T03:21:05.016+0000] {logging_mixin.py:190} INFO - [2025-01-19T03:21:05.015+0000] {override.py:1911} INFO - Created Permission View: can delete on DAG:dataset_s3_bucket_producer_with_no_taskflow
[2025-01-19T03:21:05.024+0000] {logging_mixin.py:190} INFO - [2025-01-19T03:21:05.024+0000] {override.py:1911} INFO - Created Permission View: menu access on DAG Run:dataset_s3_bucket_producer_with_no_taskflow
[2025-01-19T03:21:05.030+0000] {logging_mixin.py:190} INFO - [2025-01-19T03:21:05.029+0000] {override.py:1911} INFO - Created Permission View: can read on DAG Run:dataset_s3_bucket_producer_with_no_taskflow
[2025-01-19T03:21:05.035+0000] {logging_mixin.py:190} INFO - [2025-01-19T03:21:05.035+0000] {override.py:1911} INFO - Created Permission View: can create on DAG Run:dataset_s3_bucket_producer_with_no_taskflow
[2025-01-19T03:21:05.041+0000] {logging_mixin.py:190} INFO - [2025-01-19T03:21:05.041+0000] {override.py:1911} INFO - Created Permission View: can delete on DAG Run:dataset_s3_bucket_producer_with_no_taskflow
[2025-01-19T03:21:05.056+0000] {logging_mixin.py:190} INFO - [2025-01-19T03:21:05.055+0000] {override.py:1911} INFO - Created Permission View: can read on DAG:dataset_alias_example_alias_producer_with_no_taskflow
[2025-01-19T03:21:05.061+0000] {logging_mixin.py:190} INFO - [2025-01-19T03:21:05.061+0000] {override.py:1911} INFO - Created Permission View: can edit on DAG:dataset_alias_example_alias_producer_with_no_taskflow
[2025-01-19T03:21:05.067+0000] {logging_mixin.py:190} INFO - [2025-01-19T03:21:05.067+0000] {override.py:1911} INFO - Created Permission View: can delete on DAG:dataset_alias_example_alias_producer_with_no_taskflow
[2025-01-19T03:21:05.075+0000] {logging_mixin.py:190} INFO - [2025-01-19T03:21:05.075+0000] {override.py:1911} INFO - Created Permission View: menu access on DAG Run:dataset_alias_example_alias_producer_with_no_taskflow
[2025-01-19T03:21:05.081+0000] {logging_mixin.py:190} INFO - [2025-01-19T03:21:05.081+0000] {override.py:1911} INFO - Created Permission View: can read on DAG Run:dataset_alias_example_alias_producer_with_no_taskflow
[2025-01-19T03:21:05.088+0000] {logging_mixin.py:190} INFO - [2025-01-19T03:21:05.088+0000] {override.py:1911} INFO - Created Permission View: can create on DAG Run:dataset_alias_example_alias_producer_with_no_taskflow
[2025-01-19T03:21:05.094+0000] {logging_mixin.py:190} INFO - [2025-01-19T03:21:05.094+0000] {override.py:1911} INFO - Created Permission View: can delete on DAG Run:dataset_alias_example_alias_producer_with_no_taskflow
[2025-01-19T03:21:05.107+0000] {logging_mixin.py:190} INFO - [2025-01-19T03:21:05.106+0000] {override.py:1911} INFO - Created Permission View: can read on DAG:dataset_alias_example_alias_consumer_with_no_taskflow
[2025-01-19T03:21:05.112+0000] {logging_mixin.py:190} INFO - [2025-01-19T03:21:05.112+0000] {override.py:1911} INFO - Created Permission View: can edit on DAG:dataset_alias_example_alias_consumer_with_no_taskflow
[2025-01-19T03:21:05.118+0000] {logging_mixin.py:190} INFO - [2025-01-19T03:21:05.117+0000] {override.py:1911} INFO - Created Permission View: can delete on DAG:dataset_alias_example_alias_consumer_with_no_taskflow
[2025-01-19T03:21:05.127+0000] {logging_mixin.py:190} INFO - [2025-01-19T03:21:05.126+0000] {override.py:1911} INFO - Created Permission View: menu access on DAG Run:dataset_alias_example_alias_consumer_with_no_taskflow
[2025-01-19T03:21:05.133+0000] {logging_mixin.py:190} INFO - [2025-01-19T03:21:05.133+0000] {override.py:1911} INFO - Created Permission View: can read on DAG Run:dataset_alias_example_alias_consumer_with_no_taskflow
[2025-01-19T03:21:05.139+0000] {logging_mixin.py:190} INFO - [2025-01-19T03:21:05.138+0000] {override.py:1911} INFO - Created Permission View: can create on DAG Run:dataset_alias_example_alias_consumer_with_no_taskflow
[2025-01-19T03:21:05.144+0000] {logging_mixin.py:190} INFO - [2025-01-19T03:21:05.144+0000] {override.py:1911} INFO - Created Permission View: can delete on DAG Run:dataset_alias_example_alias_consumer_with_no_taskflow
[2025-01-19T03:21:05.144+0000] {logging_mixin.py:190} INFO - [2025-01-19T03:21:05.144+0000] {dag.py:3239} INFO - Sync 4 DAGs
[2025-01-19T03:21:05.154+0000] {logging_mixin.py:190} INFO - [2025-01-19T03:21:05.153+0000] {dag.py:3262} INFO - Creating ORM DAG for dataset_s3_bucket_consumer_with_no_taskflow
[2025-01-19T03:21:05.154+0000] {logging_mixin.py:190} INFO - [2025-01-19T03:21:05.154+0000] {dag.py:3262} INFO - Creating ORM DAG for dataset_alias_example_alias_producer_with_no_taskflow
[2025-01-19T03:21:05.155+0000] {logging_mixin.py:190} INFO - [2025-01-19T03:21:05.155+0000] {dag.py:3262} INFO - Creating ORM DAG for dataset_s3_bucket_producer_with_no_taskflow
[2025-01-19T03:21:05.155+0000] {logging_mixin.py:190} INFO - [2025-01-19T03:21:05.155+0000] {dag.py:3262} INFO - Creating ORM DAG for dataset_alias_example_alias_consumer_with_no_taskflow
[2025-01-19T03:21:05.161+0000] {logging_mixin.py:190} INFO - [2025-01-19T03:21:05.161+0000] {dag.py:4180} INFO - Setting next_dagrun for dataset_alias_example_alias_consumer_with_no_taskflow to None, run_after=None
[2025-01-19T03:21:05.162+0000] {logging_mixin.py:190} INFO - [2025-01-19T03:21:05.162+0000] {dag.py:4180} INFO - Setting next_dagrun for dataset_alias_example_alias_producer_with_no_taskflow to None, run_after=None
[2025-01-19T03:21:05.163+0000] {logging_mixin.py:190} INFO - [2025-01-19T03:21:05.162+0000] {dag.py:4180} INFO - Setting next_dagrun for dataset_s3_bucket_consumer_with_no_taskflow to None, run_after=None
[2025-01-19T03:21:05.163+0000] {logging_mixin.py:190} INFO - [2025-01-19T03:21:05.163+0000] {dag.py:4180} INFO - Setting next_dagrun for dataset_s3_bucket_producer_with_no_taskflow to None, run_after=None
[2025-01-19T03:21:05.198+0000] {processor.py:208} INFO - Processing /home/vscode/.local/lib/python3.10/site-packages/airflow/example_dags/example_dataset_alias_with_no_taskflow.py took 0.356 seconds
[2025-01-19T03:22:04.865+0000] {processor.py:186} INFO - Started process (PID=5669) to work on /home/vscode/.local/lib/python3.10/site-packages/airflow/example_dags/example_dataset_alias_with_no_taskflow.py
[2025-01-19T03:22:04.866+0000] {processor.py:914} INFO - Processing file /home/vscode/.local/lib/python3.10/site-packages/airflow/example_dags/example_dataset_alias_with_no_taskflow.py for tasks to queue
[2025-01-19T03:22:04.867+0000] {logging_mixin.py:190} INFO - [2025-01-19T03:22:04.867+0000] {dagbag.py:588} INFO - Filling up the DagBag from /home/vscode/.local/lib/python3.10/site-packages/airflow/example_dags/example_dataset_alias_with_no_taskflow.py
[2025-01-19T03:22:04.886+0000] {processor.py:925} INFO - DAG(s) 'dataset_alias_example_alias_producer_with_no_taskflow', 'dataset_alias_example_alias_consumer_with_no_taskflow', 'dataset_s3_bucket_producer_with_no_taskflow', 'dataset_s3_bucket_consumer_with_no_taskflow' retrieved from /home/vscode/.local/lib/python3.10/site-packages/airflow/example_dags/example_dataset_alias_with_no_taskflow.py
[2025-01-19T03:22:04.902+0000] {logging_mixin.py:190} INFO - [2025-01-19T03:22:04.902+0000] {dag.py:3239} INFO - Sync 4 DAGs
[2025-01-19T03:22:04.918+0000] {logging_mixin.py:190} INFO - [2025-01-19T03:22:04.918+0000] {dag.py:4180} INFO - Setting next_dagrun for dataset_alias_example_alias_consumer_with_no_taskflow to None, run_after=None
[2025-01-19T03:22:04.920+0000] {logging_mixin.py:190} INFO - [2025-01-19T03:22:04.920+0000] {dag.py:4180} INFO - Setting next_dagrun for dataset_alias_example_alias_producer_with_no_taskflow to None, run_after=None
[2025-01-19T03:22:04.921+0000] {logging_mixin.py:190} INFO - [2025-01-19T03:22:04.921+0000] {dag.py:4180} INFO - Setting next_dagrun for dataset_s3_bucket_consumer_with_no_taskflow to None, run_after=None
[2025-01-19T03:22:04.922+0000] {logging_mixin.py:190} INFO - [2025-01-19T03:22:04.922+0000] {dag.py:4180} INFO - Setting next_dagrun for dataset_s3_bucket_producer_with_no_taskflow to None, run_after=None
[2025-01-19T03:22:04.939+0000] {processor.py:208} INFO - Processing /home/vscode/.local/lib/python3.10/site-packages/airflow/example_dags/example_dataset_alias_with_no_taskflow.py took 0.079 seconds
[2025-01-19T03:22:58.607+0000] {processor.py:186} INFO - Started process (PID=6101) to work on /home/vscode/.local/lib/python3.10/site-packages/airflow/example_dags/example_dataset_alias_with_no_taskflow.py
[2025-01-19T03:22:58.608+0000] {processor.py:914} INFO - Processing file /home/vscode/.local/lib/python3.10/site-packages/airflow/example_dags/example_dataset_alias_with_no_taskflow.py for tasks to queue
[2025-01-19T03:22:58.610+0000] {logging_mixin.py:190} INFO - [2025-01-19T03:22:58.609+0000] {dagbag.py:588} INFO - Filling up the DagBag from /home/vscode/.local/lib/python3.10/site-packages/airflow/example_dags/example_dataset_alias_with_no_taskflow.py
[2025-01-19T03:22:58.626+0000] {processor.py:925} INFO - DAG(s) 'dataset_alias_example_alias_consumer_with_no_taskflow', 'dataset_s3_bucket_consumer_with_no_taskflow', 'dataset_s3_bucket_producer_with_no_taskflow', 'dataset_alias_example_alias_producer_with_no_taskflow' retrieved from /home/vscode/.local/lib/python3.10/site-packages/airflow/example_dags/example_dataset_alias_with_no_taskflow.py
[2025-01-19T03:22:58.641+0000] {logging_mixin.py:190} INFO - [2025-01-19T03:22:58.641+0000] {dag.py:3239} INFO - Sync 4 DAGs
[2025-01-19T03:22:58.655+0000] {logging_mixin.py:190} INFO - [2025-01-19T03:22:58.655+0000] {dag.py:4180} INFO - Setting next_dagrun for dataset_alias_example_alias_consumer_with_no_taskflow to None, run_after=None
[2025-01-19T03:22:58.657+0000] {logging_mixin.py:190} INFO - [2025-01-19T03:22:58.657+0000] {dag.py:4180} INFO - Setting next_dagrun for dataset_alias_example_alias_producer_with_no_taskflow to None, run_after=None
[2025-01-19T03:22:58.658+0000] {logging_mixin.py:190} INFO - [2025-01-19T03:22:58.658+0000] {dag.py:4180} INFO - Setting next_dagrun for dataset_s3_bucket_consumer_with_no_taskflow to None, run_after=None
[2025-01-19T03:22:58.659+0000] {logging_mixin.py:190} INFO - [2025-01-19T03:22:58.658+0000] {dag.py:4180} INFO - Setting next_dagrun for dataset_s3_bucket_producer_with_no_taskflow to None, run_after=None
[2025-01-19T03:22:58.676+0000] {processor.py:208} INFO - Processing /home/vscode/.local/lib/python3.10/site-packages/airflow/example_dags/example_dataset_alias_with_no_taskflow.py took 0.073 seconds
[2025-01-19T03:23:53.080+0000] {processor.py:186} INFO - Started process (PID=6545) to work on /home/vscode/.local/lib/python3.10/site-packages/airflow/example_dags/example_dataset_alias_with_no_taskflow.py
[2025-01-19T03:23:53.081+0000] {processor.py:914} INFO - Processing file /home/vscode/.local/lib/python3.10/site-packages/airflow/example_dags/example_dataset_alias_with_no_taskflow.py for tasks to queue
[2025-01-19T03:23:53.083+0000] {logging_mixin.py:190} INFO - [2025-01-19T03:23:53.082+0000] {dagbag.py:588} INFO - Filling up the DagBag from /home/vscode/.local/lib/python3.10/site-packages/airflow/example_dags/example_dataset_alias_with_no_taskflow.py
[2025-01-19T03:23:53.099+0000] {processor.py:925} INFO - DAG(s) 'dataset_alias_example_alias_consumer_with_no_taskflow', 'dataset_s3_bucket_producer_with_no_taskflow', 'dataset_s3_bucket_consumer_with_no_taskflow', 'dataset_alias_example_alias_producer_with_no_taskflow' retrieved from /home/vscode/.local/lib/python3.10/site-packages/airflow/example_dags/example_dataset_alias_with_no_taskflow.py
[2025-01-19T03:23:53.114+0000] {logging_mixin.py:190} INFO - [2025-01-19T03:23:53.113+0000] {dag.py:3239} INFO - Sync 4 DAGs
[2025-01-19T03:23:53.128+0000] {logging_mixin.py:190} INFO - [2025-01-19T03:23:53.128+0000] {dag.py:4180} INFO - Setting next_dagrun for dataset_alias_example_alias_consumer_with_no_taskflow to None, run_after=None
[2025-01-19T03:23:53.130+0000] {logging_mixin.py:190} INFO - [2025-01-19T03:23:53.130+0000] {dag.py:4180} INFO - Setting next_dagrun for dataset_alias_example_alias_producer_with_no_taskflow to None, run_after=None
[2025-01-19T03:23:53.131+0000] {logging_mixin.py:190} INFO - [2025-01-19T03:23:53.131+0000] {dag.py:4180} INFO - Setting next_dagrun for dataset_s3_bucket_consumer_with_no_taskflow to None, run_after=None
[2025-01-19T03:23:53.131+0000] {logging_mixin.py:190} INFO - [2025-01-19T03:23:53.131+0000] {dag.py:4180} INFO - Setting next_dagrun for dataset_s3_bucket_producer_with_no_taskflow to None, run_after=None
[2025-01-19T03:23:53.148+0000] {processor.py:208} INFO - Processing /home/vscode/.local/lib/python3.10/site-packages/airflow/example_dags/example_dataset_alias_with_no_taskflow.py took 0.072 seconds
[2025-01-19T03:24:46.583+0000] {processor.py:186} INFO - Started process (PID=6961) to work on /home/vscode/.local/lib/python3.10/site-packages/airflow/example_dags/example_dataset_alias_with_no_taskflow.py
[2025-01-19T03:24:46.583+0000] {processor.py:914} INFO - Processing file /home/vscode/.local/lib/python3.10/site-packages/airflow/example_dags/example_dataset_alias_with_no_taskflow.py for tasks to queue
[2025-01-19T03:24:46.585+0000] {logging_mixin.py:190} INFO - [2025-01-19T03:24:46.585+0000] {dagbag.py:588} INFO - Filling up the DagBag from /home/vscode/.local/lib/python3.10/site-packages/airflow/example_dags/example_dataset_alias_with_no_taskflow.py
[2025-01-19T03:24:46.601+0000] {processor.py:925} INFO - DAG(s) 'dataset_s3_bucket_consumer_with_no_taskflow', 'dataset_s3_bucket_producer_with_no_taskflow', 'dataset_alias_example_alias_producer_with_no_taskflow', 'dataset_alias_example_alias_consumer_with_no_taskflow' retrieved from /home/vscode/.local/lib/python3.10/site-packages/airflow/example_dags/example_dataset_alias_with_no_taskflow.py
[2025-01-19T03:24:46.616+0000] {logging_mixin.py:190} INFO - [2025-01-19T03:24:46.616+0000] {dag.py:3239} INFO - Sync 4 DAGs
[2025-01-19T03:24:46.632+0000] {logging_mixin.py:190} INFO - [2025-01-19T03:24:46.632+0000] {dag.py:4180} INFO - Setting next_dagrun for dataset_alias_example_alias_consumer_with_no_taskflow to None, run_after=None
[2025-01-19T03:24:46.634+0000] {logging_mixin.py:190} INFO - [2025-01-19T03:24:46.634+0000] {dag.py:4180} INFO - Setting next_dagrun for dataset_alias_example_alias_producer_with_no_taskflow to None, run_after=None
[2025-01-19T03:24:46.635+0000] {logging_mixin.py:190} INFO - [2025-01-19T03:24:46.635+0000] {dag.py:4180} INFO - Setting next_dagrun for dataset_s3_bucket_consumer_with_no_taskflow to None, run_after=None
[2025-01-19T03:24:46.636+0000] {logging_mixin.py:190} INFO - [2025-01-19T03:24:46.635+0000] {dag.py:4180} INFO - Setting next_dagrun for dataset_s3_bucket_producer_with_no_taskflow to None, run_after=None
[2025-01-19T03:24:46.652+0000] {processor.py:208} INFO - Processing /home/vscode/.local/lib/python3.10/site-packages/airflow/example_dags/example_dataset_alias_with_no_taskflow.py took 0.074 seconds
[2025-01-19T03:25:35.486+0000] {processor.py:186} INFO - Started process (PID=7367) to work on /home/vscode/.local/lib/python3.10/site-packages/airflow/example_dags/example_dataset_alias_with_no_taskflow.py
[2025-01-19T03:25:35.487+0000] {processor.py:914} INFO - Processing file /home/vscode/.local/lib/python3.10/site-packages/airflow/example_dags/example_dataset_alias_with_no_taskflow.py for tasks to queue
[2025-01-19T03:25:35.488+0000] {logging_mixin.py:190} INFO - [2025-01-19T03:25:35.488+0000] {dagbag.py:588} INFO - Filling up the DagBag from /home/vscode/.local/lib/python3.10/site-packages/airflow/example_dags/example_dataset_alias_with_no_taskflow.py
[2025-01-19T03:25:35.505+0000] {processor.py:925} INFO - DAG(s) 'dataset_alias_example_alias_consumer_with_no_taskflow', 'dataset_s3_bucket_consumer_with_no_taskflow', 'dataset_alias_example_alias_producer_with_no_taskflow', 'dataset_s3_bucket_producer_with_no_taskflow' retrieved from /home/vscode/.local/lib/python3.10/site-packages/airflow/example_dags/example_dataset_alias_with_no_taskflow.py
[2025-01-19T03:25:35.520+0000] {logging_mixin.py:190} INFO - [2025-01-19T03:25:35.520+0000] {dag.py:3239} INFO - Sync 4 DAGs
[2025-01-19T03:25:35.535+0000] {logging_mixin.py:190} INFO - [2025-01-19T03:25:35.535+0000] {dag.py:4180} INFO - Setting next_dagrun for dataset_alias_example_alias_consumer_with_no_taskflow to None, run_after=None
[2025-01-19T03:25:35.537+0000] {logging_mixin.py:190} INFO - [2025-01-19T03:25:35.537+0000] {dag.py:4180} INFO - Setting next_dagrun for dataset_alias_example_alias_producer_with_no_taskflow to None, run_after=None
[2025-01-19T03:25:35.538+0000] {logging_mixin.py:190} INFO - [2025-01-19T03:25:35.538+0000] {dag.py:4180} INFO - Setting next_dagrun for dataset_s3_bucket_consumer_with_no_taskflow to None, run_after=None
[2025-01-19T03:25:35.538+0000] {logging_mixin.py:190} INFO - [2025-01-19T03:25:35.538+0000] {dag.py:4180} INFO - Setting next_dagrun for dataset_s3_bucket_producer_with_no_taskflow to None, run_after=None
[2025-01-19T03:25:35.555+0000] {processor.py:208} INFO - Processing /home/vscode/.local/lib/python3.10/site-packages/airflow/example_dags/example_dataset_alias_with_no_taskflow.py took 0.074 seconds
[2025-01-19T03:26:28.369+0000] {processor.py:186} INFO - Started process (PID=7773) to work on /home/vscode/.local/lib/python3.10/site-packages/airflow/example_dags/example_dataset_alias_with_no_taskflow.py
[2025-01-19T03:26:28.369+0000] {processor.py:914} INFO - Processing file /home/vscode/.local/lib/python3.10/site-packages/airflow/example_dags/example_dataset_alias_with_no_taskflow.py for tasks to queue
[2025-01-19T03:26:28.371+0000] {logging_mixin.py:190} INFO - [2025-01-19T03:26:28.371+0000] {dagbag.py:588} INFO - Filling up the DagBag from /home/vscode/.local/lib/python3.10/site-packages/airflow/example_dags/example_dataset_alias_with_no_taskflow.py
[2025-01-19T03:26:28.387+0000] {processor.py:925} INFO - DAG(s) 'dataset_s3_bucket_consumer_with_no_taskflow', 'dataset_s3_bucket_producer_with_no_taskflow', 'dataset_alias_example_alias_producer_with_no_taskflow', 'dataset_alias_example_alias_consumer_with_no_taskflow' retrieved from /home/vscode/.local/lib/python3.10/site-packages/airflow/example_dags/example_dataset_alias_with_no_taskflow.py
[2025-01-19T03:26:28.402+0000] {logging_mixin.py:190} INFO - [2025-01-19T03:26:28.402+0000] {dag.py:3239} INFO - Sync 4 DAGs
[2025-01-19T03:26:28.417+0000] {logging_mixin.py:190} INFO - [2025-01-19T03:26:28.417+0000] {dag.py:4180} INFO - Setting next_dagrun for dataset_alias_example_alias_consumer_with_no_taskflow to None, run_after=None
[2025-01-19T03:26:28.419+0000] {logging_mixin.py:190} INFO - [2025-01-19T03:26:28.419+0000] {dag.py:4180} INFO - Setting next_dagrun for dataset_alias_example_alias_producer_with_no_taskflow to None, run_after=None
[2025-01-19T03:26:28.420+0000] {logging_mixin.py:190} INFO - [2025-01-19T03:26:28.419+0000] {dag.py:4180} INFO - Setting next_dagrun for dataset_s3_bucket_consumer_with_no_taskflow to None, run_after=None
[2025-01-19T03:26:28.420+0000] {logging_mixin.py:190} INFO - [2025-01-19T03:26:28.420+0000] {dag.py:4180} INFO - Setting next_dagrun for dataset_s3_bucket_producer_with_no_taskflow to None, run_after=None
[2025-01-19T03:26:28.437+0000] {processor.py:208} INFO - Processing /home/vscode/.local/lib/python3.10/site-packages/airflow/example_dags/example_dataset_alias_with_no_taskflow.py took 0.073 seconds
[2025-01-19T03:27:20.957+0000] {processor.py:186} INFO - Started process (PID=8165) to work on /home/vscode/.local/lib/python3.10/site-packages/airflow/example_dags/example_dataset_alias_with_no_taskflow.py
[2025-01-19T03:27:20.958+0000] {processor.py:914} INFO - Processing file /home/vscode/.local/lib/python3.10/site-packages/airflow/example_dags/example_dataset_alias_with_no_taskflow.py for tasks to queue
[2025-01-19T03:27:20.961+0000] {logging_mixin.py:190} INFO - [2025-01-19T03:27:20.960+0000] {dagbag.py:588} INFO - Filling up the DagBag from /home/vscode/.local/lib/python3.10/site-packages/airflow/example_dags/example_dataset_alias_with_no_taskflow.py
[2025-01-19T03:27:20.982+0000] {processor.py:925} INFO - DAG(s) 'dataset_alias_example_alias_producer_with_no_taskflow', 'dataset_s3_bucket_consumer_with_no_taskflow', 'dataset_alias_example_alias_consumer_with_no_taskflow', 'dataset_s3_bucket_producer_with_no_taskflow' retrieved from /home/vscode/.local/lib/python3.10/site-packages/airflow/example_dags/example_dataset_alias_with_no_taskflow.py
[2025-01-19T03:27:20.996+0000] {logging_mixin.py:190} INFO - [2025-01-19T03:27:20.996+0000] {dag.py:3239} INFO - Sync 4 DAGs
[2025-01-19T03:27:21.011+0000] {logging_mixin.py:190} INFO - [2025-01-19T03:27:21.010+0000] {dag.py:4180} INFO - Setting next_dagrun for dataset_alias_example_alias_consumer_with_no_taskflow to None, run_after=None
[2025-01-19T03:27:21.012+0000] {logging_mixin.py:190} INFO - [2025-01-19T03:27:21.012+0000] {dag.py:4180} INFO - Setting next_dagrun for dataset_alias_example_alias_producer_with_no_taskflow to None, run_after=None
[2025-01-19T03:27:21.013+0000] {logging_mixin.py:190} INFO - [2025-01-19T03:27:21.013+0000] {dag.py:4180} INFO - Setting next_dagrun for dataset_s3_bucket_consumer_with_no_taskflow to None, run_after=None
[2025-01-19T03:27:21.014+0000] {logging_mixin.py:190} INFO - [2025-01-19T03:27:21.014+0000] {dag.py:4180} INFO - Setting next_dagrun for dataset_s3_bucket_producer_with_no_taskflow to None, run_after=None
[2025-01-19T03:27:21.031+0000] {processor.py:208} INFO - Processing /home/vscode/.local/lib/python3.10/site-packages/airflow/example_dags/example_dataset_alias_with_no_taskflow.py took 0.080 seconds
[2025-01-19T03:28:15.797+0000] {processor.py:186} INFO - Started process (PID=8679) to work on /home/vscode/.local/lib/python3.10/site-packages/airflow/example_dags/example_dataset_alias_with_no_taskflow.py
[2025-01-19T03:28:15.798+0000] {processor.py:914} INFO - Processing file /home/vscode/.local/lib/python3.10/site-packages/airflow/example_dags/example_dataset_alias_with_no_taskflow.py for tasks to queue
[2025-01-19T03:28:15.800+0000] {logging_mixin.py:190} INFO - [2025-01-19T03:28:15.799+0000] {dagbag.py:588} INFO - Filling up the DagBag from /home/vscode/.local/lib/python3.10/site-packages/airflow/example_dags/example_dataset_alias_with_no_taskflow.py
[2025-01-19T03:28:15.821+0000] {processor.py:925} INFO - DAG(s) 'dataset_alias_example_alias_producer_with_no_taskflow', 'dataset_alias_example_alias_consumer_with_no_taskflow', 'dataset_s3_bucket_consumer_with_no_taskflow', 'dataset_s3_bucket_producer_with_no_taskflow' retrieved from /home/vscode/.local/lib/python3.10/site-packages/airflow/example_dags/example_dataset_alias_with_no_taskflow.py
[2025-01-19T03:28:15.843+0000] {logging_mixin.py:190} INFO - [2025-01-19T03:28:15.842+0000] {dag.py:3239} INFO - Sync 4 DAGs
[2025-01-19T03:28:15.857+0000] {logging_mixin.py:190} INFO - [2025-01-19T03:28:15.857+0000] {dag.py:4180} INFO - Setting next_dagrun for dataset_alias_example_alias_consumer_with_no_taskflow to None, run_after=None
[2025-01-19T03:28:15.859+0000] {logging_mixin.py:190} INFO - [2025-01-19T03:28:15.858+0000] {dag.py:4180} INFO - Setting next_dagrun for dataset_alias_example_alias_producer_with_no_taskflow to None, run_after=None
[2025-01-19T03:28:15.859+0000] {logging_mixin.py:190} INFO - [2025-01-19T03:28:15.859+0000] {dag.py:4180} INFO - Setting next_dagrun for dataset_s3_bucket_consumer_with_no_taskflow to None, run_after=None
[2025-01-19T03:28:15.860+0000] {logging_mixin.py:190} INFO - [2025-01-19T03:28:15.860+0000] {dag.py:4180} INFO - Setting next_dagrun for dataset_s3_bucket_producer_with_no_taskflow to None, run_after=None
[2025-01-19T03:28:15.878+0000] {processor.py:208} INFO - Processing /home/vscode/.local/lib/python3.10/site-packages/airflow/example_dags/example_dataset_alias_with_no_taskflow.py took 0.085 seconds
[2025-01-19T03:29:08.661+0000] {processor.py:186} INFO - Started process (PID=9075) to work on /home/vscode/.local/lib/python3.10/site-packages/airflow/example_dags/example_dataset_alias_with_no_taskflow.py
[2025-01-19T03:29:08.662+0000] {processor.py:914} INFO - Processing file /home/vscode/.local/lib/python3.10/site-packages/airflow/example_dags/example_dataset_alias_with_no_taskflow.py for tasks to queue
[2025-01-19T03:29:08.663+0000] {logging_mixin.py:190} INFO - [2025-01-19T03:29:08.663+0000] {dagbag.py:588} INFO - Filling up the DagBag from /home/vscode/.local/lib/python3.10/site-packages/airflow/example_dags/example_dataset_alias_with_no_taskflow.py
[2025-01-19T03:29:08.680+0000] {processor.py:925} INFO - DAG(s) 'dataset_s3_bucket_consumer_with_no_taskflow', 'dataset_alias_example_alias_consumer_with_no_taskflow', 'dataset_s3_bucket_producer_with_no_taskflow', 'dataset_alias_example_alias_producer_with_no_taskflow' retrieved from /home/vscode/.local/lib/python3.10/site-packages/airflow/example_dags/example_dataset_alias_with_no_taskflow.py
[2025-01-19T03:29:08.696+0000] {logging_mixin.py:190} INFO - [2025-01-19T03:29:08.696+0000] {dag.py:3239} INFO - Sync 4 DAGs
[2025-01-19T03:29:08.711+0000] {logging_mixin.py:190} INFO - [2025-01-19T03:29:08.710+0000] {dag.py:4180} INFO - Setting next_dagrun for dataset_alias_example_alias_consumer_with_no_taskflow to None, run_after=None
[2025-01-19T03:29:08.712+0000] {logging_mixin.py:190} INFO - [2025-01-19T03:29:08.712+0000] {dag.py:4180} INFO - Setting next_dagrun for dataset_alias_example_alias_producer_with_no_taskflow to None, run_after=None
[2025-01-19T03:29:08.713+0000] {logging_mixin.py:190} INFO - [2025-01-19T03:29:08.713+0000] {dag.py:4180} INFO - Setting next_dagrun for dataset_s3_bucket_consumer_with_no_taskflow to None, run_after=None
[2025-01-19T03:29:08.714+0000] {logging_mixin.py:190} INFO - [2025-01-19T03:29:08.714+0000] {dag.py:4180} INFO - Setting next_dagrun for dataset_s3_bucket_producer_with_no_taskflow to None, run_after=None
[2025-01-19T03:29:08.731+0000] {processor.py:208} INFO - Processing /home/vscode/.local/lib/python3.10/site-packages/airflow/example_dags/example_dataset_alias_with_no_taskflow.py took 0.074 seconds
[2025-01-19T03:29:59.777+0000] {processor.py:186} INFO - Started process (PID=9418) to work on /home/vscode/.local/lib/python3.10/site-packages/airflow/example_dags/example_dataset_alias_with_no_taskflow.py
[2025-01-19T03:29:59.777+0000] {processor.py:914} INFO - Processing file /home/vscode/.local/lib/python3.10/site-packages/airflow/example_dags/example_dataset_alias_with_no_taskflow.py for tasks to queue
[2025-01-19T03:29:59.779+0000] {logging_mixin.py:190} INFO - [2025-01-19T03:29:59.779+0000] {dagbag.py:588} INFO - Filling up the DagBag from /home/vscode/.local/lib/python3.10/site-packages/airflow/example_dags/example_dataset_alias_with_no_taskflow.py
[2025-01-19T03:29:59.795+0000] {processor.py:925} INFO - DAG(s) 'dataset_alias_example_alias_consumer_with_no_taskflow', 'dataset_alias_example_alias_producer_with_no_taskflow', 'dataset_s3_bucket_producer_with_no_taskflow', 'dataset_s3_bucket_consumer_with_no_taskflow' retrieved from /home/vscode/.local/lib/python3.10/site-packages/airflow/example_dags/example_dataset_alias_with_no_taskflow.py
[2025-01-19T03:29:59.810+0000] {logging_mixin.py:190} INFO - [2025-01-19T03:29:59.810+0000] {dag.py:3239} INFO - Sync 4 DAGs
[2025-01-19T03:29:59.825+0000] {logging_mixin.py:190} INFO - [2025-01-19T03:29:59.825+0000] {dag.py:4180} INFO - Setting next_dagrun for dataset_alias_example_alias_consumer_with_no_taskflow to None, run_after=None
[2025-01-19T03:29:59.827+0000] {logging_mixin.py:190} INFO - [2025-01-19T03:29:59.826+0000] {dag.py:4180} INFO - Setting next_dagrun for dataset_alias_example_alias_producer_with_no_taskflow to None, run_after=None
[2025-01-19T03:29:59.827+0000] {logging_mixin.py:190} INFO - [2025-01-19T03:29:59.827+0000] {dag.py:4180} INFO - Setting next_dagrun for dataset_s3_bucket_consumer_with_no_taskflow to None, run_after=None
[2025-01-19T03:29:59.828+0000] {logging_mixin.py:190} INFO - [2025-01-19T03:29:59.828+0000] {dag.py:4180} INFO - Setting next_dagrun for dataset_s3_bucket_producer_with_no_taskflow to None, run_after=None
[2025-01-19T03:29:59.845+0000] {processor.py:208} INFO - Processing /home/vscode/.local/lib/python3.10/site-packages/airflow/example_dags/example_dataset_alias_with_no_taskflow.py took 0.073 seconds
[2025-01-19T03:30:46.653+0000] {processor.py:186} INFO - Started process (PID=9737) to work on /home/vscode/.local/lib/python3.10/site-packages/airflow/example_dags/example_dataset_alias_with_no_taskflow.py
[2025-01-19T03:30:46.654+0000] {processor.py:914} INFO - Processing file /home/vscode/.local/lib/python3.10/site-packages/airflow/example_dags/example_dataset_alias_with_no_taskflow.py for tasks to queue
[2025-01-19T03:30:46.655+0000] {logging_mixin.py:190} INFO - [2025-01-19T03:30:46.655+0000] {dagbag.py:588} INFO - Filling up the DagBag from /home/vscode/.local/lib/python3.10/site-packages/airflow/example_dags/example_dataset_alias_with_no_taskflow.py
[2025-01-19T03:30:46.672+0000] {processor.py:925} INFO - DAG(s) 'dataset_alias_example_alias_producer_with_no_taskflow', 'dataset_s3_bucket_consumer_with_no_taskflow', 'dataset_alias_example_alias_consumer_with_no_taskflow', 'dataset_s3_bucket_producer_with_no_taskflow' retrieved from /home/vscode/.local/lib/python3.10/site-packages/airflow/example_dags/example_dataset_alias_with_no_taskflow.py
[2025-01-19T03:30:46.686+0000] {logging_mixin.py:190} INFO - [2025-01-19T03:30:46.686+0000] {dag.py:3239} INFO - Sync 4 DAGs
[2025-01-19T03:30:46.701+0000] {logging_mixin.py:190} INFO - [2025-01-19T03:30:46.700+0000] {dag.py:4180} INFO - Setting next_dagrun for dataset_alias_example_alias_consumer_with_no_taskflow to None, run_after=None
[2025-01-19T03:30:46.702+0000] {logging_mixin.py:190} INFO - [2025-01-19T03:30:46.702+0000] {dag.py:4180} INFO - Setting next_dagrun for dataset_alias_example_alias_producer_with_no_taskflow to None, run_after=None
[2025-01-19T03:30:46.703+0000] {logging_mixin.py:190} INFO - [2025-01-19T03:30:46.703+0000] {dag.py:4180} INFO - Setting next_dagrun for dataset_s3_bucket_consumer_with_no_taskflow to None, run_after=None
[2025-01-19T03:30:46.704+0000] {logging_mixin.py:190} INFO - [2025-01-19T03:30:46.704+0000] {dag.py:4180} INFO - Setting next_dagrun for dataset_s3_bucket_producer_with_no_taskflow to None, run_after=None
[2025-01-19T03:30:46.722+0000] {processor.py:208} INFO - Processing /home/vscode/.local/lib/python3.10/site-packages/airflow/example_dags/example_dataset_alias_with_no_taskflow.py took 0.073 seconds
[2025-01-19T03:31:37.343+0000] {processor.py:186} INFO - Started process (PID=10080) to work on /home/vscode/.local/lib/python3.10/site-packages/airflow/example_dags/example_dataset_alias_with_no_taskflow.py
[2025-01-19T03:31:37.343+0000] {processor.py:914} INFO - Processing file /home/vscode/.local/lib/python3.10/site-packages/airflow/example_dags/example_dataset_alias_with_no_taskflow.py for tasks to queue
[2025-01-19T03:31:37.345+0000] {logging_mixin.py:190} INFO - [2025-01-19T03:31:37.345+0000] {dagbag.py:588} INFO - Filling up the DagBag from /home/vscode/.local/lib/python3.10/site-packages/airflow/example_dags/example_dataset_alias_with_no_taskflow.py
[2025-01-19T03:31:37.365+0000] {processor.py:925} INFO - DAG(s) 'dataset_s3_bucket_consumer_with_no_taskflow', 'dataset_s3_bucket_producer_with_no_taskflow', 'dataset_alias_example_alias_producer_with_no_taskflow', 'dataset_alias_example_alias_consumer_with_no_taskflow' retrieved from /home/vscode/.local/lib/python3.10/site-packages/airflow/example_dags/example_dataset_alias_with_no_taskflow.py
[2025-01-19T03:31:37.387+0000] {logging_mixin.py:190} INFO - [2025-01-19T03:31:37.387+0000] {dag.py:3239} INFO - Sync 4 DAGs
[2025-01-19T03:31:37.402+0000] {logging_mixin.py:190} INFO - [2025-01-19T03:31:37.402+0000] {dag.py:4180} INFO - Setting next_dagrun for dataset_alias_example_alias_consumer_with_no_taskflow to None, run_after=None
[2025-01-19T03:31:37.404+0000] {logging_mixin.py:190} INFO - [2025-01-19T03:31:37.404+0000] {dag.py:4180} INFO - Setting next_dagrun for dataset_alias_example_alias_producer_with_no_taskflow to None, run_after=None
[2025-01-19T03:31:37.405+0000] {logging_mixin.py:190} INFO - [2025-01-19T03:31:37.405+0000] {dag.py:4180} INFO - Setting next_dagrun for dataset_s3_bucket_consumer_with_no_taskflow to None, run_after=None
[2025-01-19T03:31:37.406+0000] {logging_mixin.py:190} INFO - [2025-01-19T03:31:37.406+0000] {dag.py:4180} INFO - Setting next_dagrun for dataset_s3_bucket_producer_with_no_taskflow to None, run_after=None
[2025-01-19T03:31:37.424+0000] {processor.py:208} INFO - Processing /home/vscode/.local/lib/python3.10/site-packages/airflow/example_dags/example_dataset_alias_with_no_taskflow.py took 0.086 seconds
[2025-01-19T03:32:28.880+0000] {processor.py:186} INFO - Started process (PID=10502) to work on /home/vscode/.local/lib/python3.10/site-packages/airflow/example_dags/example_dataset_alias_with_no_taskflow.py
[2025-01-19T03:32:28.881+0000] {processor.py:914} INFO - Processing file /home/vscode/.local/lib/python3.10/site-packages/airflow/example_dags/example_dataset_alias_with_no_taskflow.py for tasks to queue
[2025-01-19T03:32:28.882+0000] {logging_mixin.py:190} INFO - [2025-01-19T03:32:28.882+0000] {dagbag.py:588} INFO - Filling up the DagBag from /home/vscode/.local/lib/python3.10/site-packages/airflow/example_dags/example_dataset_alias_with_no_taskflow.py
[2025-01-19T03:32:28.900+0000] {processor.py:925} INFO - DAG(s) 'dataset_s3_bucket_producer_with_no_taskflow', 'dataset_alias_example_alias_producer_with_no_taskflow', 'dataset_alias_example_alias_consumer_with_no_taskflow', 'dataset_s3_bucket_consumer_with_no_taskflow' retrieved from /home/vscode/.local/lib/python3.10/site-packages/airflow/example_dags/example_dataset_alias_with_no_taskflow.py
[2025-01-19T03:32:28.915+0000] {logging_mixin.py:190} INFO - [2025-01-19T03:32:28.915+0000] {dag.py:3239} INFO - Sync 4 DAGs
[2025-01-19T03:32:28.929+0000] {logging_mixin.py:190} INFO - [2025-01-19T03:32:28.929+0000] {dag.py:4180} INFO - Setting next_dagrun for dataset_alias_example_alias_consumer_with_no_taskflow to None, run_after=None
[2025-01-19T03:32:28.931+0000] {logging_mixin.py:190} INFO - [2025-01-19T03:32:28.931+0000] {dag.py:4180} INFO - Setting next_dagrun for dataset_alias_example_alias_producer_with_no_taskflow to None, run_after=None
[2025-01-19T03:32:28.932+0000] {logging_mixin.py:190} INFO - [2025-01-19T03:32:28.932+0000] {dag.py:4180} INFO - Setting next_dagrun for dataset_s3_bucket_consumer_with_no_taskflow to None, run_after=None
[2025-01-19T03:32:28.932+0000] {logging_mixin.py:190} INFO - [2025-01-19T03:32:28.932+0000] {dag.py:4180} INFO - Setting next_dagrun for dataset_s3_bucket_producer_with_no_taskflow to None, run_after=None
[2025-01-19T03:32:28.949+0000] {processor.py:208} INFO - Processing /home/vscode/.local/lib/python3.10/site-packages/airflow/example_dags/example_dataset_alias_with_no_taskflow.py took 0.073 seconds
[2025-01-19T03:33:17.984+0000] {processor.py:186} INFO - Started process (PID=10894) to work on /home/vscode/.local/lib/python3.10/site-packages/airflow/example_dags/example_dataset_alias_with_no_taskflow.py
[2025-01-19T03:33:17.984+0000] {processor.py:914} INFO - Processing file /home/vscode/.local/lib/python3.10/site-packages/airflow/example_dags/example_dataset_alias_with_no_taskflow.py for tasks to queue
[2025-01-19T03:33:17.986+0000] {logging_mixin.py:190} INFO - [2025-01-19T03:33:17.986+0000] {dagbag.py:588} INFO - Filling up the DagBag from /home/vscode/.local/lib/python3.10/site-packages/airflow/example_dags/example_dataset_alias_with_no_taskflow.py
[2025-01-19T03:33:18.002+0000] {processor.py:925} INFO - DAG(s) 'dataset_s3_bucket_consumer_with_no_taskflow', 'dataset_alias_example_alias_consumer_with_no_taskflow', 'dataset_alias_example_alias_producer_with_no_taskflow', 'dataset_s3_bucket_producer_with_no_taskflow' retrieved from /home/vscode/.local/lib/python3.10/site-packages/airflow/example_dags/example_dataset_alias_with_no_taskflow.py
[2025-01-19T03:33:18.018+0000] {logging_mixin.py:190} INFO - [2025-01-19T03:33:18.017+0000] {dag.py:3239} INFO - Sync 4 DAGs
[2025-01-19T03:33:18.033+0000] {logging_mixin.py:190} INFO - [2025-01-19T03:33:18.033+0000] {dag.py:4180} INFO - Setting next_dagrun for dataset_alias_example_alias_consumer_with_no_taskflow to None, run_after=None
[2025-01-19T03:33:18.035+0000] {logging_mixin.py:190} INFO - [2025-01-19T03:33:18.034+0000] {dag.py:4180} INFO - Setting next_dagrun for dataset_alias_example_alias_producer_with_no_taskflow to None, run_after=None
[2025-01-19T03:33:18.035+0000] {logging_mixin.py:190} INFO - [2025-01-19T03:33:18.035+0000] {dag.py:4180} INFO - Setting next_dagrun for dataset_s3_bucket_consumer_with_no_taskflow to None, run_after=None
[2025-01-19T03:33:18.036+0000] {logging_mixin.py:190} INFO - [2025-01-19T03:33:18.036+0000] {dag.py:4180} INFO - Setting next_dagrun for dataset_s3_bucket_producer_with_no_taskflow to None, run_after=None
[2025-01-19T03:33:18.052+0000] {processor.py:208} INFO - Processing /home/vscode/.local/lib/python3.10/site-packages/airflow/example_dags/example_dataset_alias_with_no_taskflow.py took 0.073 seconds
[2025-01-19T03:34:09.503+0000] {processor.py:186} INFO - Started process (PID=11256) to work on /home/vscode/.local/lib/python3.10/site-packages/airflow/example_dags/example_dataset_alias_with_no_taskflow.py
[2025-01-19T03:34:09.504+0000] {processor.py:914} INFO - Processing file /home/vscode/.local/lib/python3.10/site-packages/airflow/example_dags/example_dataset_alias_with_no_taskflow.py for tasks to queue
[2025-01-19T03:34:09.505+0000] {logging_mixin.py:190} INFO - [2025-01-19T03:34:09.505+0000] {dagbag.py:588} INFO - Filling up the DagBag from /home/vscode/.local/lib/python3.10/site-packages/airflow/example_dags/example_dataset_alias_with_no_taskflow.py
[2025-01-19T03:34:09.523+0000] {processor.py:925} INFO - DAG(s) 'dataset_alias_example_alias_consumer_with_no_taskflow', 'dataset_alias_example_alias_producer_with_no_taskflow', 'dataset_s3_bucket_consumer_with_no_taskflow', 'dataset_s3_bucket_producer_with_no_taskflow' retrieved from /home/vscode/.local/lib/python3.10/site-packages/airflow/example_dags/example_dataset_alias_with_no_taskflow.py
[2025-01-19T03:34:09.537+0000] {logging_mixin.py:190} INFO - [2025-01-19T03:34:09.537+0000] {dag.py:3239} INFO - Sync 4 DAGs
[2025-01-19T03:34:09.553+0000] {logging_mixin.py:190} INFO - [2025-01-19T03:34:09.552+0000] {dag.py:4180} INFO - Setting next_dagrun for dataset_alias_example_alias_consumer_with_no_taskflow to None, run_after=None
[2025-01-19T03:34:09.554+0000] {logging_mixin.py:190} INFO - [2025-01-19T03:34:09.554+0000] {dag.py:4180} INFO - Setting next_dagrun for dataset_alias_example_alias_producer_with_no_taskflow to None, run_after=None
[2025-01-19T03:34:09.555+0000] {logging_mixin.py:190} INFO - [2025-01-19T03:34:09.555+0000] {dag.py:4180} INFO - Setting next_dagrun for dataset_s3_bucket_consumer_with_no_taskflow to None, run_after=None
[2025-01-19T03:34:09.556+0000] {logging_mixin.py:190} INFO - [2025-01-19T03:34:09.556+0000] {dag.py:4180} INFO - Setting next_dagrun for dataset_s3_bucket_producer_with_no_taskflow to None, run_after=None
[2025-01-19T03:34:09.575+0000] {processor.py:208} INFO - Processing /home/vscode/.local/lib/python3.10/site-packages/airflow/example_dags/example_dataset_alias_with_no_taskflow.py took 0.076 seconds
[2025-01-19T03:34:58.555+0000] {processor.py:186} INFO - Started process (PID=11655) to work on /home/vscode/.local/lib/python3.10/site-packages/airflow/example_dags/example_dataset_alias_with_no_taskflow.py
[2025-01-19T03:34:58.556+0000] {processor.py:914} INFO - Processing file /home/vscode/.local/lib/python3.10/site-packages/airflow/example_dags/example_dataset_alias_with_no_taskflow.py for tasks to queue
[2025-01-19T03:34:58.558+0000] {logging_mixin.py:190} INFO - [2025-01-19T03:34:58.557+0000] {dagbag.py:588} INFO - Filling up the DagBag from /home/vscode/.local/lib/python3.10/site-packages/airflow/example_dags/example_dataset_alias_with_no_taskflow.py
[2025-01-19T03:34:58.575+0000] {processor.py:925} INFO - DAG(s) 'dataset_s3_bucket_consumer_with_no_taskflow', 'dataset_s3_bucket_producer_with_no_taskflow', 'dataset_alias_example_alias_producer_with_no_taskflow', 'dataset_alias_example_alias_consumer_with_no_taskflow' retrieved from /home/vscode/.local/lib/python3.10/site-packages/airflow/example_dags/example_dataset_alias_with_no_taskflow.py
[2025-01-19T03:34:58.589+0000] {logging_mixin.py:190} INFO - [2025-01-19T03:34:58.589+0000] {dag.py:3239} INFO - Sync 4 DAGs
[2025-01-19T03:34:58.604+0000] {logging_mixin.py:190} INFO - [2025-01-19T03:34:58.604+0000] {dag.py:4180} INFO - Setting next_dagrun for dataset_alias_example_alias_consumer_with_no_taskflow to None, run_after=None
[2025-01-19T03:34:58.606+0000] {logging_mixin.py:190} INFO - [2025-01-19T03:34:58.606+0000] {dag.py:4180} INFO - Setting next_dagrun for dataset_alias_example_alias_producer_with_no_taskflow to None, run_after=None
[2025-01-19T03:34:58.607+0000] {logging_mixin.py:190} INFO - [2025-01-19T03:34:58.607+0000] {dag.py:4180} INFO - Setting next_dagrun for dataset_s3_bucket_consumer_with_no_taskflow to None, run_after=None
[2025-01-19T03:34:58.607+0000] {logging_mixin.py:190} INFO - [2025-01-19T03:34:58.607+0000] {dag.py:4180} INFO - Setting next_dagrun for dataset_s3_bucket_producer_with_no_taskflow to None, run_after=None
[2025-01-19T03:34:58.625+0000] {processor.py:208} INFO - Processing /home/vscode/.local/lib/python3.10/site-packages/airflow/example_dags/example_dataset_alias_with_no_taskflow.py took 0.074 seconds
[2025-01-19T03:35:48.513+0000] {processor.py:186} INFO - Started process (PID=12047) to work on /home/vscode/.local/lib/python3.10/site-packages/airflow/example_dags/example_dataset_alias_with_no_taskflow.py
[2025-01-19T03:35:48.514+0000] {processor.py:914} INFO - Processing file /home/vscode/.local/lib/python3.10/site-packages/airflow/example_dags/example_dataset_alias_with_no_taskflow.py for tasks to queue
[2025-01-19T03:35:48.515+0000] {logging_mixin.py:190} INFO - [2025-01-19T03:35:48.515+0000] {dagbag.py:588} INFO - Filling up the DagBag from /home/vscode/.local/lib/python3.10/site-packages/airflow/example_dags/example_dataset_alias_with_no_taskflow.py
[2025-01-19T03:35:48.532+0000] {processor.py:925} INFO - DAG(s) 'dataset_s3_bucket_consumer_with_no_taskflow', 'dataset_alias_example_alias_consumer_with_no_taskflow', 'dataset_alias_example_alias_producer_with_no_taskflow', 'dataset_s3_bucket_producer_with_no_taskflow' retrieved from /home/vscode/.local/lib/python3.10/site-packages/airflow/example_dags/example_dataset_alias_with_no_taskflow.py
[2025-01-19T03:35:48.546+0000] {logging_mixin.py:190} INFO - [2025-01-19T03:35:48.546+0000] {dag.py:3239} INFO - Sync 4 DAGs
[2025-01-19T03:35:48.561+0000] {logging_mixin.py:190} INFO - [2025-01-19T03:35:48.561+0000] {dag.py:4180} INFO - Setting next_dagrun for dataset_alias_example_alias_consumer_with_no_taskflow to None, run_after=None
[2025-01-19T03:35:48.563+0000] {logging_mixin.py:190} INFO - [2025-01-19T03:35:48.563+0000] {dag.py:4180} INFO - Setting next_dagrun for dataset_alias_example_alias_producer_with_no_taskflow to None, run_after=None
[2025-01-19T03:35:48.564+0000] {logging_mixin.py:190} INFO - [2025-01-19T03:35:48.564+0000] {dag.py:4180} INFO - Setting next_dagrun for dataset_s3_bucket_consumer_with_no_taskflow to None, run_after=None
[2025-01-19T03:35:48.565+0000] {logging_mixin.py:190} INFO - [2025-01-19T03:35:48.565+0000] {dag.py:4180} INFO - Setting next_dagrun for dataset_s3_bucket_producer_with_no_taskflow to None, run_after=None
[2025-01-19T03:35:48.582+0000] {processor.py:208} INFO - Processing /home/vscode/.local/lib/python3.10/site-packages/airflow/example_dags/example_dataset_alias_with_no_taskflow.py took 0.074 seconds
[2025-01-19T03:36:36.103+0000] {processor.py:186} INFO - Started process (PID=12379) to work on /home/vscode/.local/lib/python3.10/site-packages/airflow/example_dags/example_dataset_alias_with_no_taskflow.py
[2025-01-19T03:36:36.104+0000] {processor.py:914} INFO - Processing file /home/vscode/.local/lib/python3.10/site-packages/airflow/example_dags/example_dataset_alias_with_no_taskflow.py for tasks to queue
[2025-01-19T03:36:36.105+0000] {logging_mixin.py:190} INFO - [2025-01-19T03:36:36.105+0000] {dagbag.py:588} INFO - Filling up the DagBag from /home/vscode/.local/lib/python3.10/site-packages/airflow/example_dags/example_dataset_alias_with_no_taskflow.py
[2025-01-19T03:36:36.122+0000] {processor.py:925} INFO - DAG(s) 'dataset_alias_example_alias_producer_with_no_taskflow', 'dataset_s3_bucket_producer_with_no_taskflow', 'dataset_alias_example_alias_consumer_with_no_taskflow', 'dataset_s3_bucket_consumer_with_no_taskflow' retrieved from /home/vscode/.local/lib/python3.10/site-packages/airflow/example_dags/example_dataset_alias_with_no_taskflow.py
[2025-01-19T03:36:36.136+0000] {logging_mixin.py:190} INFO - [2025-01-19T03:36:36.136+0000] {dag.py:3239} INFO - Sync 4 DAGs
[2025-01-19T03:36:36.150+0000] {logging_mixin.py:190} INFO - [2025-01-19T03:36:36.150+0000] {dag.py:4180} INFO - Setting next_dagrun for dataset_alias_example_alias_consumer_with_no_taskflow to None, run_after=None
[2025-01-19T03:36:36.152+0000] {logging_mixin.py:190} INFO - [2025-01-19T03:36:36.151+0000] {dag.py:4180} INFO - Setting next_dagrun for dataset_alias_example_alias_producer_with_no_taskflow to None, run_after=None
[2025-01-19T03:36:36.152+0000] {logging_mixin.py:190} INFO - [2025-01-19T03:36:36.152+0000] {dag.py:4180} INFO - Setting next_dagrun for dataset_s3_bucket_consumer_with_no_taskflow to None, run_after=None
[2025-01-19T03:36:36.153+0000] {logging_mixin.py:190} INFO - [2025-01-19T03:36:36.153+0000] {dag.py:4180} INFO - Setting next_dagrun for dataset_s3_bucket_producer_with_no_taskflow to None, run_after=None
[2025-01-19T03:36:36.170+0000] {processor.py:208} INFO - Processing /home/vscode/.local/lib/python3.10/site-packages/airflow/example_dags/example_dataset_alias_with_no_taskflow.py took 0.071 seconds
[2025-01-19T03:37:28.279+0000] {processor.py:186} INFO - Started process (PID=12736) to work on /home/vscode/.local/lib/python3.10/site-packages/airflow/example_dags/example_dataset_alias_with_no_taskflow.py
[2025-01-19T03:37:28.280+0000] {processor.py:914} INFO - Processing file /home/vscode/.local/lib/python3.10/site-packages/airflow/example_dags/example_dataset_alias_with_no_taskflow.py for tasks to queue
[2025-01-19T03:37:28.281+0000] {logging_mixin.py:190} INFO - [2025-01-19T03:37:28.281+0000] {dagbag.py:588} INFO - Filling up the DagBag from /home/vscode/.local/lib/python3.10/site-packages/airflow/example_dags/example_dataset_alias_with_no_taskflow.py
[2025-01-19T03:37:28.298+0000] {processor.py:925} INFO - DAG(s) 'dataset_alias_example_alias_consumer_with_no_taskflow', 'dataset_s3_bucket_producer_with_no_taskflow', 'dataset_s3_bucket_consumer_with_no_taskflow', 'dataset_alias_example_alias_producer_with_no_taskflow' retrieved from /home/vscode/.local/lib/python3.10/site-packages/airflow/example_dags/example_dataset_alias_with_no_taskflow.py
[2025-01-19T03:37:28.318+0000] {logging_mixin.py:190} INFO - [2025-01-19T03:37:28.317+0000] {dag.py:3239} INFO - Sync 4 DAGs
[2025-01-19T03:37:28.332+0000] {logging_mixin.py:190} INFO - [2025-01-19T03:37:28.332+0000] {dag.py:4180} INFO - Setting next_dagrun for dataset_alias_example_alias_consumer_with_no_taskflow to None, run_after=None
[2025-01-19T03:37:28.334+0000] {logging_mixin.py:190} INFO - [2025-01-19T03:37:28.333+0000] {dag.py:4180} INFO - Setting next_dagrun for dataset_alias_example_alias_producer_with_no_taskflow to None, run_after=None
[2025-01-19T03:37:28.334+0000] {logging_mixin.py:190} INFO - [2025-01-19T03:37:28.334+0000] {dag.py:4180} INFO - Setting next_dagrun for dataset_s3_bucket_consumer_with_no_taskflow to None, run_after=None
[2025-01-19T03:37:28.335+0000] {logging_mixin.py:190} INFO - [2025-01-19T03:37:28.335+0000] {dag.py:4180} INFO - Setting next_dagrun for dataset_s3_bucket_producer_with_no_taskflow to None, run_after=None
[2025-01-19T03:37:28.351+0000] {processor.py:208} INFO - Processing /home/vscode/.local/lib/python3.10/site-packages/airflow/example_dags/example_dataset_alias_with_no_taskflow.py took 0.076 seconds
[2025-01-19T03:38:21.227+0000] {processor.py:186} INFO - Started process (PID=13101) to work on /home/vscode/.local/lib/python3.10/site-packages/airflow/example_dags/example_dataset_alias_with_no_taskflow.py
[2025-01-19T03:38:21.228+0000] {processor.py:914} INFO - Processing file /home/vscode/.local/lib/python3.10/site-packages/airflow/example_dags/example_dataset_alias_with_no_taskflow.py for tasks to queue
[2025-01-19T03:38:21.229+0000] {logging_mixin.py:190} INFO - [2025-01-19T03:38:21.229+0000] {dagbag.py:588} INFO - Filling up the DagBag from /home/vscode/.local/lib/python3.10/site-packages/airflow/example_dags/example_dataset_alias_with_no_taskflow.py
[2025-01-19T03:38:21.247+0000] {processor.py:925} INFO - DAG(s) 'dataset_alias_example_alias_consumer_with_no_taskflow', 'dataset_s3_bucket_producer_with_no_taskflow', 'dataset_alias_example_alias_producer_with_no_taskflow', 'dataset_s3_bucket_consumer_with_no_taskflow' retrieved from /home/vscode/.local/lib/python3.10/site-packages/airflow/example_dags/example_dataset_alias_with_no_taskflow.py
[2025-01-19T03:38:21.261+0000] {logging_mixin.py:190} INFO - [2025-01-19T03:38:21.261+0000] {dag.py:3239} INFO - Sync 4 DAGs
[2025-01-19T03:38:21.275+0000] {logging_mixin.py:190} INFO - [2025-01-19T03:38:21.275+0000] {dag.py:4180} INFO - Setting next_dagrun for dataset_alias_example_alias_consumer_with_no_taskflow to None, run_after=None
[2025-01-19T03:38:21.277+0000] {logging_mixin.py:190} INFO - [2025-01-19T03:38:21.277+0000] {dag.py:4180} INFO - Setting next_dagrun for dataset_alias_example_alias_producer_with_no_taskflow to None, run_after=None
[2025-01-19T03:38:21.278+0000] {logging_mixin.py:190} INFO - [2025-01-19T03:38:21.278+0000] {dag.py:4180} INFO - Setting next_dagrun for dataset_s3_bucket_consumer_with_no_taskflow to None, run_after=None
[2025-01-19T03:38:21.278+0000] {logging_mixin.py:190} INFO - [2025-01-19T03:38:21.278+0000] {dag.py:4180} INFO - Setting next_dagrun for dataset_s3_bucket_producer_with_no_taskflow to None, run_after=None
[2025-01-19T03:38:21.295+0000] {processor.py:208} INFO - Processing /home/vscode/.local/lib/python3.10/site-packages/airflow/example_dags/example_dataset_alias_with_no_taskflow.py took 0.072 seconds
[2025-01-19T03:39:09.042+0000] {processor.py:186} INFO - Started process (PID=13418) to work on /home/vscode/.local/lib/python3.10/site-packages/airflow/example_dags/example_dataset_alias_with_no_taskflow.py
[2025-01-19T03:39:09.043+0000] {processor.py:914} INFO - Processing file /home/vscode/.local/lib/python3.10/site-packages/airflow/example_dags/example_dataset_alias_with_no_taskflow.py for tasks to queue
[2025-01-19T03:39:09.044+0000] {logging_mixin.py:190} INFO - [2025-01-19T03:39:09.044+0000] {dagbag.py:588} INFO - Filling up the DagBag from /home/vscode/.local/lib/python3.10/site-packages/airflow/example_dags/example_dataset_alias_with_no_taskflow.py
[2025-01-19T03:39:09.061+0000] {processor.py:925} INFO - DAG(s) 'dataset_s3_bucket_producer_with_no_taskflow', 'dataset_s3_bucket_consumer_with_no_taskflow', 'dataset_alias_example_alias_producer_with_no_taskflow', 'dataset_alias_example_alias_consumer_with_no_taskflow' retrieved from /home/vscode/.local/lib/python3.10/site-packages/airflow/example_dags/example_dataset_alias_with_no_taskflow.py
[2025-01-19T03:39:09.076+0000] {logging_mixin.py:190} INFO - [2025-01-19T03:39:09.075+0000] {dag.py:3239} INFO - Sync 4 DAGs
[2025-01-19T03:39:09.091+0000] {logging_mixin.py:190} INFO - [2025-01-19T03:39:09.091+0000] {dag.py:4180} INFO - Setting next_dagrun for dataset_alias_example_alias_consumer_with_no_taskflow to None, run_after=None
[2025-01-19T03:39:09.093+0000] {logging_mixin.py:190} INFO - [2025-01-19T03:39:09.092+0000] {dag.py:4180} INFO - Setting next_dagrun for dataset_alias_example_alias_producer_with_no_taskflow to None, run_after=None
[2025-01-19T03:39:09.093+0000] {logging_mixin.py:190} INFO - [2025-01-19T03:39:09.093+0000] {dag.py:4180} INFO - Setting next_dagrun for dataset_s3_bucket_consumer_with_no_taskflow to None, run_after=None
[2025-01-19T03:39:09.094+0000] {logging_mixin.py:190} INFO - [2025-01-19T03:39:09.094+0000] {dag.py:4180} INFO - Setting next_dagrun for dataset_s3_bucket_producer_with_no_taskflow to None, run_after=None
[2025-01-19T03:39:09.111+0000] {processor.py:208} INFO - Processing /home/vscode/.local/lib/python3.10/site-packages/airflow/example_dags/example_dataset_alias_with_no_taskflow.py took 0.073 seconds
[2025-01-19T03:39:59.594+0000] {processor.py:186} INFO - Started process (PID=13760) to work on /home/vscode/.local/lib/python3.10/site-packages/airflow/example_dags/example_dataset_alias_with_no_taskflow.py
[2025-01-19T03:39:59.595+0000] {processor.py:914} INFO - Processing file /home/vscode/.local/lib/python3.10/site-packages/airflow/example_dags/example_dataset_alias_with_no_taskflow.py for tasks to queue
[2025-01-19T03:39:59.597+0000] {logging_mixin.py:190} INFO - [2025-01-19T03:39:59.597+0000] {dagbag.py:588} INFO - Filling up the DagBag from /home/vscode/.local/lib/python3.10/site-packages/airflow/example_dags/example_dataset_alias_with_no_taskflow.py
[2025-01-19T03:39:59.614+0000] {processor.py:925} INFO - DAG(s) 'dataset_alias_example_alias_producer_with_no_taskflow', 'dataset_alias_example_alias_consumer_with_no_taskflow', 'dataset_s3_bucket_producer_with_no_taskflow', 'dataset_s3_bucket_consumer_with_no_taskflow' retrieved from /home/vscode/.local/lib/python3.10/site-packages/airflow/example_dags/example_dataset_alias_with_no_taskflow.py
[2025-01-19T03:39:59.630+0000] {logging_mixin.py:190} INFO - [2025-01-19T03:39:59.629+0000] {dag.py:3239} INFO - Sync 4 DAGs
[2025-01-19T03:39:59.648+0000] {logging_mixin.py:190} INFO - [2025-01-19T03:39:59.648+0000] {dag.py:4180} INFO - Setting next_dagrun for dataset_alias_example_alias_consumer_with_no_taskflow to None, run_after=None
[2025-01-19T03:39:59.650+0000] {logging_mixin.py:190} INFO - [2025-01-19T03:39:59.650+0000] {dag.py:4180} INFO - Setting next_dagrun for dataset_alias_example_alias_producer_with_no_taskflow to None, run_after=None
[2025-01-19T03:39:59.651+0000] {logging_mixin.py:190} INFO - [2025-01-19T03:39:59.651+0000] {dag.py:4180} INFO - Setting next_dagrun for dataset_s3_bucket_consumer_with_no_taskflow to None, run_after=None
[2025-01-19T03:39:59.652+0000] {logging_mixin.py:190} INFO - [2025-01-19T03:39:59.652+0000] {dag.py:4180} INFO - Setting next_dagrun for dataset_s3_bucket_producer_with_no_taskflow to None, run_after=None
[2025-01-19T03:39:59.670+0000] {processor.py:208} INFO - Processing /home/vscode/.local/lib/python3.10/site-packages/airflow/example_dags/example_dataset_alias_with_no_taskflow.py took 0.080 seconds
[2025-01-19T03:40:50.322+0000] {processor.py:186} INFO - Started process (PID=14104) to work on /home/vscode/.local/lib/python3.10/site-packages/airflow/example_dags/example_dataset_alias_with_no_taskflow.py
[2025-01-19T03:40:50.322+0000] {processor.py:914} INFO - Processing file /home/vscode/.local/lib/python3.10/site-packages/airflow/example_dags/example_dataset_alias_with_no_taskflow.py for tasks to queue
[2025-01-19T03:40:50.324+0000] {logging_mixin.py:190} INFO - [2025-01-19T03:40:50.324+0000] {dagbag.py:588} INFO - Filling up the DagBag from /home/vscode/.local/lib/python3.10/site-packages/airflow/example_dags/example_dataset_alias_with_no_taskflow.py
[2025-01-19T03:40:50.341+0000] {processor.py:925} INFO - DAG(s) 'dataset_alias_example_alias_consumer_with_no_taskflow', 'dataset_s3_bucket_producer_with_no_taskflow', 'dataset_alias_example_alias_producer_with_no_taskflow', 'dataset_s3_bucket_consumer_with_no_taskflow' retrieved from /home/vscode/.local/lib/python3.10/site-packages/airflow/example_dags/example_dataset_alias_with_no_taskflow.py
[2025-01-19T03:40:50.355+0000] {logging_mixin.py:190} INFO - [2025-01-19T03:40:50.355+0000] {dag.py:3239} INFO - Sync 4 DAGs
[2025-01-19T03:40:50.370+0000] {logging_mixin.py:190} INFO - [2025-01-19T03:40:50.370+0000] {dag.py:4180} INFO - Setting next_dagrun for dataset_alias_example_alias_consumer_with_no_taskflow to None, run_after=None
[2025-01-19T03:40:50.372+0000] {logging_mixin.py:190} INFO - [2025-01-19T03:40:50.372+0000] {dag.py:4180} INFO - Setting next_dagrun for dataset_alias_example_alias_producer_with_no_taskflow to None, run_after=None
[2025-01-19T03:40:50.373+0000] {logging_mixin.py:190} INFO - [2025-01-19T03:40:50.373+0000] {dag.py:4180} INFO - Setting next_dagrun for dataset_s3_bucket_consumer_with_no_taskflow to None, run_after=None
[2025-01-19T03:40:50.373+0000] {logging_mixin.py:190} INFO - [2025-01-19T03:40:50.373+0000] {dag.py:4180} INFO - Setting next_dagrun for dataset_s3_bucket_producer_with_no_taskflow to None, run_after=None
[2025-01-19T03:40:50.391+0000] {processor.py:208} INFO - Processing /home/vscode/.local/lib/python3.10/site-packages/airflow/example_dags/example_dataset_alias_with_no_taskflow.py took 0.074 seconds
[2025-01-19T03:41:39.254+0000] {processor.py:186} INFO - Started process (PID=14434) to work on /home/vscode/.local/lib/python3.10/site-packages/airflow/example_dags/example_dataset_alias_with_no_taskflow.py
[2025-01-19T03:41:39.255+0000] {processor.py:914} INFO - Processing file /home/vscode/.local/lib/python3.10/site-packages/airflow/example_dags/example_dataset_alias_with_no_taskflow.py for tasks to queue
[2025-01-19T03:41:39.257+0000] {logging_mixin.py:190} INFO - [2025-01-19T03:41:39.256+0000] {dagbag.py:588} INFO - Filling up the DagBag from /home/vscode/.local/lib/python3.10/site-packages/airflow/example_dags/example_dataset_alias_with_no_taskflow.py
[2025-01-19T03:41:39.273+0000] {processor.py:925} INFO - DAG(s) 'dataset_alias_example_alias_consumer_with_no_taskflow', 'dataset_s3_bucket_consumer_with_no_taskflow', 'dataset_s3_bucket_producer_with_no_taskflow', 'dataset_alias_example_alias_producer_with_no_taskflow' retrieved from /home/vscode/.local/lib/python3.10/site-packages/airflow/example_dags/example_dataset_alias_with_no_taskflow.py
[2025-01-19T03:41:39.288+0000] {logging_mixin.py:190} INFO - [2025-01-19T03:41:39.288+0000] {dag.py:3239} INFO - Sync 4 DAGs
[2025-01-19T03:41:39.302+0000] {logging_mixin.py:190} INFO - [2025-01-19T03:41:39.302+0000] {dag.py:4180} INFO - Setting next_dagrun for dataset_alias_example_alias_consumer_with_no_taskflow to None, run_after=None
[2025-01-19T03:41:39.304+0000] {logging_mixin.py:190} INFO - [2025-01-19T03:41:39.304+0000] {dag.py:4180} INFO - Setting next_dagrun for dataset_alias_example_alias_producer_with_no_taskflow to None, run_after=None
[2025-01-19T03:41:39.305+0000] {logging_mixin.py:190} INFO - [2025-01-19T03:41:39.305+0000] {dag.py:4180} INFO - Setting next_dagrun for dataset_s3_bucket_consumer_with_no_taskflow to None, run_after=None
[2025-01-19T03:41:39.306+0000] {logging_mixin.py:190} INFO - [2025-01-19T03:41:39.306+0000] {dag.py:4180} INFO - Setting next_dagrun for dataset_s3_bucket_producer_with_no_taskflow to None, run_after=None
[2025-01-19T03:41:39.323+0000] {processor.py:208} INFO - Processing /home/vscode/.local/lib/python3.10/site-packages/airflow/example_dags/example_dataset_alias_with_no_taskflow.py took 0.073 seconds
[2025-01-19T03:42:32.095+0000] {processor.py:186} INFO - Started process (PID=14790) to work on /home/vscode/.local/lib/python3.10/site-packages/airflow/example_dags/example_dataset_alias_with_no_taskflow.py
[2025-01-19T03:42:32.095+0000] {processor.py:914} INFO - Processing file /home/vscode/.local/lib/python3.10/site-packages/airflow/example_dags/example_dataset_alias_with_no_taskflow.py for tasks to queue
[2025-01-19T03:42:32.097+0000] {logging_mixin.py:190} INFO - [2025-01-19T03:42:32.097+0000] {dagbag.py:588} INFO - Filling up the DagBag from /home/vscode/.local/lib/python3.10/site-packages/airflow/example_dags/example_dataset_alias_with_no_taskflow.py
[2025-01-19T03:42:32.124+0000] {processor.py:925} INFO - DAG(s) 'dataset_s3_bucket_consumer_with_no_taskflow', 'dataset_s3_bucket_producer_with_no_taskflow', 'dataset_alias_example_alias_consumer_with_no_taskflow', 'dataset_alias_example_alias_producer_with_no_taskflow' retrieved from /home/vscode/.local/lib/python3.10/site-packages/airflow/example_dags/example_dataset_alias_with_no_taskflow.py
[2025-01-19T03:42:32.146+0000] {logging_mixin.py:190} INFO - [2025-01-19T03:42:32.146+0000] {dag.py:3239} INFO - Sync 4 DAGs
[2025-01-19T03:42:32.168+0000] {logging_mixin.py:190} INFO - [2025-01-19T03:42:32.168+0000] {dag.py:4180} INFO - Setting next_dagrun for dataset_alias_example_alias_consumer_with_no_taskflow to None, run_after=None
[2025-01-19T03:42:32.171+0000] {logging_mixin.py:190} INFO - [2025-01-19T03:42:32.171+0000] {dag.py:4180} INFO - Setting next_dagrun for dataset_alias_example_alias_producer_with_no_taskflow to None, run_after=None
[2025-01-19T03:42:32.172+0000] {logging_mixin.py:190} INFO - [2025-01-19T03:42:32.172+0000] {dag.py:4180} INFO - Setting next_dagrun for dataset_s3_bucket_consumer_with_no_taskflow to None, run_after=None
[2025-01-19T03:42:32.173+0000] {logging_mixin.py:190} INFO - [2025-01-19T03:42:32.173+0000] {dag.py:4180} INFO - Setting next_dagrun for dataset_s3_bucket_producer_with_no_taskflow to None, run_after=None
[2025-01-19T03:42:32.194+0000] {processor.py:208} INFO - Processing /home/vscode/.local/lib/python3.10/site-packages/airflow/example_dags/example_dataset_alias_with_no_taskflow.py took 0.104 seconds
[2025-01-19T03:43:23.111+0000] {processor.py:186} INFO - Started process (PID=15139) to work on /home/vscode/.local/lib/python3.10/site-packages/airflow/example_dags/example_dataset_alias_with_no_taskflow.py
[2025-01-19T03:43:23.112+0000] {processor.py:914} INFO - Processing file /home/vscode/.local/lib/python3.10/site-packages/airflow/example_dags/example_dataset_alias_with_no_taskflow.py for tasks to queue
[2025-01-19T03:43:23.114+0000] {logging_mixin.py:190} INFO - [2025-01-19T03:43:23.113+0000] {dagbag.py:588} INFO - Filling up the DagBag from /home/vscode/.local/lib/python3.10/site-packages/airflow/example_dags/example_dataset_alias_with_no_taskflow.py
[2025-01-19T03:43:23.131+0000] {processor.py:925} INFO - DAG(s) 'dataset_alias_example_alias_consumer_with_no_taskflow', 'dataset_alias_example_alias_producer_with_no_taskflow', 'dataset_s3_bucket_producer_with_no_taskflow', 'dataset_s3_bucket_consumer_with_no_taskflow' retrieved from /home/vscode/.local/lib/python3.10/site-packages/airflow/example_dags/example_dataset_alias_with_no_taskflow.py
[2025-01-19T03:43:23.146+0000] {logging_mixin.py:190} INFO - [2025-01-19T03:43:23.145+0000] {dag.py:3239} INFO - Sync 4 DAGs
[2025-01-19T03:43:23.161+0000] {logging_mixin.py:190} INFO - [2025-01-19T03:43:23.161+0000] {dag.py:4180} INFO - Setting next_dagrun for dataset_alias_example_alias_consumer_with_no_taskflow to None, run_after=None
[2025-01-19T03:43:23.163+0000] {logging_mixin.py:190} INFO - [2025-01-19T03:43:23.162+0000] {dag.py:4180} INFO - Setting next_dagrun for dataset_alias_example_alias_producer_with_no_taskflow to None, run_after=None
[2025-01-19T03:43:23.163+0000] {logging_mixin.py:190} INFO - [2025-01-19T03:43:23.163+0000] {dag.py:4180} INFO - Setting next_dagrun for dataset_s3_bucket_consumer_with_no_taskflow to None, run_after=None
[2025-01-19T03:43:23.164+0000] {logging_mixin.py:190} INFO - [2025-01-19T03:43:23.164+0000] {dag.py:4180} INFO - Setting next_dagrun for dataset_s3_bucket_producer_with_no_taskflow to None, run_after=None
[2025-01-19T03:43:23.180+0000] {processor.py:208} INFO - Processing /home/vscode/.local/lib/python3.10/site-packages/airflow/example_dags/example_dataset_alias_with_no_taskflow.py took 0.074 seconds
[2025-01-19T03:44:14.361+0000] {processor.py:186} INFO - Started process (PID=15487) to work on /home/vscode/.local/lib/python3.10/site-packages/airflow/example_dags/example_dataset_alias_with_no_taskflow.py
[2025-01-19T03:44:14.362+0000] {processor.py:914} INFO - Processing file /home/vscode/.local/lib/python3.10/site-packages/airflow/example_dags/example_dataset_alias_with_no_taskflow.py for tasks to queue
[2025-01-19T03:44:14.364+0000] {logging_mixin.py:190} INFO - [2025-01-19T03:44:14.363+0000] {dagbag.py:588} INFO - Filling up the DagBag from /home/vscode/.local/lib/python3.10/site-packages/airflow/example_dags/example_dataset_alias_with_no_taskflow.py
[2025-01-19T03:44:14.381+0000] {processor.py:925} INFO - DAG(s) 'dataset_alias_example_alias_consumer_with_no_taskflow', 'dataset_alias_example_alias_producer_with_no_taskflow', 'dataset_s3_bucket_consumer_with_no_taskflow', 'dataset_s3_bucket_producer_with_no_taskflow' retrieved from /home/vscode/.local/lib/python3.10/site-packages/airflow/example_dags/example_dataset_alias_with_no_taskflow.py
[2025-01-19T03:44:14.396+0000] {logging_mixin.py:190} INFO - [2025-01-19T03:44:14.396+0000] {dag.py:3239} INFO - Sync 4 DAGs
[2025-01-19T03:44:14.411+0000] {logging_mixin.py:190} INFO - [2025-01-19T03:44:14.411+0000] {dag.py:4180} INFO - Setting next_dagrun for dataset_alias_example_alias_consumer_with_no_taskflow to None, run_after=None
[2025-01-19T03:44:14.413+0000] {logging_mixin.py:190} INFO - [2025-01-19T03:44:14.413+0000] {dag.py:4180} INFO - Setting next_dagrun for dataset_alias_example_alias_producer_with_no_taskflow to None, run_after=None
[2025-01-19T03:44:14.414+0000] {logging_mixin.py:190} INFO - [2025-01-19T03:44:14.413+0000] {dag.py:4180} INFO - Setting next_dagrun for dataset_s3_bucket_consumer_with_no_taskflow to None, run_after=None
[2025-01-19T03:44:14.414+0000] {logging_mixin.py:190} INFO - [2025-01-19T03:44:14.414+0000] {dag.py:4180} INFO - Setting next_dagrun for dataset_s3_bucket_producer_with_no_taskflow to None, run_after=None
[2025-01-19T03:44:14.432+0000] {processor.py:208} INFO - Processing /home/vscode/.local/lib/python3.10/site-packages/airflow/example_dags/example_dataset_alias_with_no_taskflow.py took 0.076 seconds
[2025-01-19T03:45:08.045+0000] {processor.py:186} INFO - Started process (PID=15842) to work on /home/vscode/.local/lib/python3.10/site-packages/airflow/example_dags/example_dataset_alias_with_no_taskflow.py
[2025-01-19T03:45:08.045+0000] {processor.py:914} INFO - Processing file /home/vscode/.local/lib/python3.10/site-packages/airflow/example_dags/example_dataset_alias_with_no_taskflow.py for tasks to queue
[2025-01-19T03:45:08.047+0000] {logging_mixin.py:190} INFO - [2025-01-19T03:45:08.047+0000] {dagbag.py:588} INFO - Filling up the DagBag from /home/vscode/.local/lib/python3.10/site-packages/airflow/example_dags/example_dataset_alias_with_no_taskflow.py
[2025-01-19T03:45:08.070+0000] {processor.py:925} INFO - DAG(s) 'dataset_alias_example_alias_producer_with_no_taskflow', 'dataset_s3_bucket_producer_with_no_taskflow', 'dataset_alias_example_alias_consumer_with_no_taskflow', 'dataset_s3_bucket_consumer_with_no_taskflow' retrieved from /home/vscode/.local/lib/python3.10/site-packages/airflow/example_dags/example_dataset_alias_with_no_taskflow.py
[2025-01-19T03:45:08.091+0000] {logging_mixin.py:190} INFO - [2025-01-19T03:45:08.090+0000] {dag.py:3239} INFO - Sync 4 DAGs
[2025-01-19T03:45:08.112+0000] {logging_mixin.py:190} INFO - [2025-01-19T03:45:08.112+0000] {dag.py:4180} INFO - Setting next_dagrun for dataset_alias_example_alias_consumer_with_no_taskflow to None, run_after=None
[2025-01-19T03:45:08.114+0000] {logging_mixin.py:190} INFO - [2025-01-19T03:45:08.114+0000] {dag.py:4180} INFO - Setting next_dagrun for dataset_alias_example_alias_producer_with_no_taskflow to None, run_after=None
[2025-01-19T03:45:08.115+0000] {logging_mixin.py:190} INFO - [2025-01-19T03:45:08.115+0000] {dag.py:4180} INFO - Setting next_dagrun for dataset_s3_bucket_consumer_with_no_taskflow to None, run_after=None
[2025-01-19T03:45:08.116+0000] {logging_mixin.py:190} INFO - [2025-01-19T03:45:08.116+0000] {dag.py:4180} INFO - Setting next_dagrun for dataset_s3_bucket_producer_with_no_taskflow to None, run_after=None
[2025-01-19T03:45:08.141+0000] {processor.py:208} INFO - Processing /home/vscode/.local/lib/python3.10/site-packages/airflow/example_dags/example_dataset_alias_with_no_taskflow.py took 0.101 seconds
[2025-01-19T03:45:59.374+0000] {processor.py:186} INFO - Started process (PID=16185) to work on /home/vscode/.local/lib/python3.10/site-packages/airflow/example_dags/example_dataset_alias_with_no_taskflow.py
[2025-01-19T03:45:59.375+0000] {processor.py:914} INFO - Processing file /home/vscode/.local/lib/python3.10/site-packages/airflow/example_dags/example_dataset_alias_with_no_taskflow.py for tasks to queue
[2025-01-19T03:45:59.376+0000] {logging_mixin.py:190} INFO - [2025-01-19T03:45:59.376+0000] {dagbag.py:588} INFO - Filling up the DagBag from /home/vscode/.local/lib/python3.10/site-packages/airflow/example_dags/example_dataset_alias_with_no_taskflow.py
[2025-01-19T03:45:59.393+0000] {processor.py:925} INFO - DAG(s) 'dataset_alias_example_alias_consumer_with_no_taskflow', 'dataset_alias_example_alias_producer_with_no_taskflow', 'dataset_s3_bucket_consumer_with_no_taskflow', 'dataset_s3_bucket_producer_with_no_taskflow' retrieved from /home/vscode/.local/lib/python3.10/site-packages/airflow/example_dags/example_dataset_alias_with_no_taskflow.py
[2025-01-19T03:45:59.408+0000] {logging_mixin.py:190} INFO - [2025-01-19T03:45:59.408+0000] {dag.py:3239} INFO - Sync 4 DAGs
[2025-01-19T03:45:59.423+0000] {logging_mixin.py:190} INFO - [2025-01-19T03:45:59.422+0000] {dag.py:4180} INFO - Setting next_dagrun for dataset_alias_example_alias_consumer_with_no_taskflow to None, run_after=None
[2025-01-19T03:45:59.424+0000] {logging_mixin.py:190} INFO - [2025-01-19T03:45:59.424+0000] {dag.py:4180} INFO - Setting next_dagrun for dataset_alias_example_alias_producer_with_no_taskflow to None, run_after=None
[2025-01-19T03:45:59.425+0000] {logging_mixin.py:190} INFO - [2025-01-19T03:45:59.425+0000] {dag.py:4180} INFO - Setting next_dagrun for dataset_s3_bucket_consumer_with_no_taskflow to None, run_after=None
[2025-01-19T03:45:59.426+0000] {logging_mixin.py:190} INFO - [2025-01-19T03:45:59.426+0000] {dag.py:4180} INFO - Setting next_dagrun for dataset_s3_bucket_producer_with_no_taskflow to None, run_after=None
[2025-01-19T03:45:59.443+0000] {processor.py:208} INFO - Processing /home/vscode/.local/lib/python3.10/site-packages/airflow/example_dags/example_dataset_alias_with_no_taskflow.py took 0.073 seconds
[2025-01-19T03:46:49.086+0000] {processor.py:186} INFO - Started process (PID=16523) to work on /home/vscode/.local/lib/python3.10/site-packages/airflow/example_dags/example_dataset_alias_with_no_taskflow.py
[2025-01-19T03:46:49.087+0000] {processor.py:914} INFO - Processing file /home/vscode/.local/lib/python3.10/site-packages/airflow/example_dags/example_dataset_alias_with_no_taskflow.py for tasks to queue
[2025-01-19T03:46:49.088+0000] {logging_mixin.py:190} INFO - [2025-01-19T03:46:49.088+0000] {dagbag.py:588} INFO - Filling up the DagBag from /home/vscode/.local/lib/python3.10/site-packages/airflow/example_dags/example_dataset_alias_with_no_taskflow.py
[2025-01-19T03:46:49.106+0000] {processor.py:925} INFO - DAG(s) 'dataset_alias_example_alias_consumer_with_no_taskflow', 'dataset_s3_bucket_consumer_with_no_taskflow', 'dataset_s3_bucket_producer_with_no_taskflow', 'dataset_alias_example_alias_producer_with_no_taskflow' retrieved from /home/vscode/.local/lib/python3.10/site-packages/airflow/example_dags/example_dataset_alias_with_no_taskflow.py
[2025-01-19T03:46:49.120+0000] {logging_mixin.py:190} INFO - [2025-01-19T03:46:49.120+0000] {dag.py:3239} INFO - Sync 4 DAGs
[2025-01-19T03:46:49.135+0000] {logging_mixin.py:190} INFO - [2025-01-19T03:46:49.135+0000] {dag.py:4180} INFO - Setting next_dagrun for dataset_alias_example_alias_consumer_with_no_taskflow to None, run_after=None
[2025-01-19T03:46:49.137+0000] {logging_mixin.py:190} INFO - [2025-01-19T03:46:49.136+0000] {dag.py:4180} INFO - Setting next_dagrun for dataset_alias_example_alias_producer_with_no_taskflow to None, run_after=None
[2025-01-19T03:46:49.137+0000] {logging_mixin.py:190} INFO - [2025-01-19T03:46:49.137+0000] {dag.py:4180} INFO - Setting next_dagrun for dataset_s3_bucket_consumer_with_no_taskflow to None, run_after=None
[2025-01-19T03:46:49.138+0000] {logging_mixin.py:190} INFO - [2025-01-19T03:46:49.138+0000] {dag.py:4180} INFO - Setting next_dagrun for dataset_s3_bucket_producer_with_no_taskflow to None, run_after=None
[2025-01-19T03:46:49.168+0000] {processor.py:208} INFO - Processing /home/vscode/.local/lib/python3.10/site-packages/airflow/example_dags/example_dataset_alias_with_no_taskflow.py took 0.087 seconds
[2025-01-19T03:47:42.243+0000] {processor.py:186} INFO - Started process (PID=16884) to work on /home/vscode/.local/lib/python3.10/site-packages/airflow/example_dags/example_dataset_alias_with_no_taskflow.py
[2025-01-19T03:47:42.243+0000] {processor.py:914} INFO - Processing file /home/vscode/.local/lib/python3.10/site-packages/airflow/example_dags/example_dataset_alias_with_no_taskflow.py for tasks to queue
[2025-01-19T03:47:42.245+0000] {logging_mixin.py:190} INFO - [2025-01-19T03:47:42.245+0000] {dagbag.py:588} INFO - Filling up the DagBag from /home/vscode/.local/lib/python3.10/site-packages/airflow/example_dags/example_dataset_alias_with_no_taskflow.py
[2025-01-19T03:47:42.262+0000] {processor.py:925} INFO - DAG(s) 'dataset_alias_example_alias_producer_with_no_taskflow', 'dataset_s3_bucket_producer_with_no_taskflow', 'dataset_s3_bucket_consumer_with_no_taskflow', 'dataset_alias_example_alias_consumer_with_no_taskflow' retrieved from /home/vscode/.local/lib/python3.10/site-packages/airflow/example_dags/example_dataset_alias_with_no_taskflow.py
[2025-01-19T03:47:42.276+0000] {logging_mixin.py:190} INFO - [2025-01-19T03:47:42.276+0000] {dag.py:3239} INFO - Sync 4 DAGs
[2025-01-19T03:47:42.292+0000] {logging_mixin.py:190} INFO - [2025-01-19T03:47:42.292+0000] {dag.py:4180} INFO - Setting next_dagrun for dataset_alias_example_alias_consumer_with_no_taskflow to None, run_after=None
[2025-01-19T03:47:42.294+0000] {logging_mixin.py:190} INFO - [2025-01-19T03:47:42.294+0000] {dag.py:4180} INFO - Setting next_dagrun for dataset_alias_example_alias_producer_with_no_taskflow to None, run_after=None
[2025-01-19T03:47:42.295+0000] {logging_mixin.py:190} INFO - [2025-01-19T03:47:42.295+0000] {dag.py:4180} INFO - Setting next_dagrun for dataset_s3_bucket_consumer_with_no_taskflow to None, run_after=None
[2025-01-19T03:47:42.296+0000] {logging_mixin.py:190} INFO - [2025-01-19T03:47:42.295+0000] {dag.py:4180} INFO - Setting next_dagrun for dataset_s3_bucket_producer_with_no_taskflow to None, run_after=None
[2025-01-19T03:47:42.312+0000] {processor.py:208} INFO - Processing /home/vscode/.local/lib/python3.10/site-packages/airflow/example_dags/example_dataset_alias_with_no_taskflow.py took 0.074 seconds
[2025-01-19T03:48:31.745+0000] {processor.py:186} INFO - Started process (PID=17221) to work on /home/vscode/.local/lib/python3.10/site-packages/airflow/example_dags/example_dataset_alias_with_no_taskflow.py
[2025-01-19T03:48:31.745+0000] {processor.py:914} INFO - Processing file /home/vscode/.local/lib/python3.10/site-packages/airflow/example_dags/example_dataset_alias_with_no_taskflow.py for tasks to queue
[2025-01-19T03:48:31.747+0000] {logging_mixin.py:190} INFO - [2025-01-19T03:48:31.747+0000] {dagbag.py:588} INFO - Filling up the DagBag from /home/vscode/.local/lib/python3.10/site-packages/airflow/example_dags/example_dataset_alias_with_no_taskflow.py
[2025-01-19T03:48:31.764+0000] {processor.py:925} INFO - DAG(s) 'dataset_alias_example_alias_consumer_with_no_taskflow', 'dataset_alias_example_alias_producer_with_no_taskflow', 'dataset_s3_bucket_consumer_with_no_taskflow', 'dataset_s3_bucket_producer_with_no_taskflow' retrieved from /home/vscode/.local/lib/python3.10/site-packages/airflow/example_dags/example_dataset_alias_with_no_taskflow.py
[2025-01-19T03:48:31.778+0000] {logging_mixin.py:190} INFO - [2025-01-19T03:48:31.778+0000] {dag.py:3239} INFO - Sync 4 DAGs
[2025-01-19T03:48:31.792+0000] {logging_mixin.py:190} INFO - [2025-01-19T03:48:31.792+0000] {dag.py:4180} INFO - Setting next_dagrun for dataset_alias_example_alias_consumer_with_no_taskflow to None, run_after=None
[2025-01-19T03:48:31.794+0000] {logging_mixin.py:190} INFO - [2025-01-19T03:48:31.794+0000] {dag.py:4180} INFO - Setting next_dagrun for dataset_alias_example_alias_producer_with_no_taskflow to None, run_after=None
[2025-01-19T03:48:31.795+0000] {logging_mixin.py:190} INFO - [2025-01-19T03:48:31.794+0000] {dag.py:4180} INFO - Setting next_dagrun for dataset_s3_bucket_consumer_with_no_taskflow to None, run_after=None
[2025-01-19T03:48:31.795+0000] {logging_mixin.py:190} INFO - [2025-01-19T03:48:31.795+0000] {dag.py:4180} INFO - Setting next_dagrun for dataset_s3_bucket_producer_with_no_taskflow to None, run_after=None
[2025-01-19T03:48:31.812+0000] {processor.py:208} INFO - Processing /home/vscode/.local/lib/python3.10/site-packages/airflow/example_dags/example_dataset_alias_with_no_taskflow.py took 0.072 seconds
[2025-01-19T03:49:22.029+0000] {processor.py:186} INFO - Started process (PID=17683) to work on /home/vscode/.local/lib/python3.10/site-packages/airflow/example_dags/example_dataset_alias_with_no_taskflow.py
[2025-01-19T03:49:22.030+0000] {processor.py:914} INFO - Processing file /home/vscode/.local/lib/python3.10/site-packages/airflow/example_dags/example_dataset_alias_with_no_taskflow.py for tasks to queue
[2025-01-19T03:49:22.032+0000] {logging_mixin.py:190} INFO - [2025-01-19T03:49:22.031+0000] {dagbag.py:588} INFO - Filling up the DagBag from /home/vscode/.local/lib/python3.10/site-packages/airflow/example_dags/example_dataset_alias_with_no_taskflow.py
[2025-01-19T03:49:22.048+0000] {processor.py:925} INFO - DAG(s) 'dataset_alias_example_alias_consumer_with_no_taskflow', 'dataset_alias_example_alias_producer_with_no_taskflow', 'dataset_s3_bucket_consumer_with_no_taskflow', 'dataset_s3_bucket_producer_with_no_taskflow' retrieved from /home/vscode/.local/lib/python3.10/site-packages/airflow/example_dags/example_dataset_alias_with_no_taskflow.py
[2025-01-19T03:49:22.063+0000] {logging_mixin.py:190} INFO - [2025-01-19T03:49:22.063+0000] {dag.py:3239} INFO - Sync 4 DAGs
[2025-01-19T03:49:22.078+0000] {logging_mixin.py:190} INFO - [2025-01-19T03:49:22.078+0000] {dag.py:4180} INFO - Setting next_dagrun for dataset_alias_example_alias_consumer_with_no_taskflow to None, run_after=None
[2025-01-19T03:49:22.079+0000] {logging_mixin.py:190} INFO - [2025-01-19T03:49:22.079+0000] {dag.py:4180} INFO - Setting next_dagrun for dataset_alias_example_alias_producer_with_no_taskflow to None, run_after=None
[2025-01-19T03:49:22.080+0000] {logging_mixin.py:190} INFO - [2025-01-19T03:49:22.080+0000] {dag.py:4180} INFO - Setting next_dagrun for dataset_s3_bucket_consumer_with_no_taskflow to None, run_after=None
[2025-01-19T03:49:22.081+0000] {logging_mixin.py:190} INFO - [2025-01-19T03:49:22.081+0000] {dag.py:4180} INFO - Setting next_dagrun for dataset_s3_bucket_producer_with_no_taskflow to None, run_after=None
[2025-01-19T03:49:22.098+0000] {processor.py:208} INFO - Processing /home/vscode/.local/lib/python3.10/site-packages/airflow/example_dags/example_dataset_alias_with_no_taskflow.py took 0.073 seconds
[2025-01-19T03:50:14.522+0000] {processor.py:186} INFO - Started process (PID=18077) to work on /home/vscode/.local/lib/python3.10/site-packages/airflow/example_dags/example_dataset_alias_with_no_taskflow.py
[2025-01-19T03:50:14.523+0000] {processor.py:914} INFO - Processing file /home/vscode/.local/lib/python3.10/site-packages/airflow/example_dags/example_dataset_alias_with_no_taskflow.py for tasks to queue
[2025-01-19T03:50:14.524+0000] {logging_mixin.py:190} INFO - [2025-01-19T03:50:14.524+0000] {dagbag.py:588} INFO - Filling up the DagBag from /home/vscode/.local/lib/python3.10/site-packages/airflow/example_dags/example_dataset_alias_with_no_taskflow.py
[2025-01-19T03:50:14.540+0000] {processor.py:925} INFO - DAG(s) 'dataset_s3_bucket_producer_with_no_taskflow', 'dataset_alias_example_alias_producer_with_no_taskflow', 'dataset_s3_bucket_consumer_with_no_taskflow', 'dataset_alias_example_alias_consumer_with_no_taskflow' retrieved from /home/vscode/.local/lib/python3.10/site-packages/airflow/example_dags/example_dataset_alias_with_no_taskflow.py
[2025-01-19T03:50:14.556+0000] {logging_mixin.py:190} INFO - [2025-01-19T03:50:14.555+0000] {dag.py:3239} INFO - Sync 4 DAGs
[2025-01-19T03:50:14.571+0000] {logging_mixin.py:190} INFO - [2025-01-19T03:50:14.571+0000] {dag.py:4180} INFO - Setting next_dagrun for dataset_alias_example_alias_consumer_with_no_taskflow to None, run_after=None
[2025-01-19T03:50:14.573+0000] {logging_mixin.py:190} INFO - [2025-01-19T03:50:14.572+0000] {dag.py:4180} INFO - Setting next_dagrun for dataset_alias_example_alias_producer_with_no_taskflow to None, run_after=None
[2025-01-19T03:50:14.573+0000] {logging_mixin.py:190} INFO - [2025-01-19T03:50:14.573+0000] {dag.py:4180} INFO - Setting next_dagrun for dataset_s3_bucket_consumer_with_no_taskflow to None, run_after=None
[2025-01-19T03:50:14.574+0000] {logging_mixin.py:190} INFO - [2025-01-19T03:50:14.574+0000] {dag.py:4180} INFO - Setting next_dagrun for dataset_s3_bucket_producer_with_no_taskflow to None, run_after=None
[2025-01-19T03:50:14.591+0000] {processor.py:208} INFO - Processing /home/vscode/.local/lib/python3.10/site-packages/airflow/example_dags/example_dataset_alias_with_no_taskflow.py took 0.073 seconds
[2025-01-19T03:51:04.786+0000] {processor.py:186} INFO - Started process (PID=18465) to work on /home/vscode/.local/lib/python3.10/site-packages/airflow/example_dags/example_dataset_alias_with_no_taskflow.py
[2025-01-19T03:51:04.787+0000] {processor.py:914} INFO - Processing file /home/vscode/.local/lib/python3.10/site-packages/airflow/example_dags/example_dataset_alias_with_no_taskflow.py for tasks to queue
[2025-01-19T03:51:04.788+0000] {logging_mixin.py:190} INFO - [2025-01-19T03:51:04.788+0000] {dagbag.py:588} INFO - Filling up the DagBag from /home/vscode/.local/lib/python3.10/site-packages/airflow/example_dags/example_dataset_alias_with_no_taskflow.py
[2025-01-19T03:51:04.806+0000] {processor.py:925} INFO - DAG(s) 'dataset_alias_example_alias_producer_with_no_taskflow', 'dataset_alias_example_alias_consumer_with_no_taskflow', 'dataset_s3_bucket_consumer_with_no_taskflow', 'dataset_s3_bucket_producer_with_no_taskflow' retrieved from /home/vscode/.local/lib/python3.10/site-packages/airflow/example_dags/example_dataset_alias_with_no_taskflow.py
[2025-01-19T03:51:04.820+0000] {logging_mixin.py:190} INFO - [2025-01-19T03:51:04.820+0000] {dag.py:3239} INFO - Sync 4 DAGs
[2025-01-19T03:51:04.836+0000] {logging_mixin.py:190} INFO - [2025-01-19T03:51:04.836+0000] {dag.py:4180} INFO - Setting next_dagrun for dataset_alias_example_alias_consumer_with_no_taskflow to None, run_after=None
[2025-01-19T03:51:04.838+0000] {logging_mixin.py:190} INFO - [2025-01-19T03:51:04.838+0000] {dag.py:4180} INFO - Setting next_dagrun for dataset_alias_example_alias_producer_with_no_taskflow to None, run_after=None
[2025-01-19T03:51:04.839+0000] {logging_mixin.py:190} INFO - [2025-01-19T03:51:04.839+0000] {dag.py:4180} INFO - Setting next_dagrun for dataset_s3_bucket_consumer_with_no_taskflow to None, run_after=None
[2025-01-19T03:51:04.840+0000] {logging_mixin.py:190} INFO - [2025-01-19T03:51:04.840+0000] {dag.py:4180} INFO - Setting next_dagrun for dataset_s3_bucket_producer_with_no_taskflow to None, run_after=None
[2025-01-19T03:51:04.857+0000] {processor.py:208} INFO - Processing /home/vscode/.local/lib/python3.10/site-packages/airflow/example_dags/example_dataset_alias_with_no_taskflow.py took 0.076 seconds
[2025-01-19T03:55:17.580+0000] {processor.py:186} INFO - Started process (PID=20259) to work on /home/vscode/.local/lib/python3.10/site-packages/airflow/example_dags/example_dataset_alias_with_no_taskflow.py
[2025-01-19T03:55:17.581+0000] {processor.py:914} INFO - Processing file /home/vscode/.local/lib/python3.10/site-packages/airflow/example_dags/example_dataset_alias_with_no_taskflow.py for tasks to queue
[2025-01-19T03:55:17.583+0000] {logging_mixin.py:190} INFO - [2025-01-19T03:55:17.583+0000] {dagbag.py:588} INFO - Filling up the DagBag from /home/vscode/.local/lib/python3.10/site-packages/airflow/example_dags/example_dataset_alias_with_no_taskflow.py
[2025-01-19T03:55:17.600+0000] {processor.py:925} INFO - DAG(s) 'dataset_alias_example_alias_consumer_with_no_taskflow', 'dataset_s3_bucket_consumer_with_no_taskflow', 'dataset_alias_example_alias_producer_with_no_taskflow', 'dataset_s3_bucket_producer_with_no_taskflow' retrieved from /home/vscode/.local/lib/python3.10/site-packages/airflow/example_dags/example_dataset_alias_with_no_taskflow.py
[2025-01-19T03:55:17.620+0000] {logging_mixin.py:190} INFO - [2025-01-19T03:55:17.620+0000] {dag.py:3239} INFO - Sync 4 DAGs
[2025-01-19T03:55:17.634+0000] {logging_mixin.py:190} INFO - [2025-01-19T03:55:17.634+0000] {dag.py:4180} INFO - Setting next_dagrun for dataset_alias_example_alias_consumer_with_no_taskflow to None, run_after=None
[2025-01-19T03:55:17.636+0000] {logging_mixin.py:190} INFO - [2025-01-19T03:55:17.636+0000] {dag.py:4180} INFO - Setting next_dagrun for dataset_alias_example_alias_producer_with_no_taskflow to None, run_after=None
[2025-01-19T03:55:17.637+0000] {logging_mixin.py:190} INFO - [2025-01-19T03:55:17.637+0000] {dag.py:4180} INFO - Setting next_dagrun for dataset_s3_bucket_consumer_with_no_taskflow to None, run_after=None
[2025-01-19T03:55:17.638+0000] {logging_mixin.py:190} INFO - [2025-01-19T03:55:17.638+0000] {dag.py:4180} INFO - Setting next_dagrun for dataset_s3_bucket_producer_with_no_taskflow to None, run_after=None
[2025-01-19T03:55:17.655+0000] {processor.py:208} INFO - Processing /home/vscode/.local/lib/python3.10/site-packages/airflow/example_dags/example_dataset_alias_with_no_taskflow.py took 0.079 seconds
[2025-01-19T03:56:13.889+0000] {processor.py:186} INFO - Started process (PID=20643) to work on /home/vscode/.local/lib/python3.10/site-packages/airflow/example_dags/example_dataset_alias_with_no_taskflow.py
[2025-01-19T03:56:13.890+0000] {processor.py:914} INFO - Processing file /home/vscode/.local/lib/python3.10/site-packages/airflow/example_dags/example_dataset_alias_with_no_taskflow.py for tasks to queue
[2025-01-19T03:56:13.891+0000] {logging_mixin.py:190} INFO - [2025-01-19T03:56:13.891+0000] {dagbag.py:588} INFO - Filling up the DagBag from /home/vscode/.local/lib/python3.10/site-packages/airflow/example_dags/example_dataset_alias_with_no_taskflow.py
[2025-01-19T03:56:13.908+0000] {processor.py:925} INFO - DAG(s) 'dataset_alias_example_alias_producer_with_no_taskflow', 'dataset_s3_bucket_producer_with_no_taskflow', 'dataset_alias_example_alias_consumer_with_no_taskflow', 'dataset_s3_bucket_consumer_with_no_taskflow' retrieved from /home/vscode/.local/lib/python3.10/site-packages/airflow/example_dags/example_dataset_alias_with_no_taskflow.py
[2025-01-19T03:56:13.923+0000] {logging_mixin.py:190} INFO - [2025-01-19T03:56:13.923+0000] {dag.py:3239} INFO - Sync 4 DAGs
[2025-01-19T03:56:13.938+0000] {logging_mixin.py:190} INFO - [2025-01-19T03:56:13.938+0000] {dag.py:4180} INFO - Setting next_dagrun for dataset_alias_example_alias_consumer_with_no_taskflow to None, run_after=None
[2025-01-19T03:56:13.940+0000] {logging_mixin.py:190} INFO - [2025-01-19T03:56:13.940+0000] {dag.py:4180} INFO - Setting next_dagrun for dataset_alias_example_alias_producer_with_no_taskflow to None, run_after=None
[2025-01-19T03:56:13.941+0000] {logging_mixin.py:190} INFO - [2025-01-19T03:56:13.941+0000] {dag.py:4180} INFO - Setting next_dagrun for dataset_s3_bucket_consumer_with_no_taskflow to None, run_after=None
[2025-01-19T03:56:13.942+0000] {logging_mixin.py:190} INFO - [2025-01-19T03:56:13.941+0000] {dag.py:4180} INFO - Setting next_dagrun for dataset_s3_bucket_producer_with_no_taskflow to None, run_after=None
[2025-01-19T03:56:13.959+0000] {processor.py:208} INFO - Processing /home/vscode/.local/lib/python3.10/site-packages/airflow/example_dags/example_dataset_alias_with_no_taskflow.py took 0.074 seconds
[2025-01-19T03:57:09.998+0000] {processor.py:186} INFO - Started process (PID=21021) to work on /home/vscode/.local/lib/python3.10/site-packages/airflow/example_dags/example_dataset_alias_with_no_taskflow.py
[2025-01-19T03:57:09.999+0000] {processor.py:914} INFO - Processing file /home/vscode/.local/lib/python3.10/site-packages/airflow/example_dags/example_dataset_alias_with_no_taskflow.py for tasks to queue
[2025-01-19T03:57:10.001+0000] {logging_mixin.py:190} INFO - [2025-01-19T03:57:10.000+0000] {dagbag.py:588} INFO - Filling up the DagBag from /home/vscode/.local/lib/python3.10/site-packages/airflow/example_dags/example_dataset_alias_with_no_taskflow.py
[2025-01-19T03:57:10.018+0000] {processor.py:925} INFO - DAG(s) 'dataset_s3_bucket_consumer_with_no_taskflow', 'dataset_s3_bucket_producer_with_no_taskflow', 'dataset_alias_example_alias_consumer_with_no_taskflow', 'dataset_alias_example_alias_producer_with_no_taskflow' retrieved from /home/vscode/.local/lib/python3.10/site-packages/airflow/example_dags/example_dataset_alias_with_no_taskflow.py
[2025-01-19T03:57:10.033+0000] {logging_mixin.py:190} INFO - [2025-01-19T03:57:10.033+0000] {dag.py:3239} INFO - Sync 4 DAGs
[2025-01-19T03:57:10.047+0000] {logging_mixin.py:190} INFO - [2025-01-19T03:57:10.047+0000] {dag.py:4180} INFO - Setting next_dagrun for dataset_alias_example_alias_consumer_with_no_taskflow to None, run_after=None
[2025-01-19T03:57:10.049+0000] {logging_mixin.py:190} INFO - [2025-01-19T03:57:10.049+0000] {dag.py:4180} INFO - Setting next_dagrun for dataset_alias_example_alias_producer_with_no_taskflow to None, run_after=None
[2025-01-19T03:57:10.050+0000] {logging_mixin.py:190} INFO - [2025-01-19T03:57:10.050+0000] {dag.py:4180} INFO - Setting next_dagrun for dataset_s3_bucket_consumer_with_no_taskflow to None, run_after=None
[2025-01-19T03:57:10.051+0000] {logging_mixin.py:190} INFO - [2025-01-19T03:57:10.051+0000] {dag.py:4180} INFO - Setting next_dagrun for dataset_s3_bucket_producer_with_no_taskflow to None, run_after=None
[2025-01-19T03:57:10.069+0000] {processor.py:208} INFO - Processing /home/vscode/.local/lib/python3.10/site-packages/airflow/example_dags/example_dataset_alias_with_no_taskflow.py took 0.075 seconds
[2025-01-19T03:58:01.851+0000] {processor.py:186} INFO - Started process (PID=21383) to work on /home/vscode/.local/lib/python3.10/site-packages/airflow/example_dags/example_dataset_alias_with_no_taskflow.py
[2025-01-19T03:58:01.852+0000] {processor.py:914} INFO - Processing file /home/vscode/.local/lib/python3.10/site-packages/airflow/example_dags/example_dataset_alias_with_no_taskflow.py for tasks to queue
[2025-01-19T03:58:01.854+0000] {logging_mixin.py:190} INFO - [2025-01-19T03:58:01.854+0000] {dagbag.py:588} INFO - Filling up the DagBag from /home/vscode/.local/lib/python3.10/site-packages/airflow/example_dags/example_dataset_alias_with_no_taskflow.py
[2025-01-19T03:58:01.871+0000] {processor.py:925} INFO - DAG(s) 'dataset_alias_example_alias_consumer_with_no_taskflow', 'dataset_s3_bucket_consumer_with_no_taskflow', 'dataset_s3_bucket_producer_with_no_taskflow', 'dataset_alias_example_alias_producer_with_no_taskflow' retrieved from /home/vscode/.local/lib/python3.10/site-packages/airflow/example_dags/example_dataset_alias_with_no_taskflow.py
[2025-01-19T03:58:01.886+0000] {logging_mixin.py:190} INFO - [2025-01-19T03:58:01.886+0000] {dag.py:3239} INFO - Sync 4 DAGs
[2025-01-19T03:58:01.901+0000] {logging_mixin.py:190} INFO - [2025-01-19T03:58:01.901+0000] {dag.py:4180} INFO - Setting next_dagrun for dataset_alias_example_alias_consumer_with_no_taskflow to None, run_after=None
[2025-01-19T03:58:01.902+0000] {logging_mixin.py:190} INFO - [2025-01-19T03:58:01.902+0000] {dag.py:4180} INFO - Setting next_dagrun for dataset_alias_example_alias_producer_with_no_taskflow to None, run_after=None
[2025-01-19T03:58:01.903+0000] {logging_mixin.py:190} INFO - [2025-01-19T03:58:01.903+0000] {dag.py:4180} INFO - Setting next_dagrun for dataset_s3_bucket_consumer_with_no_taskflow to None, run_after=None
[2025-01-19T03:58:01.904+0000] {logging_mixin.py:190} INFO - [2025-01-19T03:58:01.904+0000] {dag.py:4180} INFO - Setting next_dagrun for dataset_s3_bucket_producer_with_no_taskflow to None, run_after=None
[2025-01-19T03:58:01.922+0000] {processor.py:208} INFO - Processing /home/vscode/.local/lib/python3.10/site-packages/airflow/example_dags/example_dataset_alias_with_no_taskflow.py took 0.075 seconds
[2025-01-19T03:58:52.542+0000] {processor.py:186} INFO - Started process (PID=21720) to work on /home/vscode/.local/lib/python3.10/site-packages/airflow/example_dags/example_dataset_alias_with_no_taskflow.py
[2025-01-19T03:58:52.543+0000] {processor.py:914} INFO - Processing file /home/vscode/.local/lib/python3.10/site-packages/airflow/example_dags/example_dataset_alias_with_no_taskflow.py for tasks to queue
[2025-01-19T03:58:52.545+0000] {logging_mixin.py:190} INFO - [2025-01-19T03:58:52.544+0000] {dagbag.py:588} INFO - Filling up the DagBag from /home/vscode/.local/lib/python3.10/site-packages/airflow/example_dags/example_dataset_alias_with_no_taskflow.py
[2025-01-19T03:58:52.561+0000] {processor.py:925} INFO - DAG(s) 'dataset_alias_example_alias_producer_with_no_taskflow', 'dataset_s3_bucket_consumer_with_no_taskflow', 'dataset_alias_example_alias_consumer_with_no_taskflow', 'dataset_s3_bucket_producer_with_no_taskflow' retrieved from /home/vscode/.local/lib/python3.10/site-packages/airflow/example_dags/example_dataset_alias_with_no_taskflow.py
[2025-01-19T03:58:52.576+0000] {logging_mixin.py:190} INFO - [2025-01-19T03:58:52.575+0000] {dag.py:3239} INFO - Sync 4 DAGs
[2025-01-19T03:58:52.591+0000] {logging_mixin.py:190} INFO - [2025-01-19T03:58:52.591+0000] {dag.py:4180} INFO - Setting next_dagrun for dataset_alias_example_alias_consumer_with_no_taskflow to None, run_after=None
[2025-01-19T03:58:52.592+0000] {logging_mixin.py:190} INFO - [2025-01-19T03:58:52.592+0000] {dag.py:4180} INFO - Setting next_dagrun for dataset_alias_example_alias_producer_with_no_taskflow to None, run_after=None
[2025-01-19T03:58:52.593+0000] {logging_mixin.py:190} INFO - [2025-01-19T03:58:52.593+0000] {dag.py:4180} INFO - Setting next_dagrun for dataset_s3_bucket_consumer_with_no_taskflow to None, run_after=None
[2025-01-19T03:58:52.594+0000] {logging_mixin.py:190} INFO - [2025-01-19T03:58:52.594+0000] {dag.py:4180} INFO - Setting next_dagrun for dataset_s3_bucket_producer_with_no_taskflow to None, run_after=None
[2025-01-19T03:58:52.611+0000] {processor.py:208} INFO - Processing /home/vscode/.local/lib/python3.10/site-packages/airflow/example_dags/example_dataset_alias_with_no_taskflow.py took 0.074 seconds
[2025-01-19T03:59:44.365+0000] {processor.py:186} INFO - Started process (PID=22078) to work on /home/vscode/.local/lib/python3.10/site-packages/airflow/example_dags/example_dataset_alias_with_no_taskflow.py
[2025-01-19T03:59:44.366+0000] {processor.py:914} INFO - Processing file /home/vscode/.local/lib/python3.10/site-packages/airflow/example_dags/example_dataset_alias_with_no_taskflow.py for tasks to queue
[2025-01-19T03:59:44.368+0000] {logging_mixin.py:190} INFO - [2025-01-19T03:59:44.368+0000] {dagbag.py:588} INFO - Filling up the DagBag from /home/vscode/.local/lib/python3.10/site-packages/airflow/example_dags/example_dataset_alias_with_no_taskflow.py
[2025-01-19T03:59:44.387+0000] {processor.py:925} INFO - DAG(s) 'dataset_s3_bucket_producer_with_no_taskflow', 'dataset_s3_bucket_consumer_with_no_taskflow', 'dataset_alias_example_alias_consumer_with_no_taskflow', 'dataset_alias_example_alias_producer_with_no_taskflow' retrieved from /home/vscode/.local/lib/python3.10/site-packages/airflow/example_dags/example_dataset_alias_with_no_taskflow.py
[2025-01-19T03:59:44.415+0000] {logging_mixin.py:190} INFO - [2025-01-19T03:59:44.414+0000] {dag.py:3239} INFO - Sync 4 DAGs
[2025-01-19T03:59:44.436+0000] {logging_mixin.py:190} INFO - [2025-01-19T03:59:44.436+0000] {dag.py:4180} INFO - Setting next_dagrun for dataset_alias_example_alias_consumer_with_no_taskflow to None, run_after=None
[2025-01-19T03:59:44.439+0000] {logging_mixin.py:190} INFO - [2025-01-19T03:59:44.439+0000] {dag.py:4180} INFO - Setting next_dagrun for dataset_alias_example_alias_producer_with_no_taskflow to None, run_after=None
[2025-01-19T03:59:44.440+0000] {logging_mixin.py:190} INFO - [2025-01-19T03:59:44.440+0000] {dag.py:4180} INFO - Setting next_dagrun for dataset_s3_bucket_consumer_with_no_taskflow to None, run_after=None
[2025-01-19T03:59:44.441+0000] {logging_mixin.py:190} INFO - [2025-01-19T03:59:44.441+0000] {dag.py:4180} INFO - Setting next_dagrun for dataset_s3_bucket_producer_with_no_taskflow to None, run_after=None
[2025-01-19T03:59:44.481+0000] {processor.py:208} INFO - Processing /home/vscode/.local/lib/python3.10/site-packages/airflow/example_dags/example_dataset_alias_with_no_taskflow.py took 0.120 seconds
[2025-01-19T04:00:36.623+0000] {processor.py:186} INFO - Started process (PID=22429) to work on /home/vscode/.local/lib/python3.10/site-packages/airflow/example_dags/example_dataset_alias_with_no_taskflow.py
[2025-01-19T04:00:36.624+0000] {processor.py:914} INFO - Processing file /home/vscode/.local/lib/python3.10/site-packages/airflow/example_dags/example_dataset_alias_with_no_taskflow.py for tasks to queue
[2025-01-19T04:00:36.625+0000] {logging_mixin.py:190} INFO - [2025-01-19T04:00:36.625+0000] {dagbag.py:588} INFO - Filling up the DagBag from /home/vscode/.local/lib/python3.10/site-packages/airflow/example_dags/example_dataset_alias_with_no_taskflow.py
[2025-01-19T04:00:36.643+0000] {processor.py:925} INFO - DAG(s) 'dataset_alias_example_alias_producer_with_no_taskflow', 'dataset_alias_example_alias_consumer_with_no_taskflow', 'dataset_s3_bucket_producer_with_no_taskflow', 'dataset_s3_bucket_consumer_with_no_taskflow' retrieved from /home/vscode/.local/lib/python3.10/site-packages/airflow/example_dags/example_dataset_alias_with_no_taskflow.py
[2025-01-19T04:00:36.657+0000] {logging_mixin.py:190} INFO - [2025-01-19T04:00:36.657+0000] {dag.py:3239} INFO - Sync 4 DAGs
[2025-01-19T04:00:36.672+0000] {logging_mixin.py:190} INFO - [2025-01-19T04:00:36.672+0000] {dag.py:4180} INFO - Setting next_dagrun for dataset_alias_example_alias_consumer_with_no_taskflow to None, run_after=None
[2025-01-19T04:00:36.674+0000] {logging_mixin.py:190} INFO - [2025-01-19T04:00:36.674+0000] {dag.py:4180} INFO - Setting next_dagrun for dataset_alias_example_alias_producer_with_no_taskflow to None, run_after=None
[2025-01-19T04:00:36.675+0000] {logging_mixin.py:190} INFO - [2025-01-19T04:00:36.674+0000] {dag.py:4180} INFO - Setting next_dagrun for dataset_s3_bucket_consumer_with_no_taskflow to None, run_after=None
[2025-01-19T04:00:36.675+0000] {logging_mixin.py:190} INFO - [2025-01-19T04:00:36.675+0000] {dag.py:4180} INFO - Setting next_dagrun for dataset_s3_bucket_producer_with_no_taskflow to None, run_after=None
[2025-01-19T04:00:36.692+0000] {processor.py:208} INFO - Processing /home/vscode/.local/lib/python3.10/site-packages/airflow/example_dags/example_dataset_alias_with_no_taskflow.py took 0.073 seconds
[2025-01-19T04:01:27.377+0000] {processor.py:186} INFO - Started process (PID=22770) to work on /home/vscode/.local/lib/python3.10/site-packages/airflow/example_dags/example_dataset_alias_with_no_taskflow.py
[2025-01-19T04:01:27.378+0000] {processor.py:914} INFO - Processing file /home/vscode/.local/lib/python3.10/site-packages/airflow/example_dags/example_dataset_alias_with_no_taskflow.py for tasks to queue
[2025-01-19T04:01:27.380+0000] {logging_mixin.py:190} INFO - [2025-01-19T04:01:27.379+0000] {dagbag.py:588} INFO - Filling up the DagBag from /home/vscode/.local/lib/python3.10/site-packages/airflow/example_dags/example_dataset_alias_with_no_taskflow.py
[2025-01-19T04:01:27.396+0000] {processor.py:925} INFO - DAG(s) 'dataset_s3_bucket_producer_with_no_taskflow', 'dataset_alias_example_alias_producer_with_no_taskflow', 'dataset_alias_example_alias_consumer_with_no_taskflow', 'dataset_s3_bucket_consumer_with_no_taskflow' retrieved from /home/vscode/.local/lib/python3.10/site-packages/airflow/example_dags/example_dataset_alias_with_no_taskflow.py
[2025-01-19T04:01:27.411+0000] {logging_mixin.py:190} INFO - [2025-01-19T04:01:27.411+0000] {dag.py:3239} INFO - Sync 4 DAGs
[2025-01-19T04:01:27.426+0000] {logging_mixin.py:190} INFO - [2025-01-19T04:01:27.426+0000] {dag.py:4180} INFO - Setting next_dagrun for dataset_alias_example_alias_consumer_with_no_taskflow to None, run_after=None
[2025-01-19T04:01:27.428+0000] {logging_mixin.py:190} INFO - [2025-01-19T04:01:27.428+0000] {dag.py:4180} INFO - Setting next_dagrun for dataset_alias_example_alias_producer_with_no_taskflow to None, run_after=None
[2025-01-19T04:01:27.429+0000] {logging_mixin.py:190} INFO - [2025-01-19T04:01:27.428+0000] {dag.py:4180} INFO - Setting next_dagrun for dataset_s3_bucket_consumer_with_no_taskflow to None, run_after=None
[2025-01-19T04:01:27.429+0000] {logging_mixin.py:190} INFO - [2025-01-19T04:01:27.429+0000] {dag.py:4180} INFO - Setting next_dagrun for dataset_s3_bucket_producer_with_no_taskflow to None, run_after=None
[2025-01-19T04:01:27.447+0000] {processor.py:208} INFO - Processing /home/vscode/.local/lib/python3.10/site-packages/airflow/example_dags/example_dataset_alias_with_no_taskflow.py took 0.074 seconds
[2025-01-19T04:02:19.583+0000] {processor.py:186} INFO - Started process (PID=23124) to work on /home/vscode/.local/lib/python3.10/site-packages/airflow/example_dags/example_dataset_alias_with_no_taskflow.py
[2025-01-19T04:02:19.583+0000] {processor.py:914} INFO - Processing file /home/vscode/.local/lib/python3.10/site-packages/airflow/example_dags/example_dataset_alias_with_no_taskflow.py for tasks to queue
[2025-01-19T04:02:19.585+0000] {logging_mixin.py:190} INFO - [2025-01-19T04:02:19.585+0000] {dagbag.py:588} INFO - Filling up the DagBag from /home/vscode/.local/lib/python3.10/site-packages/airflow/example_dags/example_dataset_alias_with_no_taskflow.py
[2025-01-19T04:02:19.602+0000] {processor.py:925} INFO - DAG(s) 'dataset_alias_example_alias_consumer_with_no_taskflow', 'dataset_alias_example_alias_producer_with_no_taskflow', 'dataset_s3_bucket_consumer_with_no_taskflow', 'dataset_s3_bucket_producer_with_no_taskflow' retrieved from /home/vscode/.local/lib/python3.10/site-packages/airflow/example_dags/example_dataset_alias_with_no_taskflow.py
[2025-01-19T04:02:19.618+0000] {logging_mixin.py:190} INFO - [2025-01-19T04:02:19.617+0000] {dag.py:3239} INFO - Sync 4 DAGs
[2025-01-19T04:02:19.637+0000] {logging_mixin.py:190} INFO - [2025-01-19T04:02:19.636+0000] {dag.py:4180} INFO - Setting next_dagrun for dataset_alias_example_alias_consumer_with_no_taskflow to None, run_after=None
[2025-01-19T04:02:19.639+0000] {logging_mixin.py:190} INFO - [2025-01-19T04:02:19.639+0000] {dag.py:4180} INFO - Setting next_dagrun for dataset_alias_example_alias_producer_with_no_taskflow to None, run_after=None
[2025-01-19T04:02:19.640+0000] {logging_mixin.py:190} INFO - [2025-01-19T04:02:19.640+0000] {dag.py:4180} INFO - Setting next_dagrun for dataset_s3_bucket_consumer_with_no_taskflow to None, run_after=None
[2025-01-19T04:02:19.641+0000] {logging_mixin.py:190} INFO - [2025-01-19T04:02:19.641+0000] {dag.py:4180} INFO - Setting next_dagrun for dataset_s3_bucket_producer_with_no_taskflow to None, run_after=None
[2025-01-19T04:02:19.667+0000] {processor.py:208} INFO - Processing /home/vscode/.local/lib/python3.10/site-packages/airflow/example_dags/example_dataset_alias_with_no_taskflow.py took 0.089 seconds
