[2025-01-19T03:20:43.774+0000] {processor.py:186} INFO - Started process (PID=4981) to work on /home/vscode/.local/lib/python3.10/site-packages/airflow/example_dags/example_subdag_operator.py
[2025-01-19T03:20:43.775+0000] {processor.py:914} INFO - Processing file /home/vscode/.local/lib/python3.10/site-packages/airflow/example_dags/example_subdag_operator.py for tasks to queue
[2025-01-19T03:20:43.777+0000] {logging_mixin.py:190} INFO - [2025-01-19T03:20:43.776+0000] {dagbag.py:588} INFO - Filling up the DagBag from /home/vscode/.local/lib/python3.10/site-packages/airflow/example_dags/example_subdag_operator.py
[2025-01-19T03:20:43.795+0000] {processor.py:925} INFO - DAG(s) 'example_subdag_operator.section-1', 'example_subdag_operator.section-2', 'example_subdag_operator' retrieved from /home/vscode/.local/lib/python3.10/site-packages/airflow/example_dags/example_subdag_operator.py
[2025-01-19T03:20:43.883+0000] {logging_mixin.py:190} INFO - [2025-01-19T03:20:43.882+0000] {override.py:1911} INFO - Created Permission View: can read on DAG:example_subdag_operator
[2025-01-19T03:20:43.891+0000] {logging_mixin.py:190} INFO - [2025-01-19T03:20:43.891+0000] {override.py:1911} INFO - Created Permission View: can edit on DAG:example_subdag_operator
[2025-01-19T03:20:43.897+0000] {logging_mixin.py:190} INFO - [2025-01-19T03:20:43.897+0000] {override.py:1911} INFO - Created Permission View: can delete on DAG:example_subdag_operator
[2025-01-19T03:20:43.906+0000] {logging_mixin.py:190} INFO - [2025-01-19T03:20:43.906+0000] {override.py:1911} INFO - Created Permission View: menu access on DAG Run:example_subdag_operator
[2025-01-19T03:20:43.912+0000] {logging_mixin.py:190} INFO - [2025-01-19T03:20:43.912+0000] {override.py:1911} INFO - Created Permission View: can read on DAG Run:example_subdag_operator
[2025-01-19T03:20:43.918+0000] {logging_mixin.py:190} INFO - [2025-01-19T03:20:43.918+0000] {override.py:1911} INFO - Created Permission View: can create on DAG Run:example_subdag_operator
[2025-01-19T03:20:43.924+0000] {logging_mixin.py:190} INFO - [2025-01-19T03:20:43.924+0000] {override.py:1911} INFO - Created Permission View: can delete on DAG Run:example_subdag_operator
[2025-01-19T03:20:43.925+0000] {logging_mixin.py:190} INFO - [2025-01-19T03:20:43.925+0000] {dag.py:3239} INFO - Sync 3 DAGs
[2025-01-19T03:20:43.934+0000] {logging_mixin.py:190} INFO - [2025-01-19T03:20:43.934+0000] {dag.py:3262} INFO - Creating ORM DAG for example_subdag_operator
[2025-01-19T03:20:43.934+0000] {logging_mixin.py:190} INFO - [2025-01-19T03:20:43.934+0000] {dag.py:3262} INFO - Creating ORM DAG for example_subdag_operator.section-2
[2025-01-19T03:20:43.935+0000] {logging_mixin.py:190} INFO - [2025-01-19T03:20:43.935+0000] {dag.py:3262} INFO - Creating ORM DAG for example_subdag_operator.section-1
[2025-01-19T03:20:43.941+0000] {logging_mixin.py:190} INFO - [2025-01-19T03:20:43.940+0000] {dag.py:4180} INFO - Setting next_dagrun for example_subdag_operator to 2022-01-01 00:00:00+00:00, run_after=2022-01-01 00:00:00+00:00
[2025-01-19T03:20:43.941+0000] {logging_mixin.py:190} INFO - [2025-01-19T03:20:43.941+0000] {dag.py:4180} INFO - Setting next_dagrun for example_subdag_operator.section-1 to None, run_after=None
[2025-01-19T03:20:43.941+0000] {logging_mixin.py:190} INFO - [2025-01-19T03:20:43.941+0000] {dag.py:4180} INFO - Setting next_dagrun for example_subdag_operator.section-2 to None, run_after=None
[2025-01-19T03:20:43.947+0000] {logging_mixin.py:190} INFO - [2025-01-19T03:20:43.947+0000] {dag.py:3239} INFO - Sync 2 DAGs
[2025-01-19T03:20:43.951+0000] {logging_mixin.py:190} INFO - [2025-01-19T03:20:43.950+0000] {dag.py:4180} INFO - Setting next_dagrun for example_subdag_operator.section-1 to None, run_after=None
[2025-01-19T03:20:43.953+0000] {logging_mixin.py:190} INFO - [2025-01-19T03:20:43.952+0000] {dag.py:4180} INFO - Setting next_dagrun for example_subdag_operator.section-2 to None, run_after=None
[2025-01-19T03:20:43.967+0000] {processor.py:208} INFO - Processing /home/vscode/.local/lib/python3.10/site-packages/airflow/example_dags/example_subdag_operator.py took 0.197 seconds
[2025-01-19T03:21:45.734+0000] {processor.py:186} INFO - Started process (PID=5532) to work on /home/vscode/.local/lib/python3.10/site-packages/airflow/example_dags/example_subdag_operator.py
[2025-01-19T03:21:45.735+0000] {processor.py:914} INFO - Processing file /home/vscode/.local/lib/python3.10/site-packages/airflow/example_dags/example_subdag_operator.py for tasks to queue
[2025-01-19T03:21:45.737+0000] {logging_mixin.py:190} INFO - [2025-01-19T03:21:45.737+0000] {dagbag.py:588} INFO - Filling up the DagBag from /home/vscode/.local/lib/python3.10/site-packages/airflow/example_dags/example_subdag_operator.py
[2025-01-19T03:21:45.764+0000] {processor.py:925} INFO - DAG(s) 'example_subdag_operator.section-1', 'example_subdag_operator.section-2', 'example_subdag_operator' retrieved from /home/vscode/.local/lib/python3.10/site-packages/airflow/example_dags/example_subdag_operator.py
[2025-01-19T03:21:45.776+0000] {logging_mixin.py:190} INFO - [2025-01-19T03:21:45.776+0000] {dag.py:3239} INFO - Sync 3 DAGs
[2025-01-19T03:21:45.795+0000] {logging_mixin.py:190} INFO - [2025-01-19T03:21:45.795+0000] {dag.py:4180} INFO - Setting next_dagrun for example_subdag_operator to 2022-01-01 00:00:00+00:00, run_after=2022-01-01 00:00:00+00:00
[2025-01-19T03:21:45.798+0000] {logging_mixin.py:190} INFO - [2025-01-19T03:21:45.798+0000] {dag.py:4180} INFO - Setting next_dagrun for example_subdag_operator.section-1 to None, run_after=None
[2025-01-19T03:21:45.799+0000] {logging_mixin.py:190} INFO - [2025-01-19T03:21:45.799+0000] {dag.py:4180} INFO - Setting next_dagrun for example_subdag_operator.section-2 to None, run_after=None
[2025-01-19T03:21:45.805+0000] {logging_mixin.py:190} INFO - [2025-01-19T03:21:45.805+0000] {dag.py:3239} INFO - Sync 2 DAGs
[2025-01-19T03:21:45.810+0000] {logging_mixin.py:190} INFO - [2025-01-19T03:21:45.810+0000] {dag.py:4180} INFO - Setting next_dagrun for example_subdag_operator.section-1 to None, run_after=None
[2025-01-19T03:21:45.811+0000] {logging_mixin.py:190} INFO - [2025-01-19T03:21:45.810+0000] {dag.py:4180} INFO - Setting next_dagrun for example_subdag_operator.section-2 to None, run_after=None
[2025-01-19T03:21:45.823+0000] {processor.py:208} INFO - Processing /home/vscode/.local/lib/python3.10/site-packages/airflow/example_dags/example_subdag_operator.py took 0.096 seconds
[2025-01-19T03:22:38.018+0000] {processor.py:186} INFO - Started process (PID=5931) to work on /home/vscode/.local/lib/python3.10/site-packages/airflow/example_dags/example_subdag_operator.py
[2025-01-19T03:22:38.019+0000] {processor.py:914} INFO - Processing file /home/vscode/.local/lib/python3.10/site-packages/airflow/example_dags/example_subdag_operator.py for tasks to queue
[2025-01-19T03:22:38.021+0000] {logging_mixin.py:190} INFO - [2025-01-19T03:22:38.020+0000] {dagbag.py:588} INFO - Filling up the DagBag from /home/vscode/.local/lib/python3.10/site-packages/airflow/example_dags/example_subdag_operator.py
[2025-01-19T03:22:38.038+0000] {processor.py:925} INFO - DAG(s) 'example_subdag_operator.section-1', 'example_subdag_operator.section-2', 'example_subdag_operator' retrieved from /home/vscode/.local/lib/python3.10/site-packages/airflow/example_dags/example_subdag_operator.py
[2025-01-19T03:22:38.050+0000] {logging_mixin.py:190} INFO - [2025-01-19T03:22:38.050+0000] {dag.py:3239} INFO - Sync 3 DAGs
[2025-01-19T03:22:38.065+0000] {logging_mixin.py:190} INFO - [2025-01-19T03:22:38.064+0000] {dag.py:4180} INFO - Setting next_dagrun for example_subdag_operator to 2022-01-01 00:00:00+00:00, run_after=2022-01-01 00:00:00+00:00
[2025-01-19T03:22:38.067+0000] {logging_mixin.py:190} INFO - [2025-01-19T03:22:38.067+0000] {dag.py:4180} INFO - Setting next_dagrun for example_subdag_operator.section-1 to None, run_after=None
[2025-01-19T03:22:38.068+0000] {logging_mixin.py:190} INFO - [2025-01-19T03:22:38.068+0000] {dag.py:4180} INFO - Setting next_dagrun for example_subdag_operator.section-2 to None, run_after=None
[2025-01-19T03:22:38.072+0000] {logging_mixin.py:190} INFO - [2025-01-19T03:22:38.072+0000] {dag.py:3239} INFO - Sync 2 DAGs
[2025-01-19T03:22:38.075+0000] {logging_mixin.py:190} INFO - [2025-01-19T03:22:38.075+0000] {dag.py:4180} INFO - Setting next_dagrun for example_subdag_operator.section-1 to None, run_after=None
[2025-01-19T03:22:38.075+0000] {logging_mixin.py:190} INFO - [2025-01-19T03:22:38.075+0000] {dag.py:4180} INFO - Setting next_dagrun for example_subdag_operator.section-2 to None, run_after=None
[2025-01-19T03:22:38.085+0000] {processor.py:208} INFO - Processing /home/vscode/.local/lib/python3.10/site-packages/airflow/example_dags/example_subdag_operator.py took 0.071 seconds
[2025-01-19T03:23:25.971+0000] {processor.py:186} INFO - Started process (PID=6329) to work on /home/vscode/.local/lib/python3.10/site-packages/airflow/example_dags/example_subdag_operator.py
[2025-01-19T03:23:25.972+0000] {processor.py:914} INFO - Processing file /home/vscode/.local/lib/python3.10/site-packages/airflow/example_dags/example_subdag_operator.py for tasks to queue
[2025-01-19T03:23:25.973+0000] {logging_mixin.py:190} INFO - [2025-01-19T03:23:25.973+0000] {dagbag.py:588} INFO - Filling up the DagBag from /home/vscode/.local/lib/python3.10/site-packages/airflow/example_dags/example_subdag_operator.py
[2025-01-19T03:23:25.994+0000] {processor.py:925} INFO - DAG(s) 'example_subdag_operator.section-1', 'example_subdag_operator.section-2', 'example_subdag_operator' retrieved from /home/vscode/.local/lib/python3.10/site-packages/airflow/example_dags/example_subdag_operator.py
[2025-01-19T03:23:26.007+0000] {logging_mixin.py:190} INFO - [2025-01-19T03:23:26.007+0000] {dag.py:3239} INFO - Sync 3 DAGs
[2025-01-19T03:23:26.023+0000] {logging_mixin.py:190} INFO - [2025-01-19T03:23:26.022+0000] {dag.py:4180} INFO - Setting next_dagrun for example_subdag_operator to 2022-01-01 00:00:00+00:00, run_after=2022-01-01 00:00:00+00:00
[2025-01-19T03:23:26.025+0000] {logging_mixin.py:190} INFO - [2025-01-19T03:23:26.025+0000] {dag.py:4180} INFO - Setting next_dagrun for example_subdag_operator.section-1 to None, run_after=None
[2025-01-19T03:23:26.026+0000] {logging_mixin.py:190} INFO - [2025-01-19T03:23:26.026+0000] {dag.py:4180} INFO - Setting next_dagrun for example_subdag_operator.section-2 to None, run_after=None
[2025-01-19T03:23:26.030+0000] {logging_mixin.py:190} INFO - [2025-01-19T03:23:26.030+0000] {dag.py:3239} INFO - Sync 2 DAGs
[2025-01-19T03:23:26.033+0000] {logging_mixin.py:190} INFO - [2025-01-19T03:23:26.033+0000] {dag.py:4180} INFO - Setting next_dagrun for example_subdag_operator.section-1 to None, run_after=None
[2025-01-19T03:23:26.033+0000] {logging_mixin.py:190} INFO - [2025-01-19T03:23:26.033+0000] {dag.py:4180} INFO - Setting next_dagrun for example_subdag_operator.section-2 to None, run_after=None
[2025-01-19T03:23:26.043+0000] {processor.py:208} INFO - Processing /home/vscode/.local/lib/python3.10/site-packages/airflow/example_dags/example_subdag_operator.py took 0.076 seconds
[2025-01-19T03:24:18.894+0000] {processor.py:186} INFO - Started process (PID=6747) to work on /home/vscode/.local/lib/python3.10/site-packages/airflow/example_dags/example_subdag_operator.py
[2025-01-19T03:24:18.895+0000] {processor.py:914} INFO - Processing file /home/vscode/.local/lib/python3.10/site-packages/airflow/example_dags/example_subdag_operator.py for tasks to queue
[2025-01-19T03:24:18.897+0000] {logging_mixin.py:190} INFO - [2025-01-19T03:24:18.896+0000] {dagbag.py:588} INFO - Filling up the DagBag from /home/vscode/.local/lib/python3.10/site-packages/airflow/example_dags/example_subdag_operator.py
[2025-01-19T03:24:18.914+0000] {processor.py:925} INFO - DAG(s) 'example_subdag_operator.section-1', 'example_subdag_operator.section-2', 'example_subdag_operator' retrieved from /home/vscode/.local/lib/python3.10/site-packages/airflow/example_dags/example_subdag_operator.py
[2025-01-19T03:24:18.925+0000] {logging_mixin.py:190} INFO - [2025-01-19T03:24:18.925+0000] {dag.py:3239} INFO - Sync 3 DAGs
[2025-01-19T03:24:18.940+0000] {logging_mixin.py:190} INFO - [2025-01-19T03:24:18.940+0000] {dag.py:4180} INFO - Setting next_dagrun for example_subdag_operator to 2022-01-01 00:00:00+00:00, run_after=2022-01-01 00:00:00+00:00
[2025-01-19T03:24:18.942+0000] {logging_mixin.py:190} INFO - [2025-01-19T03:24:18.942+0000] {dag.py:4180} INFO - Setting next_dagrun for example_subdag_operator.section-1 to None, run_after=None
[2025-01-19T03:24:18.943+0000] {logging_mixin.py:190} INFO - [2025-01-19T03:24:18.943+0000] {dag.py:4180} INFO - Setting next_dagrun for example_subdag_operator.section-2 to None, run_after=None
[2025-01-19T03:24:18.947+0000] {logging_mixin.py:190} INFO - [2025-01-19T03:24:18.947+0000] {dag.py:3239} INFO - Sync 2 DAGs
[2025-01-19T03:24:18.950+0000] {logging_mixin.py:190} INFO - [2025-01-19T03:24:18.950+0000] {dag.py:4180} INFO - Setting next_dagrun for example_subdag_operator.section-1 to None, run_after=None
[2025-01-19T03:24:18.950+0000] {logging_mixin.py:190} INFO - [2025-01-19T03:24:18.950+0000] {dag.py:4180} INFO - Setting next_dagrun for example_subdag_operator.section-2 to None, run_after=None
[2025-01-19T03:24:18.961+0000] {processor.py:208} INFO - Processing /home/vscode/.local/lib/python3.10/site-packages/airflow/example_dags/example_subdag_operator.py took 0.072 seconds
[2025-01-19T03:25:10.718+0000] {processor.py:186} INFO - Started process (PID=7148) to work on /home/vscode/.local/lib/python3.10/site-packages/airflow/example_dags/example_subdag_operator.py
[2025-01-19T03:25:10.719+0000] {processor.py:914} INFO - Processing file /home/vscode/.local/lib/python3.10/site-packages/airflow/example_dags/example_subdag_operator.py for tasks to queue
[2025-01-19T03:25:10.721+0000] {logging_mixin.py:190} INFO - [2025-01-19T03:25:10.720+0000] {dagbag.py:588} INFO - Filling up the DagBag from /home/vscode/.local/lib/python3.10/site-packages/airflow/example_dags/example_subdag_operator.py
[2025-01-19T03:25:10.737+0000] {processor.py:925} INFO - DAG(s) 'example_subdag_operator.section-1', 'example_subdag_operator.section-2', 'example_subdag_operator' retrieved from /home/vscode/.local/lib/python3.10/site-packages/airflow/example_dags/example_subdag_operator.py
[2025-01-19T03:25:10.748+0000] {logging_mixin.py:190} INFO - [2025-01-19T03:25:10.748+0000] {dag.py:3239} INFO - Sync 3 DAGs
[2025-01-19T03:25:10.763+0000] {logging_mixin.py:190} INFO - [2025-01-19T03:25:10.763+0000] {dag.py:4180} INFO - Setting next_dagrun for example_subdag_operator to 2022-01-01 00:00:00+00:00, run_after=2022-01-01 00:00:00+00:00
[2025-01-19T03:25:10.765+0000] {logging_mixin.py:190} INFO - [2025-01-19T03:25:10.765+0000] {dag.py:4180} INFO - Setting next_dagrun for example_subdag_operator.section-1 to None, run_after=None
[2025-01-19T03:25:10.766+0000] {logging_mixin.py:190} INFO - [2025-01-19T03:25:10.766+0000] {dag.py:4180} INFO - Setting next_dagrun for example_subdag_operator.section-2 to None, run_after=None
[2025-01-19T03:25:10.770+0000] {logging_mixin.py:190} INFO - [2025-01-19T03:25:10.770+0000] {dag.py:3239} INFO - Sync 2 DAGs
[2025-01-19T03:25:10.773+0000] {logging_mixin.py:190} INFO - [2025-01-19T03:25:10.773+0000] {dag.py:4180} INFO - Setting next_dagrun for example_subdag_operator.section-1 to None, run_after=None
[2025-01-19T03:25:10.774+0000] {logging_mixin.py:190} INFO - [2025-01-19T03:25:10.773+0000] {dag.py:4180} INFO - Setting next_dagrun for example_subdag_operator.section-2 to None, run_after=None
[2025-01-19T03:25:10.784+0000] {processor.py:208} INFO - Processing /home/vscode/.local/lib/python3.10/site-packages/airflow/example_dags/example_subdag_operator.py took 0.070 seconds
[2025-01-19T03:26:00.871+0000] {processor.py:186} INFO - Started process (PID=7553) to work on /home/vscode/.local/lib/python3.10/site-packages/airflow/example_dags/example_subdag_operator.py
[2025-01-19T03:26:00.872+0000] {processor.py:914} INFO - Processing file /home/vscode/.local/lib/python3.10/site-packages/airflow/example_dags/example_subdag_operator.py for tasks to queue
[2025-01-19T03:26:00.874+0000] {logging_mixin.py:190} INFO - [2025-01-19T03:26:00.873+0000] {dagbag.py:588} INFO - Filling up the DagBag from /home/vscode/.local/lib/python3.10/site-packages/airflow/example_dags/example_subdag_operator.py
[2025-01-19T03:26:00.890+0000] {processor.py:925} INFO - DAG(s) 'example_subdag_operator.section-1', 'example_subdag_operator.section-2', 'example_subdag_operator' retrieved from /home/vscode/.local/lib/python3.10/site-packages/airflow/example_dags/example_subdag_operator.py
[2025-01-19T03:26:00.901+0000] {logging_mixin.py:190} INFO - [2025-01-19T03:26:00.901+0000] {dag.py:3239} INFO - Sync 3 DAGs
[2025-01-19T03:26:00.916+0000] {logging_mixin.py:190} INFO - [2025-01-19T03:26:00.916+0000] {dag.py:4180} INFO - Setting next_dagrun for example_subdag_operator to 2022-01-01 00:00:00+00:00, run_after=2022-01-01 00:00:00+00:00
[2025-01-19T03:26:00.918+0000] {logging_mixin.py:190} INFO - [2025-01-19T03:26:00.918+0000] {dag.py:4180} INFO - Setting next_dagrun for example_subdag_operator.section-1 to None, run_after=None
[2025-01-19T03:26:00.919+0000] {logging_mixin.py:190} INFO - [2025-01-19T03:26:00.919+0000] {dag.py:4180} INFO - Setting next_dagrun for example_subdag_operator.section-2 to None, run_after=None
[2025-01-19T03:26:00.923+0000] {logging_mixin.py:190} INFO - [2025-01-19T03:26:00.923+0000] {dag.py:3239} INFO - Sync 2 DAGs
[2025-01-19T03:26:00.927+0000] {logging_mixin.py:190} INFO - [2025-01-19T03:26:00.926+0000] {dag.py:4180} INFO - Setting next_dagrun for example_subdag_operator.section-1 to None, run_after=None
[2025-01-19T03:26:00.927+0000] {logging_mixin.py:190} INFO - [2025-01-19T03:26:00.927+0000] {dag.py:4180} INFO - Setting next_dagrun for example_subdag_operator.section-2 to None, run_after=None
[2025-01-19T03:26:00.936+0000] {processor.py:208} INFO - Processing /home/vscode/.local/lib/python3.10/site-packages/airflow/example_dags/example_subdag_operator.py took 0.070 seconds
[2025-01-19T03:26:53.515+0000] {processor.py:186} INFO - Started process (PID=7969) to work on /home/vscode/.local/lib/python3.10/site-packages/airflow/example_dags/example_subdag_operator.py
[2025-01-19T03:26:53.516+0000] {processor.py:914} INFO - Processing file /home/vscode/.local/lib/python3.10/site-packages/airflow/example_dags/example_subdag_operator.py for tasks to queue
[2025-01-19T03:26:53.518+0000] {logging_mixin.py:190} INFO - [2025-01-19T03:26:53.518+0000] {dagbag.py:588} INFO - Filling up the DagBag from /home/vscode/.local/lib/python3.10/site-packages/airflow/example_dags/example_subdag_operator.py
[2025-01-19T03:26:53.535+0000] {processor.py:925} INFO - DAG(s) 'example_subdag_operator.section-1', 'example_subdag_operator.section-2', 'example_subdag_operator' retrieved from /home/vscode/.local/lib/python3.10/site-packages/airflow/example_dags/example_subdag_operator.py
[2025-01-19T03:26:53.547+0000] {logging_mixin.py:190} INFO - [2025-01-19T03:26:53.547+0000] {dag.py:3239} INFO - Sync 3 DAGs
[2025-01-19T03:26:53.564+0000] {logging_mixin.py:190} INFO - [2025-01-19T03:26:53.564+0000] {dag.py:4180} INFO - Setting next_dagrun for example_subdag_operator to 2022-01-01 00:00:00+00:00, run_after=2022-01-01 00:00:00+00:00
[2025-01-19T03:26:53.566+0000] {logging_mixin.py:190} INFO - [2025-01-19T03:26:53.566+0000] {dag.py:4180} INFO - Setting next_dagrun for example_subdag_operator.section-1 to None, run_after=None
[2025-01-19T03:26:53.567+0000] {logging_mixin.py:190} INFO - [2025-01-19T03:26:53.567+0000] {dag.py:4180} INFO - Setting next_dagrun for example_subdag_operator.section-2 to None, run_after=None
[2025-01-19T03:26:53.571+0000] {logging_mixin.py:190} INFO - [2025-01-19T03:26:53.571+0000] {dag.py:3239} INFO - Sync 2 DAGs
[2025-01-19T03:26:53.574+0000] {logging_mixin.py:190} INFO - [2025-01-19T03:26:53.574+0000] {dag.py:4180} INFO - Setting next_dagrun for example_subdag_operator.section-1 to None, run_after=None
[2025-01-19T03:26:53.575+0000] {logging_mixin.py:190} INFO - [2025-01-19T03:26:53.574+0000] {dag.py:4180} INFO - Setting next_dagrun for example_subdag_operator.section-2 to None, run_after=None
[2025-01-19T03:26:53.584+0000] {processor.py:208} INFO - Processing /home/vscode/.local/lib/python3.10/site-packages/airflow/example_dags/example_subdag_operator.py took 0.074 seconds
[2025-01-19T03:27:46.661+0000] {processor.py:186} INFO - Started process (PID=8356) to work on /home/vscode/.local/lib/python3.10/site-packages/airflow/example_dags/example_subdag_operator.py
[2025-01-19T03:27:46.662+0000] {processor.py:914} INFO - Processing file /home/vscode/.local/lib/python3.10/site-packages/airflow/example_dags/example_subdag_operator.py for tasks to queue
[2025-01-19T03:27:46.664+0000] {logging_mixin.py:190} INFO - [2025-01-19T03:27:46.663+0000] {dagbag.py:588} INFO - Filling up the DagBag from /home/vscode/.local/lib/python3.10/site-packages/airflow/example_dags/example_subdag_operator.py
[2025-01-19T03:27:46.680+0000] {processor.py:925} INFO - DAG(s) 'example_subdag_operator.section-1', 'example_subdag_operator.section-2', 'example_subdag_operator' retrieved from /home/vscode/.local/lib/python3.10/site-packages/airflow/example_dags/example_subdag_operator.py
[2025-01-19T03:27:46.692+0000] {logging_mixin.py:190} INFO - [2025-01-19T03:27:46.691+0000] {dag.py:3239} INFO - Sync 3 DAGs
[2025-01-19T03:27:46.706+0000] {logging_mixin.py:190} INFO - [2025-01-19T03:27:46.706+0000] {dag.py:4180} INFO - Setting next_dagrun for example_subdag_operator to 2022-01-01 00:00:00+00:00, run_after=2022-01-01 00:00:00+00:00
[2025-01-19T03:27:46.708+0000] {logging_mixin.py:190} INFO - [2025-01-19T03:27:46.708+0000] {dag.py:4180} INFO - Setting next_dagrun for example_subdag_operator.section-1 to None, run_after=None
[2025-01-19T03:27:46.709+0000] {logging_mixin.py:190} INFO - [2025-01-19T03:27:46.709+0000] {dag.py:4180} INFO - Setting next_dagrun for example_subdag_operator.section-2 to None, run_after=None
[2025-01-19T03:27:46.713+0000] {logging_mixin.py:190} INFO - [2025-01-19T03:27:46.713+0000] {dag.py:3239} INFO - Sync 2 DAGs
[2025-01-19T03:27:46.716+0000] {logging_mixin.py:190} INFO - [2025-01-19T03:27:46.716+0000] {dag.py:4180} INFO - Setting next_dagrun for example_subdag_operator.section-1 to None, run_after=None
[2025-01-19T03:27:46.717+0000] {logging_mixin.py:190} INFO - [2025-01-19T03:27:46.717+0000] {dag.py:4180} INFO - Setting next_dagrun for example_subdag_operator.section-2 to None, run_after=None
[2025-01-19T03:27:46.726+0000] {processor.py:208} INFO - Processing /home/vscode/.local/lib/python3.10/site-packages/airflow/example_dags/example_subdag_operator.py took 0.070 seconds
[2025-01-19T03:28:40.660+0000] {processor.py:186} INFO - Started process (PID=8851) to work on /home/vscode/.local/lib/python3.10/site-packages/airflow/example_dags/example_subdag_operator.py
[2025-01-19T03:28:40.661+0000] {processor.py:914} INFO - Processing file /home/vscode/.local/lib/python3.10/site-packages/airflow/example_dags/example_subdag_operator.py for tasks to queue
[2025-01-19T03:28:40.662+0000] {logging_mixin.py:190} INFO - [2025-01-19T03:28:40.662+0000] {dagbag.py:588} INFO - Filling up the DagBag from /home/vscode/.local/lib/python3.10/site-packages/airflow/example_dags/example_subdag_operator.py
[2025-01-19T03:28:40.679+0000] {processor.py:925} INFO - DAG(s) 'example_subdag_operator.section-1', 'example_subdag_operator.section-2', 'example_subdag_operator' retrieved from /home/vscode/.local/lib/python3.10/site-packages/airflow/example_dags/example_subdag_operator.py
[2025-01-19T03:28:40.690+0000] {logging_mixin.py:190} INFO - [2025-01-19T03:28:40.690+0000] {dag.py:3239} INFO - Sync 3 DAGs
[2025-01-19T03:28:40.705+0000] {logging_mixin.py:190} INFO - [2025-01-19T03:28:40.705+0000] {dag.py:4180} INFO - Setting next_dagrun for example_subdag_operator to 2022-01-01 00:00:00+00:00, run_after=2022-01-01 00:00:00+00:00
[2025-01-19T03:28:40.708+0000] {logging_mixin.py:190} INFO - [2025-01-19T03:28:40.708+0000] {dag.py:4180} INFO - Setting next_dagrun for example_subdag_operator.section-1 to None, run_after=None
[2025-01-19T03:28:40.709+0000] {logging_mixin.py:190} INFO - [2025-01-19T03:28:40.708+0000] {dag.py:4180} INFO - Setting next_dagrun for example_subdag_operator.section-2 to None, run_after=None
[2025-01-19T03:28:40.713+0000] {logging_mixin.py:190} INFO - [2025-01-19T03:28:40.713+0000] {dag.py:3239} INFO - Sync 2 DAGs
[2025-01-19T03:28:40.716+0000] {logging_mixin.py:190} INFO - [2025-01-19T03:28:40.715+0000] {dag.py:4180} INFO - Setting next_dagrun for example_subdag_operator.section-1 to None, run_after=None
[2025-01-19T03:28:40.716+0000] {logging_mixin.py:190} INFO - [2025-01-19T03:28:40.716+0000] {dag.py:4180} INFO - Setting next_dagrun for example_subdag_operator.section-2 to None, run_after=None
[2025-01-19T03:28:40.726+0000] {processor.py:208} INFO - Processing /home/vscode/.local/lib/python3.10/site-packages/airflow/example_dags/example_subdag_operator.py took 0.070 seconds
[2025-01-19T03:29:32.482+0000] {processor.py:186} INFO - Started process (PID=9234) to work on /home/vscode/.local/lib/python3.10/site-packages/airflow/example_dags/example_subdag_operator.py
[2025-01-19T03:29:32.483+0000] {processor.py:914} INFO - Processing file /home/vscode/.local/lib/python3.10/site-packages/airflow/example_dags/example_subdag_operator.py for tasks to queue
[2025-01-19T03:29:32.485+0000] {logging_mixin.py:190} INFO - [2025-01-19T03:29:32.484+0000] {dagbag.py:588} INFO - Filling up the DagBag from /home/vscode/.local/lib/python3.10/site-packages/airflow/example_dags/example_subdag_operator.py
[2025-01-19T03:29:32.501+0000] {processor.py:925} INFO - DAG(s) 'example_subdag_operator.section-1', 'example_subdag_operator.section-2', 'example_subdag_operator' retrieved from /home/vscode/.local/lib/python3.10/site-packages/airflow/example_dags/example_subdag_operator.py
[2025-01-19T03:29:32.512+0000] {logging_mixin.py:190} INFO - [2025-01-19T03:29:32.512+0000] {dag.py:3239} INFO - Sync 3 DAGs
[2025-01-19T03:29:32.527+0000] {logging_mixin.py:190} INFO - [2025-01-19T03:29:32.526+0000] {dag.py:4180} INFO - Setting next_dagrun for example_subdag_operator to 2022-01-01 00:00:00+00:00, run_after=2022-01-01 00:00:00+00:00
[2025-01-19T03:29:32.529+0000] {logging_mixin.py:190} INFO - [2025-01-19T03:29:32.529+0000] {dag.py:4180} INFO - Setting next_dagrun for example_subdag_operator.section-1 to None, run_after=None
[2025-01-19T03:29:32.530+0000] {logging_mixin.py:190} INFO - [2025-01-19T03:29:32.530+0000] {dag.py:4180} INFO - Setting next_dagrun for example_subdag_operator.section-2 to None, run_after=None
[2025-01-19T03:29:32.535+0000] {logging_mixin.py:190} INFO - [2025-01-19T03:29:32.535+0000] {dag.py:3239} INFO - Sync 2 DAGs
[2025-01-19T03:29:32.537+0000] {logging_mixin.py:190} INFO - [2025-01-19T03:29:32.537+0000] {dag.py:4180} INFO - Setting next_dagrun for example_subdag_operator.section-1 to None, run_after=None
[2025-01-19T03:29:32.538+0000] {logging_mixin.py:190} INFO - [2025-01-19T03:29:32.538+0000] {dag.py:4180} INFO - Setting next_dagrun for example_subdag_operator.section-2 to None, run_after=None
[2025-01-19T03:29:32.547+0000] {processor.py:208} INFO - Processing /home/vscode/.local/lib/python3.10/site-packages/airflow/example_dags/example_subdag_operator.py took 0.069 seconds
[2025-01-19T03:30:23.228+0000] {processor.py:186} INFO - Started process (PID=9582) to work on /home/vscode/.local/lib/python3.10/site-packages/airflow/example_dags/example_subdag_operator.py
[2025-01-19T03:30:23.229+0000] {processor.py:914} INFO - Processing file /home/vscode/.local/lib/python3.10/site-packages/airflow/example_dags/example_subdag_operator.py for tasks to queue
[2025-01-19T03:30:23.231+0000] {logging_mixin.py:190} INFO - [2025-01-19T03:30:23.230+0000] {dagbag.py:588} INFO - Filling up the DagBag from /home/vscode/.local/lib/python3.10/site-packages/airflow/example_dags/example_subdag_operator.py
[2025-01-19T03:30:23.247+0000] {processor.py:925} INFO - DAG(s) 'example_subdag_operator.section-1', 'example_subdag_operator.section-2', 'example_subdag_operator' retrieved from /home/vscode/.local/lib/python3.10/site-packages/airflow/example_dags/example_subdag_operator.py
[2025-01-19T03:30:23.258+0000] {logging_mixin.py:190} INFO - [2025-01-19T03:30:23.258+0000] {dag.py:3239} INFO - Sync 3 DAGs
[2025-01-19T03:30:23.272+0000] {logging_mixin.py:190} INFO - [2025-01-19T03:30:23.272+0000] {dag.py:4180} INFO - Setting next_dagrun for example_subdag_operator to 2022-01-01 00:00:00+00:00, run_after=2022-01-01 00:00:00+00:00
[2025-01-19T03:30:23.275+0000] {logging_mixin.py:190} INFO - [2025-01-19T03:30:23.275+0000] {dag.py:4180} INFO - Setting next_dagrun for example_subdag_operator.section-1 to None, run_after=None
[2025-01-19T03:30:23.276+0000] {logging_mixin.py:190} INFO - [2025-01-19T03:30:23.275+0000] {dag.py:4180} INFO - Setting next_dagrun for example_subdag_operator.section-2 to None, run_after=None
[2025-01-19T03:30:23.280+0000] {logging_mixin.py:190} INFO - [2025-01-19T03:30:23.280+0000] {dag.py:3239} INFO - Sync 2 DAGs
[2025-01-19T03:30:23.283+0000] {logging_mixin.py:190} INFO - [2025-01-19T03:30:23.283+0000] {dag.py:4180} INFO - Setting next_dagrun for example_subdag_operator.section-1 to None, run_after=None
[2025-01-19T03:30:23.283+0000] {logging_mixin.py:190} INFO - [2025-01-19T03:30:23.283+0000] {dag.py:4180} INFO - Setting next_dagrun for example_subdag_operator.section-2 to None, run_after=None
[2025-01-19T03:30:23.293+0000] {processor.py:208} INFO - Processing /home/vscode/.local/lib/python3.10/site-packages/airflow/example_dags/example_subdag_operator.py took 0.069 seconds
[2025-01-19T03:31:09.489+0000] {processor.py:186} INFO - Started process (PID=9890) to work on /home/vscode/.local/lib/python3.10/site-packages/airflow/example_dags/example_subdag_operator.py
[2025-01-19T03:31:09.489+0000] {processor.py:914} INFO - Processing file /home/vscode/.local/lib/python3.10/site-packages/airflow/example_dags/example_subdag_operator.py for tasks to queue
[2025-01-19T03:31:09.491+0000] {logging_mixin.py:190} INFO - [2025-01-19T03:31:09.491+0000] {dagbag.py:588} INFO - Filling up the DagBag from /home/vscode/.local/lib/python3.10/site-packages/airflow/example_dags/example_subdag_operator.py
[2025-01-19T03:31:09.508+0000] {processor.py:925} INFO - DAG(s) 'example_subdag_operator.section-1', 'example_subdag_operator.section-2', 'example_subdag_operator' retrieved from /home/vscode/.local/lib/python3.10/site-packages/airflow/example_dags/example_subdag_operator.py
[2025-01-19T03:31:09.520+0000] {logging_mixin.py:190} INFO - [2025-01-19T03:31:09.519+0000] {dag.py:3239} INFO - Sync 3 DAGs
[2025-01-19T03:31:09.536+0000] {logging_mixin.py:190} INFO - [2025-01-19T03:31:09.536+0000] {dag.py:4180} INFO - Setting next_dagrun for example_subdag_operator to 2022-01-01 00:00:00+00:00, run_after=2022-01-01 00:00:00+00:00
[2025-01-19T03:31:09.539+0000] {logging_mixin.py:190} INFO - [2025-01-19T03:31:09.539+0000] {dag.py:4180} INFO - Setting next_dagrun for example_subdag_operator.section-1 to None, run_after=None
[2025-01-19T03:31:09.540+0000] {logging_mixin.py:190} INFO - [2025-01-19T03:31:09.540+0000] {dag.py:4180} INFO - Setting next_dagrun for example_subdag_operator.section-2 to None, run_after=None
[2025-01-19T03:31:09.546+0000] {logging_mixin.py:190} INFO - [2025-01-19T03:31:09.546+0000] {dag.py:3239} INFO - Sync 2 DAGs
[2025-01-19T03:31:09.550+0000] {logging_mixin.py:190} INFO - [2025-01-19T03:31:09.550+0000] {dag.py:4180} INFO - Setting next_dagrun for example_subdag_operator.section-1 to None, run_after=None
[2025-01-19T03:31:09.552+0000] {logging_mixin.py:190} INFO - [2025-01-19T03:31:09.552+0000] {dag.py:4180} INFO - Setting next_dagrun for example_subdag_operator.section-2 to None, run_after=None
[2025-01-19T03:31:09.566+0000] {processor.py:208} INFO - Processing /home/vscode/.local/lib/python3.10/site-packages/airflow/example_dags/example_subdag_operator.py took 0.082 seconds
[2025-01-19T03:31:58.611+0000] {processor.py:186} INFO - Started process (PID=10233) to work on /home/vscode/.local/lib/python3.10/site-packages/airflow/example_dags/example_subdag_operator.py
[2025-01-19T03:31:58.611+0000] {processor.py:914} INFO - Processing file /home/vscode/.local/lib/python3.10/site-packages/airflow/example_dags/example_subdag_operator.py for tasks to queue
[2025-01-19T03:31:58.613+0000] {logging_mixin.py:190} INFO - [2025-01-19T03:31:58.613+0000] {dagbag.py:588} INFO - Filling up the DagBag from /home/vscode/.local/lib/python3.10/site-packages/airflow/example_dags/example_subdag_operator.py
[2025-01-19T03:31:58.631+0000] {processor.py:925} INFO - DAG(s) 'example_subdag_operator.section-1', 'example_subdag_operator.section-2', 'example_subdag_operator' retrieved from /home/vscode/.local/lib/python3.10/site-packages/airflow/example_dags/example_subdag_operator.py
[2025-01-19T03:31:58.642+0000] {logging_mixin.py:190} INFO - [2025-01-19T03:31:58.641+0000] {dag.py:3239} INFO - Sync 3 DAGs
[2025-01-19T03:31:58.656+0000] {logging_mixin.py:190} INFO - [2025-01-19T03:31:58.656+0000] {dag.py:4180} INFO - Setting next_dagrun for example_subdag_operator to 2022-01-01 00:00:00+00:00, run_after=2022-01-01 00:00:00+00:00
[2025-01-19T03:31:58.658+0000] {logging_mixin.py:190} INFO - [2025-01-19T03:31:58.658+0000] {dag.py:4180} INFO - Setting next_dagrun for example_subdag_operator.section-1 to None, run_after=None
[2025-01-19T03:31:58.659+0000] {logging_mixin.py:190} INFO - [2025-01-19T03:31:58.659+0000] {dag.py:4180} INFO - Setting next_dagrun for example_subdag_operator.section-2 to None, run_after=None
[2025-01-19T03:31:58.663+0000] {logging_mixin.py:190} INFO - [2025-01-19T03:31:58.663+0000] {dag.py:3239} INFO - Sync 2 DAGs
[2025-01-19T03:31:58.666+0000] {logging_mixin.py:190} INFO - [2025-01-19T03:31:58.666+0000] {dag.py:4180} INFO - Setting next_dagrun for example_subdag_operator.section-1 to None, run_after=None
[2025-01-19T03:31:58.667+0000] {logging_mixin.py:190} INFO - [2025-01-19T03:31:58.667+0000] {dag.py:4180} INFO - Setting next_dagrun for example_subdag_operator.section-2 to None, run_after=None
[2025-01-19T03:31:58.676+0000] {processor.py:208} INFO - Processing /home/vscode/.local/lib/python3.10/site-packages/airflow/example_dags/example_subdag_operator.py took 0.070 seconds
[2025-01-19T03:32:49.436+0000] {processor.py:186} INFO - Started process (PID=10707) to work on /home/vscode/.local/lib/python3.10/site-packages/airflow/example_dags/example_subdag_operator.py
[2025-01-19T03:32:49.437+0000] {processor.py:914} INFO - Processing file /home/vscode/.local/lib/python3.10/site-packages/airflow/example_dags/example_subdag_operator.py for tasks to queue
[2025-01-19T03:32:49.439+0000] {logging_mixin.py:190} INFO - [2025-01-19T03:32:49.439+0000] {dagbag.py:588} INFO - Filling up the DagBag from /home/vscode/.local/lib/python3.10/site-packages/airflow/example_dags/example_subdag_operator.py
[2025-01-19T03:32:49.455+0000] {processor.py:925} INFO - DAG(s) 'example_subdag_operator.section-1', 'example_subdag_operator.section-2', 'example_subdag_operator' retrieved from /home/vscode/.local/lib/python3.10/site-packages/airflow/example_dags/example_subdag_operator.py
[2025-01-19T03:32:49.466+0000] {logging_mixin.py:190} INFO - [2025-01-19T03:32:49.466+0000] {dag.py:3239} INFO - Sync 3 DAGs
[2025-01-19T03:32:49.481+0000] {logging_mixin.py:190} INFO - [2025-01-19T03:32:49.481+0000] {dag.py:4180} INFO - Setting next_dagrun for example_subdag_operator to 2022-01-01 00:00:00+00:00, run_after=2022-01-01 00:00:00+00:00
[2025-01-19T03:32:49.483+0000] {logging_mixin.py:190} INFO - [2025-01-19T03:32:49.483+0000] {dag.py:4180} INFO - Setting next_dagrun for example_subdag_operator.section-1 to None, run_after=None
[2025-01-19T03:32:49.484+0000] {logging_mixin.py:190} INFO - [2025-01-19T03:32:49.484+0000] {dag.py:4180} INFO - Setting next_dagrun for example_subdag_operator.section-2 to None, run_after=None
[2025-01-19T03:32:49.488+0000] {logging_mixin.py:190} INFO - [2025-01-19T03:32:49.488+0000] {dag.py:3239} INFO - Sync 2 DAGs
[2025-01-19T03:32:49.491+0000] {logging_mixin.py:190} INFO - [2025-01-19T03:32:49.491+0000] {dag.py:4180} INFO - Setting next_dagrun for example_subdag_operator.section-1 to None, run_after=None
[2025-01-19T03:32:49.492+0000] {logging_mixin.py:190} INFO - [2025-01-19T03:32:49.492+0000] {dag.py:4180} INFO - Setting next_dagrun for example_subdag_operator.section-2 to None, run_after=None
[2025-01-19T03:32:49.501+0000] {processor.py:208} INFO - Processing /home/vscode/.local/lib/python3.10/site-packages/airflow/example_dags/example_subdag_operator.py took 0.069 seconds
[2025-01-19T03:33:41.127+0000] {processor.py:186} INFO - Started process (PID=11065) to work on /home/vscode/.local/lib/python3.10/site-packages/airflow/example_dags/example_subdag_operator.py
[2025-01-19T03:33:41.128+0000] {processor.py:914} INFO - Processing file /home/vscode/.local/lib/python3.10/site-packages/airflow/example_dags/example_subdag_operator.py for tasks to queue
[2025-01-19T03:33:41.130+0000] {logging_mixin.py:190} INFO - [2025-01-19T03:33:41.129+0000] {dagbag.py:588} INFO - Filling up the DagBag from /home/vscode/.local/lib/python3.10/site-packages/airflow/example_dags/example_subdag_operator.py
[2025-01-19T03:33:41.148+0000] {processor.py:925} INFO - DAG(s) 'example_subdag_operator.section-1', 'example_subdag_operator.section-2', 'example_subdag_operator' retrieved from /home/vscode/.local/lib/python3.10/site-packages/airflow/example_dags/example_subdag_operator.py
[2025-01-19T03:33:41.159+0000] {logging_mixin.py:190} INFO - [2025-01-19T03:33:41.159+0000] {dag.py:3239} INFO - Sync 3 DAGs
[2025-01-19T03:33:41.174+0000] {logging_mixin.py:190} INFO - [2025-01-19T03:33:41.174+0000] {dag.py:4180} INFO - Setting next_dagrun for example_subdag_operator to 2022-01-01 00:00:00+00:00, run_after=2022-01-01 00:00:00+00:00
[2025-01-19T03:33:41.176+0000] {logging_mixin.py:190} INFO - [2025-01-19T03:33:41.176+0000] {dag.py:4180} INFO - Setting next_dagrun for example_subdag_operator.section-1 to None, run_after=None
[2025-01-19T03:33:41.177+0000] {logging_mixin.py:190} INFO - [2025-01-19T03:33:41.177+0000] {dag.py:4180} INFO - Setting next_dagrun for example_subdag_operator.section-2 to None, run_after=None
[2025-01-19T03:33:41.181+0000] {logging_mixin.py:190} INFO - [2025-01-19T03:33:41.181+0000] {dag.py:3239} INFO - Sync 2 DAGs
[2025-01-19T03:33:41.184+0000] {logging_mixin.py:190} INFO - [2025-01-19T03:33:41.184+0000] {dag.py:4180} INFO - Setting next_dagrun for example_subdag_operator.section-1 to None, run_after=None
[2025-01-19T03:33:41.185+0000] {logging_mixin.py:190} INFO - [2025-01-19T03:33:41.185+0000] {dag.py:4180} INFO - Setting next_dagrun for example_subdag_operator.section-2 to None, run_after=None
[2025-01-19T03:33:41.195+0000] {processor.py:208} INFO - Processing /home/vscode/.local/lib/python3.10/site-packages/airflow/example_dags/example_subdag_operator.py took 0.072 seconds
[2025-01-19T03:34:31.097+0000] {processor.py:186} INFO - Started process (PID=11421) to work on /home/vscode/.local/lib/python3.10/site-packages/airflow/example_dags/example_subdag_operator.py
[2025-01-19T03:34:31.097+0000] {processor.py:914} INFO - Processing file /home/vscode/.local/lib/python3.10/site-packages/airflow/example_dags/example_subdag_operator.py for tasks to queue
[2025-01-19T03:34:31.099+0000] {logging_mixin.py:190} INFO - [2025-01-19T03:34:31.099+0000] {dagbag.py:588} INFO - Filling up the DagBag from /home/vscode/.local/lib/python3.10/site-packages/airflow/example_dags/example_subdag_operator.py
[2025-01-19T03:34:31.118+0000] {processor.py:925} INFO - DAG(s) 'example_subdag_operator.section-1', 'example_subdag_operator.section-2', 'example_subdag_operator' retrieved from /home/vscode/.local/lib/python3.10/site-packages/airflow/example_dags/example_subdag_operator.py
[2025-01-19T03:34:31.129+0000] {logging_mixin.py:190} INFO - [2025-01-19T03:34:31.129+0000] {dag.py:3239} INFO - Sync 3 DAGs
[2025-01-19T03:34:31.144+0000] {logging_mixin.py:190} INFO - [2025-01-19T03:34:31.144+0000] {dag.py:4180} INFO - Setting next_dagrun for example_subdag_operator to 2022-01-01 00:00:00+00:00, run_after=2022-01-01 00:00:00+00:00
[2025-01-19T03:34:31.147+0000] {logging_mixin.py:190} INFO - [2025-01-19T03:34:31.147+0000] {dag.py:4180} INFO - Setting next_dagrun for example_subdag_operator.section-1 to None, run_after=None
[2025-01-19T03:34:31.148+0000] {logging_mixin.py:190} INFO - [2025-01-19T03:34:31.148+0000] {dag.py:4180} INFO - Setting next_dagrun for example_subdag_operator.section-2 to None, run_after=None
[2025-01-19T03:34:31.152+0000] {logging_mixin.py:190} INFO - [2025-01-19T03:34:31.152+0000] {dag.py:3239} INFO - Sync 2 DAGs
[2025-01-19T03:34:31.155+0000] {logging_mixin.py:190} INFO - [2025-01-19T03:34:31.155+0000] {dag.py:4180} INFO - Setting next_dagrun for example_subdag_operator.section-1 to None, run_after=None
[2025-01-19T03:34:31.155+0000] {logging_mixin.py:190} INFO - [2025-01-19T03:34:31.155+0000] {dag.py:4180} INFO - Setting next_dagrun for example_subdag_operator.section-2 to None, run_after=None
[2025-01-19T03:34:31.165+0000] {processor.py:208} INFO - Processing /home/vscode/.local/lib/python3.10/site-packages/airflow/example_dags/example_subdag_operator.py took 0.073 seconds
[2025-01-19T03:35:20.273+0000] {processor.py:186} INFO - Started process (PID=11822) to work on /home/vscode/.local/lib/python3.10/site-packages/airflow/example_dags/example_subdag_operator.py
[2025-01-19T03:35:20.274+0000] {processor.py:914} INFO - Processing file /home/vscode/.local/lib/python3.10/site-packages/airflow/example_dags/example_subdag_operator.py for tasks to queue
[2025-01-19T03:35:20.276+0000] {logging_mixin.py:190} INFO - [2025-01-19T03:35:20.275+0000] {dagbag.py:588} INFO - Filling up the DagBag from /home/vscode/.local/lib/python3.10/site-packages/airflow/example_dags/example_subdag_operator.py
[2025-01-19T03:35:20.292+0000] {processor.py:925} INFO - DAG(s) 'example_subdag_operator.section-1', 'example_subdag_operator.section-2', 'example_subdag_operator' retrieved from /home/vscode/.local/lib/python3.10/site-packages/airflow/example_dags/example_subdag_operator.py
[2025-01-19T03:35:20.304+0000] {logging_mixin.py:190} INFO - [2025-01-19T03:35:20.304+0000] {dag.py:3239} INFO - Sync 3 DAGs
[2025-01-19T03:35:20.318+0000] {logging_mixin.py:190} INFO - [2025-01-19T03:35:20.318+0000] {dag.py:4180} INFO - Setting next_dagrun for example_subdag_operator to 2022-01-01 00:00:00+00:00, run_after=2022-01-01 00:00:00+00:00
[2025-01-19T03:35:20.321+0000] {logging_mixin.py:190} INFO - [2025-01-19T03:35:20.321+0000] {dag.py:4180} INFO - Setting next_dagrun for example_subdag_operator.section-1 to None, run_after=None
[2025-01-19T03:35:20.321+0000] {logging_mixin.py:190} INFO - [2025-01-19T03:35:20.321+0000] {dag.py:4180} INFO - Setting next_dagrun for example_subdag_operator.section-2 to None, run_after=None
[2025-01-19T03:35:20.326+0000] {logging_mixin.py:190} INFO - [2025-01-19T03:35:20.326+0000] {dag.py:3239} INFO - Sync 2 DAGs
[2025-01-19T03:35:20.328+0000] {logging_mixin.py:190} INFO - [2025-01-19T03:35:20.328+0000] {dag.py:4180} INFO - Setting next_dagrun for example_subdag_operator.section-1 to None, run_after=None
[2025-01-19T03:35:20.329+0000] {logging_mixin.py:190} INFO - [2025-01-19T03:35:20.329+0000] {dag.py:4180} INFO - Setting next_dagrun for example_subdag_operator.section-2 to None, run_after=None
[2025-01-19T03:35:20.338+0000] {processor.py:208} INFO - Processing /home/vscode/.local/lib/python3.10/site-packages/airflow/example_dags/example_subdag_operator.py took 0.070 seconds
[2025-01-19T03:36:10.522+0000] {processor.py:186} INFO - Started process (PID=12217) to work on /home/vscode/.local/lib/python3.10/site-packages/airflow/example_dags/example_subdag_operator.py
[2025-01-19T03:36:10.522+0000] {processor.py:914} INFO - Processing file /home/vscode/.local/lib/python3.10/site-packages/airflow/example_dags/example_subdag_operator.py for tasks to queue
[2025-01-19T03:36:10.524+0000] {logging_mixin.py:190} INFO - [2025-01-19T03:36:10.524+0000] {dagbag.py:588} INFO - Filling up the DagBag from /home/vscode/.local/lib/python3.10/site-packages/airflow/example_dags/example_subdag_operator.py
[2025-01-19T03:36:10.541+0000] {processor.py:925} INFO - DAG(s) 'example_subdag_operator.section-1', 'example_subdag_operator.section-2', 'example_subdag_operator' retrieved from /home/vscode/.local/lib/python3.10/site-packages/airflow/example_dags/example_subdag_operator.py
[2025-01-19T03:36:10.552+0000] {logging_mixin.py:190} INFO - [2025-01-19T03:36:10.552+0000] {dag.py:3239} INFO - Sync 3 DAGs
[2025-01-19T03:36:10.567+0000] {logging_mixin.py:190} INFO - [2025-01-19T03:36:10.567+0000] {dag.py:4180} INFO - Setting next_dagrun for example_subdag_operator to 2022-01-01 00:00:00+00:00, run_after=2022-01-01 00:00:00+00:00
[2025-01-19T03:36:10.569+0000] {logging_mixin.py:190} INFO - [2025-01-19T03:36:10.569+0000] {dag.py:4180} INFO - Setting next_dagrun for example_subdag_operator.section-1 to None, run_after=None
[2025-01-19T03:36:10.570+0000] {logging_mixin.py:190} INFO - [2025-01-19T03:36:10.570+0000] {dag.py:4180} INFO - Setting next_dagrun for example_subdag_operator.section-2 to None, run_after=None
[2025-01-19T03:36:10.574+0000] {logging_mixin.py:190} INFO - [2025-01-19T03:36:10.574+0000] {dag.py:3239} INFO - Sync 2 DAGs
[2025-01-19T03:36:10.577+0000] {logging_mixin.py:190} INFO - [2025-01-19T03:36:10.577+0000] {dag.py:4180} INFO - Setting next_dagrun for example_subdag_operator.section-1 to None, run_after=None
[2025-01-19T03:36:10.577+0000] {logging_mixin.py:190} INFO - [2025-01-19T03:36:10.577+0000] {dag.py:4180} INFO - Setting next_dagrun for example_subdag_operator.section-2 to None, run_after=None
[2025-01-19T03:36:10.588+0000] {processor.py:208} INFO - Processing /home/vscode/.local/lib/python3.10/site-packages/airflow/example_dags/example_subdag_operator.py took 0.070 seconds
[2025-01-19T03:36:59.139+0000] {processor.py:186} INFO - Started process (PID=12541) to work on /home/vscode/.local/lib/python3.10/site-packages/airflow/example_dags/example_subdag_operator.py
[2025-01-19T03:36:59.139+0000] {processor.py:914} INFO - Processing file /home/vscode/.local/lib/python3.10/site-packages/airflow/example_dags/example_subdag_operator.py for tasks to queue
[2025-01-19T03:36:59.141+0000] {logging_mixin.py:190} INFO - [2025-01-19T03:36:59.141+0000] {dagbag.py:588} INFO - Filling up the DagBag from /home/vscode/.local/lib/python3.10/site-packages/airflow/example_dags/example_subdag_operator.py
[2025-01-19T03:36:59.159+0000] {processor.py:925} INFO - DAG(s) 'example_subdag_operator.section-1', 'example_subdag_operator.section-2', 'example_subdag_operator' retrieved from /home/vscode/.local/lib/python3.10/site-packages/airflow/example_dags/example_subdag_operator.py
[2025-01-19T03:36:59.170+0000] {logging_mixin.py:190} INFO - [2025-01-19T03:36:59.170+0000] {dag.py:3239} INFO - Sync 3 DAGs
[2025-01-19T03:36:59.185+0000] {logging_mixin.py:190} INFO - [2025-01-19T03:36:59.185+0000] {dag.py:4180} INFO - Setting next_dagrun for example_subdag_operator to 2022-01-01 00:00:00+00:00, run_after=2022-01-01 00:00:00+00:00
[2025-01-19T03:36:59.187+0000] {logging_mixin.py:190} INFO - [2025-01-19T03:36:59.187+0000] {dag.py:4180} INFO - Setting next_dagrun for example_subdag_operator.section-1 to None, run_after=None
[2025-01-19T03:36:59.188+0000] {logging_mixin.py:190} INFO - [2025-01-19T03:36:59.188+0000] {dag.py:4180} INFO - Setting next_dagrun for example_subdag_operator.section-2 to None, run_after=None
[2025-01-19T03:36:59.192+0000] {logging_mixin.py:190} INFO - [2025-01-19T03:36:59.192+0000] {dag.py:3239} INFO - Sync 2 DAGs
[2025-01-19T03:36:59.195+0000] {logging_mixin.py:190} INFO - [2025-01-19T03:36:59.195+0000] {dag.py:4180} INFO - Setting next_dagrun for example_subdag_operator.section-1 to None, run_after=None
[2025-01-19T03:36:59.195+0000] {logging_mixin.py:190} INFO - [2025-01-19T03:36:59.195+0000] {dag.py:4180} INFO - Setting next_dagrun for example_subdag_operator.section-2 to None, run_after=None
[2025-01-19T03:36:59.205+0000] {processor.py:208} INFO - Processing /home/vscode/.local/lib/python3.10/site-packages/airflow/example_dags/example_subdag_operator.py took 0.071 seconds
[2025-01-19T03:37:51.469+0000] {processor.py:186} INFO - Started process (PID=12894) to work on /home/vscode/.local/lib/python3.10/site-packages/airflow/example_dags/example_subdag_operator.py
[2025-01-19T03:37:51.470+0000] {processor.py:914} INFO - Processing file /home/vscode/.local/lib/python3.10/site-packages/airflow/example_dags/example_subdag_operator.py for tasks to queue
[2025-01-19T03:37:51.472+0000] {logging_mixin.py:190} INFO - [2025-01-19T03:37:51.472+0000] {dagbag.py:588} INFO - Filling up the DagBag from /home/vscode/.local/lib/python3.10/site-packages/airflow/example_dags/example_subdag_operator.py
[2025-01-19T03:37:51.489+0000] {processor.py:925} INFO - DAG(s) 'example_subdag_operator.section-1', 'example_subdag_operator.section-2', 'example_subdag_operator' retrieved from /home/vscode/.local/lib/python3.10/site-packages/airflow/example_dags/example_subdag_operator.py
[2025-01-19T03:37:51.502+0000] {logging_mixin.py:190} INFO - [2025-01-19T03:37:51.502+0000] {dag.py:3239} INFO - Sync 3 DAGs
[2025-01-19T03:37:51.521+0000] {logging_mixin.py:190} INFO - [2025-01-19T03:37:51.520+0000] {dag.py:4180} INFO - Setting next_dagrun for example_subdag_operator to 2022-01-01 00:00:00+00:00, run_after=2022-01-01 00:00:00+00:00
[2025-01-19T03:37:51.523+0000] {logging_mixin.py:190} INFO - [2025-01-19T03:37:51.523+0000] {dag.py:4180} INFO - Setting next_dagrun for example_subdag_operator.section-1 to None, run_after=None
[2025-01-19T03:37:51.524+0000] {logging_mixin.py:190} INFO - [2025-01-19T03:37:51.524+0000] {dag.py:4180} INFO - Setting next_dagrun for example_subdag_operator.section-2 to None, run_after=None
[2025-01-19T03:37:51.528+0000] {logging_mixin.py:190} INFO - [2025-01-19T03:37:51.528+0000] {dag.py:3239} INFO - Sync 2 DAGs
[2025-01-19T03:37:51.531+0000] {logging_mixin.py:190} INFO - [2025-01-19T03:37:51.531+0000] {dag.py:4180} INFO - Setting next_dagrun for example_subdag_operator.section-1 to None, run_after=None
[2025-01-19T03:37:51.531+0000] {logging_mixin.py:190} INFO - [2025-01-19T03:37:51.531+0000] {dag.py:4180} INFO - Setting next_dagrun for example_subdag_operator.section-2 to None, run_after=None
[2025-01-19T03:37:51.541+0000] {processor.py:208} INFO - Processing /home/vscode/.local/lib/python3.10/site-packages/airflow/example_dags/example_subdag_operator.py took 0.076 seconds
[2025-01-19T03:38:39.407+0000] {processor.py:186} INFO - Started process (PID=13221) to work on /home/vscode/.local/lib/python3.10/site-packages/airflow/example_dags/example_subdag_operator.py
[2025-01-19T03:38:39.407+0000] {processor.py:914} INFO - Processing file /home/vscode/.local/lib/python3.10/site-packages/airflow/example_dags/example_subdag_operator.py for tasks to queue
[2025-01-19T03:38:39.409+0000] {logging_mixin.py:190} INFO - [2025-01-19T03:38:39.409+0000] {dagbag.py:588} INFO - Filling up the DagBag from /home/vscode/.local/lib/python3.10/site-packages/airflow/example_dags/example_subdag_operator.py
[2025-01-19T03:38:39.426+0000] {processor.py:925} INFO - DAG(s) 'example_subdag_operator.section-1', 'example_subdag_operator.section-2', 'example_subdag_operator' retrieved from /home/vscode/.local/lib/python3.10/site-packages/airflow/example_dags/example_subdag_operator.py
[2025-01-19T03:38:39.437+0000] {logging_mixin.py:190} INFO - [2025-01-19T03:38:39.437+0000] {dag.py:3239} INFO - Sync 3 DAGs
[2025-01-19T03:38:39.451+0000] {logging_mixin.py:190} INFO - [2025-01-19T03:38:39.451+0000] {dag.py:4180} INFO - Setting next_dagrun for example_subdag_operator to 2022-01-01 00:00:00+00:00, run_after=2022-01-01 00:00:00+00:00
[2025-01-19T03:38:39.453+0000] {logging_mixin.py:190} INFO - [2025-01-19T03:38:39.453+0000] {dag.py:4180} INFO - Setting next_dagrun for example_subdag_operator.section-1 to None, run_after=None
[2025-01-19T03:38:39.454+0000] {logging_mixin.py:190} INFO - [2025-01-19T03:38:39.454+0000] {dag.py:4180} INFO - Setting next_dagrun for example_subdag_operator.section-2 to None, run_after=None
[2025-01-19T03:38:39.458+0000] {logging_mixin.py:190} INFO - [2025-01-19T03:38:39.458+0000] {dag.py:3239} INFO - Sync 2 DAGs
[2025-01-19T03:38:39.461+0000] {logging_mixin.py:190} INFO - [2025-01-19T03:38:39.461+0000] {dag.py:4180} INFO - Setting next_dagrun for example_subdag_operator.section-1 to None, run_after=None
[2025-01-19T03:38:39.462+0000] {logging_mixin.py:190} INFO - [2025-01-19T03:38:39.462+0000] {dag.py:4180} INFO - Setting next_dagrun for example_subdag_operator.section-2 to None, run_after=None
[2025-01-19T03:38:39.472+0000] {processor.py:208} INFO - Processing /home/vscode/.local/lib/python3.10/site-packages/airflow/example_dags/example_subdag_operator.py took 0.070 seconds
[2025-01-19T03:39:29.314+0000] {processor.py:186} INFO - Started process (PID=13551) to work on /home/vscode/.local/lib/python3.10/site-packages/airflow/example_dags/example_subdag_operator.py
[2025-01-19T03:39:29.315+0000] {processor.py:914} INFO - Processing file /home/vscode/.local/lib/python3.10/site-packages/airflow/example_dags/example_subdag_operator.py for tasks to queue
[2025-01-19T03:39:29.316+0000] {logging_mixin.py:190} INFO - [2025-01-19T03:39:29.316+0000] {dagbag.py:588} INFO - Filling up the DagBag from /home/vscode/.local/lib/python3.10/site-packages/airflow/example_dags/example_subdag_operator.py
[2025-01-19T03:39:29.334+0000] {processor.py:925} INFO - DAG(s) 'example_subdag_operator.section-1', 'example_subdag_operator.section-2', 'example_subdag_operator' retrieved from /home/vscode/.local/lib/python3.10/site-packages/airflow/example_dags/example_subdag_operator.py
[2025-01-19T03:39:29.346+0000] {logging_mixin.py:190} INFO - [2025-01-19T03:39:29.345+0000] {dag.py:3239} INFO - Sync 3 DAGs
[2025-01-19T03:39:29.360+0000] {logging_mixin.py:190} INFO - [2025-01-19T03:39:29.360+0000] {dag.py:4180} INFO - Setting next_dagrun for example_subdag_operator to 2022-01-01 00:00:00+00:00, run_after=2022-01-01 00:00:00+00:00
[2025-01-19T03:39:29.362+0000] {logging_mixin.py:190} INFO - [2025-01-19T03:39:29.362+0000] {dag.py:4180} INFO - Setting next_dagrun for example_subdag_operator.section-1 to None, run_after=None
[2025-01-19T03:39:29.363+0000] {logging_mixin.py:190} INFO - [2025-01-19T03:39:29.363+0000] {dag.py:4180} INFO - Setting next_dagrun for example_subdag_operator.section-2 to None, run_after=None
[2025-01-19T03:39:29.368+0000] {logging_mixin.py:190} INFO - [2025-01-19T03:39:29.368+0000] {dag.py:3239} INFO - Sync 2 DAGs
[2025-01-19T03:39:29.372+0000] {logging_mixin.py:190} INFO - [2025-01-19T03:39:29.372+0000] {dag.py:4180} INFO - Setting next_dagrun for example_subdag_operator.section-1 to None, run_after=None
[2025-01-19T03:39:29.372+0000] {logging_mixin.py:190} INFO - [2025-01-19T03:39:29.372+0000] {dag.py:4180} INFO - Setting next_dagrun for example_subdag_operator.section-2 to None, run_after=None
[2025-01-19T03:39:29.384+0000] {processor.py:208} INFO - Processing /home/vscode/.local/lib/python3.10/site-packages/airflow/example_dags/example_subdag_operator.py took 0.074 seconds
[2025-01-19T03:40:22.147+0000] {processor.py:186} INFO - Started process (PID=13916) to work on /home/vscode/.local/lib/python3.10/site-packages/airflow/example_dags/example_subdag_operator.py
[2025-01-19T03:40:22.148+0000] {processor.py:914} INFO - Processing file /home/vscode/.local/lib/python3.10/site-packages/airflow/example_dags/example_subdag_operator.py for tasks to queue
[2025-01-19T03:40:22.150+0000] {logging_mixin.py:190} INFO - [2025-01-19T03:40:22.150+0000] {dagbag.py:588} INFO - Filling up the DagBag from /home/vscode/.local/lib/python3.10/site-packages/airflow/example_dags/example_subdag_operator.py
[2025-01-19T03:40:22.167+0000] {processor.py:925} INFO - DAG(s) 'example_subdag_operator.section-1', 'example_subdag_operator.section-2', 'example_subdag_operator' retrieved from /home/vscode/.local/lib/python3.10/site-packages/airflow/example_dags/example_subdag_operator.py
[2025-01-19T03:40:22.178+0000] {logging_mixin.py:190} INFO - [2025-01-19T03:40:22.178+0000] {dag.py:3239} INFO - Sync 3 DAGs
[2025-01-19T03:40:22.195+0000] {logging_mixin.py:190} INFO - [2025-01-19T03:40:22.194+0000] {dag.py:4180} INFO - Setting next_dagrun for example_subdag_operator to 2022-01-01 00:00:00+00:00, run_after=2022-01-01 00:00:00+00:00
[2025-01-19T03:40:22.197+0000] {logging_mixin.py:190} INFO - [2025-01-19T03:40:22.197+0000] {dag.py:4180} INFO - Setting next_dagrun for example_subdag_operator.section-1 to None, run_after=None
[2025-01-19T03:40:22.198+0000] {logging_mixin.py:190} INFO - [2025-01-19T03:40:22.197+0000] {dag.py:4180} INFO - Setting next_dagrun for example_subdag_operator.section-2 to None, run_after=None
[2025-01-19T03:40:22.202+0000] {logging_mixin.py:190} INFO - [2025-01-19T03:40:22.202+0000] {dag.py:3239} INFO - Sync 2 DAGs
[2025-01-19T03:40:22.205+0000] {logging_mixin.py:190} INFO - [2025-01-19T03:40:22.205+0000] {dag.py:4180} INFO - Setting next_dagrun for example_subdag_operator.section-1 to None, run_after=None
[2025-01-19T03:40:22.205+0000] {logging_mixin.py:190} INFO - [2025-01-19T03:40:22.205+0000] {dag.py:4180} INFO - Setting next_dagrun for example_subdag_operator.section-2 to None, run_after=None
[2025-01-19T03:40:22.215+0000] {processor.py:208} INFO - Processing /home/vscode/.local/lib/python3.10/site-packages/airflow/example_dags/example_subdag_operator.py took 0.072 seconds
[2025-01-19T03:41:11.696+0000] {processor.py:186} INFO - Started process (PID=14244) to work on /home/vscode/.local/lib/python3.10/site-packages/airflow/example_dags/example_subdag_operator.py
[2025-01-19T03:41:11.697+0000] {processor.py:914} INFO - Processing file /home/vscode/.local/lib/python3.10/site-packages/airflow/example_dags/example_subdag_operator.py for tasks to queue
[2025-01-19T03:41:11.700+0000] {logging_mixin.py:190} INFO - [2025-01-19T03:41:11.699+0000] {dagbag.py:588} INFO - Filling up the DagBag from /home/vscode/.local/lib/python3.10/site-packages/airflow/example_dags/example_subdag_operator.py
[2025-01-19T03:41:11.725+0000] {processor.py:925} INFO - DAG(s) 'example_subdag_operator.section-1', 'example_subdag_operator.section-2', 'example_subdag_operator' retrieved from /home/vscode/.local/lib/python3.10/site-packages/airflow/example_dags/example_subdag_operator.py
[2025-01-19T03:41:11.743+0000] {logging_mixin.py:190} INFO - [2025-01-19T03:41:11.743+0000] {dag.py:3239} INFO - Sync 3 DAGs
[2025-01-19T03:41:11.776+0000] {logging_mixin.py:190} INFO - [2025-01-19T03:41:11.776+0000] {dag.py:4180} INFO - Setting next_dagrun for example_subdag_operator to 2022-01-01 00:00:00+00:00, run_after=2022-01-01 00:00:00+00:00
[2025-01-19T03:41:11.781+0000] {logging_mixin.py:190} INFO - [2025-01-19T03:41:11.781+0000] {dag.py:4180} INFO - Setting next_dagrun for example_subdag_operator.section-1 to None, run_after=None
[2025-01-19T03:41:11.787+0000] {logging_mixin.py:190} INFO - [2025-01-19T03:41:11.787+0000] {dag.py:4180} INFO - Setting next_dagrun for example_subdag_operator.section-2 to None, run_after=None
[2025-01-19T03:41:11.800+0000] {logging_mixin.py:190} INFO - [2025-01-19T03:41:11.800+0000] {dag.py:3239} INFO - Sync 2 DAGs
[2025-01-19T03:41:11.806+0000] {logging_mixin.py:190} INFO - [2025-01-19T03:41:11.806+0000] {dag.py:4180} INFO - Setting next_dagrun for example_subdag_operator.section-1 to None, run_after=None
[2025-01-19T03:41:11.807+0000] {logging_mixin.py:190} INFO - [2025-01-19T03:41:11.807+0000] {dag.py:4180} INFO - Setting next_dagrun for example_subdag_operator.section-2 to None, run_after=None
[2025-01-19T03:41:11.822+0000] {processor.py:208} INFO - Processing /home/vscode/.local/lib/python3.10/site-packages/airflow/example_dags/example_subdag_operator.py took 0.133 seconds
[2025-01-19T03:42:02.959+0000] {processor.py:186} INFO - Started process (PID=14603) to work on /home/vscode/.local/lib/python3.10/site-packages/airflow/example_dags/example_subdag_operator.py
[2025-01-19T03:42:02.960+0000] {processor.py:914} INFO - Processing file /home/vscode/.local/lib/python3.10/site-packages/airflow/example_dags/example_subdag_operator.py for tasks to queue
[2025-01-19T03:42:02.961+0000] {logging_mixin.py:190} INFO - [2025-01-19T03:42:02.961+0000] {dagbag.py:588} INFO - Filling up the DagBag from /home/vscode/.local/lib/python3.10/site-packages/airflow/example_dags/example_subdag_operator.py
[2025-01-19T03:42:02.978+0000] {processor.py:925} INFO - DAG(s) 'example_subdag_operator.section-1', 'example_subdag_operator.section-2', 'example_subdag_operator' retrieved from /home/vscode/.local/lib/python3.10/site-packages/airflow/example_dags/example_subdag_operator.py
[2025-01-19T03:42:02.989+0000] {logging_mixin.py:190} INFO - [2025-01-19T03:42:02.989+0000] {dag.py:3239} INFO - Sync 3 DAGs
[2025-01-19T03:42:03.004+0000] {logging_mixin.py:190} INFO - [2025-01-19T03:42:03.004+0000] {dag.py:4180} INFO - Setting next_dagrun for example_subdag_operator to 2022-01-01 00:00:00+00:00, run_after=2022-01-01 00:00:00+00:00
[2025-01-19T03:42:03.006+0000] {logging_mixin.py:190} INFO - [2025-01-19T03:42:03.006+0000] {dag.py:4180} INFO - Setting next_dagrun for example_subdag_operator.section-1 to None, run_after=None
[2025-01-19T03:42:03.007+0000] {logging_mixin.py:190} INFO - [2025-01-19T03:42:03.007+0000] {dag.py:4180} INFO - Setting next_dagrun for example_subdag_operator.section-2 to None, run_after=None
[2025-01-19T03:42:03.013+0000] {logging_mixin.py:190} INFO - [2025-01-19T03:42:03.012+0000] {dag.py:3239} INFO - Sync 2 DAGs
[2025-01-19T03:42:03.016+0000] {logging_mixin.py:190} INFO - [2025-01-19T03:42:03.015+0000] {dag.py:4180} INFO - Setting next_dagrun for example_subdag_operator.section-1 to None, run_after=None
[2025-01-19T03:42:03.016+0000] {logging_mixin.py:190} INFO - [2025-01-19T03:42:03.016+0000] {dag.py:4180} INFO - Setting next_dagrun for example_subdag_operator.section-2 to None, run_after=None
[2025-01-19T03:42:03.025+0000] {processor.py:208} INFO - Processing /home/vscode/.local/lib/python3.10/site-packages/airflow/example_dags/example_subdag_operator.py took 0.071 seconds
[2025-01-19T03:42:53.397+0000] {processor.py:186} INFO - Started process (PID=14939) to work on /home/vscode/.local/lib/python3.10/site-packages/airflow/example_dags/example_subdag_operator.py
[2025-01-19T03:42:53.398+0000] {processor.py:914} INFO - Processing file /home/vscode/.local/lib/python3.10/site-packages/airflow/example_dags/example_subdag_operator.py for tasks to queue
[2025-01-19T03:42:53.399+0000] {logging_mixin.py:190} INFO - [2025-01-19T03:42:53.399+0000] {dagbag.py:588} INFO - Filling up the DagBag from /home/vscode/.local/lib/python3.10/site-packages/airflow/example_dags/example_subdag_operator.py
[2025-01-19T03:42:53.416+0000] {processor.py:925} INFO - DAG(s) 'example_subdag_operator.section-1', 'example_subdag_operator.section-2', 'example_subdag_operator' retrieved from /home/vscode/.local/lib/python3.10/site-packages/airflow/example_dags/example_subdag_operator.py
[2025-01-19T03:42:53.427+0000] {logging_mixin.py:190} INFO - [2025-01-19T03:42:53.427+0000] {dag.py:3239} INFO - Sync 3 DAGs
[2025-01-19T03:42:53.441+0000] {logging_mixin.py:190} INFO - [2025-01-19T03:42:53.441+0000] {dag.py:4180} INFO - Setting next_dagrun for example_subdag_operator to 2022-01-01 00:00:00+00:00, run_after=2022-01-01 00:00:00+00:00
[2025-01-19T03:42:53.444+0000] {logging_mixin.py:190} INFO - [2025-01-19T03:42:53.443+0000] {dag.py:4180} INFO - Setting next_dagrun for example_subdag_operator.section-1 to None, run_after=None
[2025-01-19T03:42:53.444+0000] {logging_mixin.py:190} INFO - [2025-01-19T03:42:53.444+0000] {dag.py:4180} INFO - Setting next_dagrun for example_subdag_operator.section-2 to None, run_after=None
[2025-01-19T03:42:53.448+0000] {logging_mixin.py:190} INFO - [2025-01-19T03:42:53.448+0000] {dag.py:3239} INFO - Sync 2 DAGs
[2025-01-19T03:42:53.452+0000] {logging_mixin.py:190} INFO - [2025-01-19T03:42:53.451+0000] {dag.py:4180} INFO - Setting next_dagrun for example_subdag_operator.section-1 to None, run_after=None
[2025-01-19T03:42:53.452+0000] {logging_mixin.py:190} INFO - [2025-01-19T03:42:53.452+0000] {dag.py:4180} INFO - Setting next_dagrun for example_subdag_operator.section-2 to None, run_after=None
[2025-01-19T03:42:53.462+0000] {processor.py:208} INFO - Processing /home/vscode/.local/lib/python3.10/site-packages/airflow/example_dags/example_subdag_operator.py took 0.069 seconds
[2025-01-19T03:43:44.767+0000] {processor.py:186} INFO - Started process (PID=15281) to work on /home/vscode/.local/lib/python3.10/site-packages/airflow/example_dags/example_subdag_operator.py
[2025-01-19T03:43:44.768+0000] {processor.py:914} INFO - Processing file /home/vscode/.local/lib/python3.10/site-packages/airflow/example_dags/example_subdag_operator.py for tasks to queue
[2025-01-19T03:43:44.770+0000] {logging_mixin.py:190} INFO - [2025-01-19T03:43:44.769+0000] {dagbag.py:588} INFO - Filling up the DagBag from /home/vscode/.local/lib/python3.10/site-packages/airflow/example_dags/example_subdag_operator.py
[2025-01-19T03:43:44.787+0000] {processor.py:925} INFO - DAG(s) 'example_subdag_operator.section-1', 'example_subdag_operator.section-2', 'example_subdag_operator' retrieved from /home/vscode/.local/lib/python3.10/site-packages/airflow/example_dags/example_subdag_operator.py
[2025-01-19T03:43:44.798+0000] {logging_mixin.py:190} INFO - [2025-01-19T03:43:44.798+0000] {dag.py:3239} INFO - Sync 3 DAGs
[2025-01-19T03:43:44.813+0000] {logging_mixin.py:190} INFO - [2025-01-19T03:43:44.813+0000] {dag.py:4180} INFO - Setting next_dagrun for example_subdag_operator to 2022-01-01 00:00:00+00:00, run_after=2022-01-01 00:00:00+00:00
[2025-01-19T03:43:44.815+0000] {logging_mixin.py:190} INFO - [2025-01-19T03:43:44.815+0000] {dag.py:4180} INFO - Setting next_dagrun for example_subdag_operator.section-1 to None, run_after=None
[2025-01-19T03:43:44.816+0000] {logging_mixin.py:190} INFO - [2025-01-19T03:43:44.816+0000] {dag.py:4180} INFO - Setting next_dagrun for example_subdag_operator.section-2 to None, run_after=None
[2025-01-19T03:43:44.820+0000] {logging_mixin.py:190} INFO - [2025-01-19T03:43:44.820+0000] {dag.py:3239} INFO - Sync 2 DAGs
[2025-01-19T03:43:44.824+0000] {logging_mixin.py:190} INFO - [2025-01-19T03:43:44.824+0000] {dag.py:4180} INFO - Setting next_dagrun for example_subdag_operator.section-1 to None, run_after=None
[2025-01-19T03:43:44.824+0000] {logging_mixin.py:190} INFO - [2025-01-19T03:43:44.824+0000] {dag.py:4180} INFO - Setting next_dagrun for example_subdag_operator.section-2 to None, run_after=None
[2025-01-19T03:43:44.837+0000] {processor.py:208} INFO - Processing /home/vscode/.local/lib/python3.10/site-packages/airflow/example_dags/example_subdag_operator.py took 0.074 seconds
[2025-01-19T03:44:37.770+0000] {processor.py:186} INFO - Started process (PID=15637) to work on /home/vscode/.local/lib/python3.10/site-packages/airflow/example_dags/example_subdag_operator.py
[2025-01-19T03:44:37.771+0000] {processor.py:914} INFO - Processing file /home/vscode/.local/lib/python3.10/site-packages/airflow/example_dags/example_subdag_operator.py for tasks to queue
[2025-01-19T03:44:37.773+0000] {logging_mixin.py:190} INFO - [2025-01-19T03:44:37.773+0000] {dagbag.py:588} INFO - Filling up the DagBag from /home/vscode/.local/lib/python3.10/site-packages/airflow/example_dags/example_subdag_operator.py
[2025-01-19T03:44:37.792+0000] {processor.py:925} INFO - DAG(s) 'example_subdag_operator.section-1', 'example_subdag_operator.section-2', 'example_subdag_operator' retrieved from /home/vscode/.local/lib/python3.10/site-packages/airflow/example_dags/example_subdag_operator.py
[2025-01-19T03:44:37.803+0000] {logging_mixin.py:190} INFO - [2025-01-19T03:44:37.803+0000] {dag.py:3239} INFO - Sync 3 DAGs
[2025-01-19T03:44:37.818+0000] {logging_mixin.py:190} INFO - [2025-01-19T03:44:37.818+0000] {dag.py:4180} INFO - Setting next_dagrun for example_subdag_operator to 2022-01-01 00:00:00+00:00, run_after=2022-01-01 00:00:00+00:00
[2025-01-19T03:44:37.821+0000] {logging_mixin.py:190} INFO - [2025-01-19T03:44:37.820+0000] {dag.py:4180} INFO - Setting next_dagrun for example_subdag_operator.section-1 to None, run_after=None
[2025-01-19T03:44:37.821+0000] {logging_mixin.py:190} INFO - [2025-01-19T03:44:37.821+0000] {dag.py:4180} INFO - Setting next_dagrun for example_subdag_operator.section-2 to None, run_after=None
[2025-01-19T03:44:37.826+0000] {logging_mixin.py:190} INFO - [2025-01-19T03:44:37.826+0000] {dag.py:3239} INFO - Sync 2 DAGs
[2025-01-19T03:44:37.829+0000] {logging_mixin.py:190} INFO - [2025-01-19T03:44:37.828+0000] {dag.py:4180} INFO - Setting next_dagrun for example_subdag_operator.section-1 to None, run_after=None
[2025-01-19T03:44:37.829+0000] {logging_mixin.py:190} INFO - [2025-01-19T03:44:37.829+0000] {dag.py:4180} INFO - Setting next_dagrun for example_subdag_operator.section-2 to None, run_after=None
[2025-01-19T03:44:37.838+0000] {processor.py:208} INFO - Processing /home/vscode/.local/lib/python3.10/site-packages/airflow/example_dags/example_subdag_operator.py took 0.073 seconds
[2025-01-19T03:45:31.378+0000] {processor.py:186} INFO - Started process (PID=15997) to work on /home/vscode/.local/lib/python3.10/site-packages/airflow/example_dags/example_subdag_operator.py
[2025-01-19T03:45:31.379+0000] {processor.py:914} INFO - Processing file /home/vscode/.local/lib/python3.10/site-packages/airflow/example_dags/example_subdag_operator.py for tasks to queue
[2025-01-19T03:45:31.380+0000] {logging_mixin.py:190} INFO - [2025-01-19T03:45:31.380+0000] {dagbag.py:588} INFO - Filling up the DagBag from /home/vscode/.local/lib/python3.10/site-packages/airflow/example_dags/example_subdag_operator.py
[2025-01-19T03:45:31.398+0000] {processor.py:925} INFO - DAG(s) 'example_subdag_operator.section-1', 'example_subdag_operator.section-2', 'example_subdag_operator' retrieved from /home/vscode/.local/lib/python3.10/site-packages/airflow/example_dags/example_subdag_operator.py
[2025-01-19T03:45:31.409+0000] {logging_mixin.py:190} INFO - [2025-01-19T03:45:31.409+0000] {dag.py:3239} INFO - Sync 3 DAGs
[2025-01-19T03:45:31.423+0000] {logging_mixin.py:190} INFO - [2025-01-19T03:45:31.423+0000] {dag.py:4180} INFO - Setting next_dagrun for example_subdag_operator to 2022-01-01 00:00:00+00:00, run_after=2022-01-01 00:00:00+00:00
[2025-01-19T03:45:31.426+0000] {logging_mixin.py:190} INFO - [2025-01-19T03:45:31.426+0000] {dag.py:4180} INFO - Setting next_dagrun for example_subdag_operator.section-1 to None, run_after=None
[2025-01-19T03:45:31.427+0000] {logging_mixin.py:190} INFO - [2025-01-19T03:45:31.427+0000] {dag.py:4180} INFO - Setting next_dagrun for example_subdag_operator.section-2 to None, run_after=None
[2025-01-19T03:45:31.431+0000] {logging_mixin.py:190} INFO - [2025-01-19T03:45:31.431+0000] {dag.py:3239} INFO - Sync 2 DAGs
[2025-01-19T03:45:31.434+0000] {logging_mixin.py:190} INFO - [2025-01-19T03:45:31.434+0000] {dag.py:4180} INFO - Setting next_dagrun for example_subdag_operator.section-1 to None, run_after=None
[2025-01-19T03:45:31.434+0000] {logging_mixin.py:190} INFO - [2025-01-19T03:45:31.434+0000] {dag.py:4180} INFO - Setting next_dagrun for example_subdag_operator.section-2 to None, run_after=None
[2025-01-19T03:45:31.445+0000] {processor.py:208} INFO - Processing /home/vscode/.local/lib/python3.10/site-packages/airflow/example_dags/example_subdag_operator.py took 0.071 seconds
[2025-01-19T03:46:19.945+0000] {processor.py:186} INFO - Started process (PID=16322) to work on /home/vscode/.local/lib/python3.10/site-packages/airflow/example_dags/example_subdag_operator.py
[2025-01-19T03:46:19.945+0000] {processor.py:914} INFO - Processing file /home/vscode/.local/lib/python3.10/site-packages/airflow/example_dags/example_subdag_operator.py for tasks to queue
[2025-01-19T03:46:19.947+0000] {logging_mixin.py:190} INFO - [2025-01-19T03:46:19.947+0000] {dagbag.py:588} INFO - Filling up the DagBag from /home/vscode/.local/lib/python3.10/site-packages/airflow/example_dags/example_subdag_operator.py
[2025-01-19T03:46:19.965+0000] {processor.py:925} INFO - DAG(s) 'example_subdag_operator.section-1', 'example_subdag_operator.section-2', 'example_subdag_operator' retrieved from /home/vscode/.local/lib/python3.10/site-packages/airflow/example_dags/example_subdag_operator.py
[2025-01-19T03:46:19.978+0000] {logging_mixin.py:190} INFO - [2025-01-19T03:46:19.977+0000] {dag.py:3239} INFO - Sync 3 DAGs
[2025-01-19T03:46:19.992+0000] {logging_mixin.py:190} INFO - [2025-01-19T03:46:19.992+0000] {dag.py:4180} INFO - Setting next_dagrun for example_subdag_operator to 2022-01-01 00:00:00+00:00, run_after=2022-01-01 00:00:00+00:00
[2025-01-19T03:46:19.995+0000] {logging_mixin.py:190} INFO - [2025-01-19T03:46:19.995+0000] {dag.py:4180} INFO - Setting next_dagrun for example_subdag_operator.section-1 to None, run_after=None
[2025-01-19T03:46:19.995+0000] {logging_mixin.py:190} INFO - [2025-01-19T03:46:19.995+0000] {dag.py:4180} INFO - Setting next_dagrun for example_subdag_operator.section-2 to None, run_after=None
[2025-01-19T03:46:20.000+0000] {logging_mixin.py:190} INFO - [2025-01-19T03:46:20.000+0000] {dag.py:3239} INFO - Sync 2 DAGs
[2025-01-19T03:46:20.003+0000] {logging_mixin.py:190} INFO - [2025-01-19T03:46:20.003+0000] {dag.py:4180} INFO - Setting next_dagrun for example_subdag_operator.section-1 to None, run_after=None
[2025-01-19T03:46:20.003+0000] {logging_mixin.py:190} INFO - [2025-01-19T03:46:20.003+0000] {dag.py:4180} INFO - Setting next_dagrun for example_subdag_operator.section-2 to None, run_after=None
[2025-01-19T03:46:20.015+0000] {processor.py:208} INFO - Processing /home/vscode/.local/lib/python3.10/site-packages/airflow/example_dags/example_subdag_operator.py took 0.075 seconds
[2025-01-19T03:47:12.989+0000] {processor.py:186} INFO - Started process (PID=16680) to work on /home/vscode/.local/lib/python3.10/site-packages/airflow/example_dags/example_subdag_operator.py
[2025-01-19T03:47:12.990+0000] {processor.py:914} INFO - Processing file /home/vscode/.local/lib/python3.10/site-packages/airflow/example_dags/example_subdag_operator.py for tasks to queue
[2025-01-19T03:47:12.991+0000] {logging_mixin.py:190} INFO - [2025-01-19T03:47:12.991+0000] {dagbag.py:588} INFO - Filling up the DagBag from /home/vscode/.local/lib/python3.10/site-packages/airflow/example_dags/example_subdag_operator.py
[2025-01-19T03:47:13.008+0000] {processor.py:925} INFO - DAG(s) 'example_subdag_operator.section-1', 'example_subdag_operator.section-2', 'example_subdag_operator' retrieved from /home/vscode/.local/lib/python3.10/site-packages/airflow/example_dags/example_subdag_operator.py
[2025-01-19T03:47:13.019+0000] {logging_mixin.py:190} INFO - [2025-01-19T03:47:13.019+0000] {dag.py:3239} INFO - Sync 3 DAGs
[2025-01-19T03:47:13.033+0000] {logging_mixin.py:190} INFO - [2025-01-19T03:47:13.033+0000] {dag.py:4180} INFO - Setting next_dagrun for example_subdag_operator to 2022-01-01 00:00:00+00:00, run_after=2022-01-01 00:00:00+00:00
[2025-01-19T03:47:13.036+0000] {logging_mixin.py:190} INFO - [2025-01-19T03:47:13.036+0000] {dag.py:4180} INFO - Setting next_dagrun for example_subdag_operator.section-1 to None, run_after=None
[2025-01-19T03:47:13.037+0000] {logging_mixin.py:190} INFO - [2025-01-19T03:47:13.036+0000] {dag.py:4180} INFO - Setting next_dagrun for example_subdag_operator.section-2 to None, run_after=None
[2025-01-19T03:47:13.041+0000] {logging_mixin.py:190} INFO - [2025-01-19T03:47:13.041+0000] {dag.py:3239} INFO - Sync 2 DAGs
[2025-01-19T03:47:13.044+0000] {logging_mixin.py:190} INFO - [2025-01-19T03:47:13.044+0000] {dag.py:4180} INFO - Setting next_dagrun for example_subdag_operator.section-1 to None, run_after=None
[2025-01-19T03:47:13.044+0000] {logging_mixin.py:190} INFO - [2025-01-19T03:47:13.044+0000] {dag.py:4180} INFO - Setting next_dagrun for example_subdag_operator.section-2 to None, run_after=None
[2025-01-19T03:47:13.056+0000] {processor.py:208} INFO - Processing /home/vscode/.local/lib/python3.10/site-packages/airflow/example_dags/example_subdag_operator.py took 0.072 seconds
[2025-01-19T03:48:03.579+0000] {processor.py:186} INFO - Started process (PID=17029) to work on /home/vscode/.local/lib/python3.10/site-packages/airflow/example_dags/example_subdag_operator.py
[2025-01-19T03:48:03.580+0000] {processor.py:914} INFO - Processing file /home/vscode/.local/lib/python3.10/site-packages/airflow/example_dags/example_subdag_operator.py for tasks to queue
[2025-01-19T03:48:03.581+0000] {logging_mixin.py:190} INFO - [2025-01-19T03:48:03.581+0000] {dagbag.py:588} INFO - Filling up the DagBag from /home/vscode/.local/lib/python3.10/site-packages/airflow/example_dags/example_subdag_operator.py
[2025-01-19T03:48:03.602+0000] {processor.py:925} INFO - DAG(s) 'example_subdag_operator.section-1', 'example_subdag_operator.section-2', 'example_subdag_operator' retrieved from /home/vscode/.local/lib/python3.10/site-packages/airflow/example_dags/example_subdag_operator.py
[2025-01-19T03:48:03.621+0000] {logging_mixin.py:190} INFO - [2025-01-19T03:48:03.620+0000] {dag.py:3239} INFO - Sync 3 DAGs
[2025-01-19T03:48:03.650+0000] {logging_mixin.py:190} INFO - [2025-01-19T03:48:03.650+0000] {dag.py:4180} INFO - Setting next_dagrun for example_subdag_operator to 2022-01-01 00:00:00+00:00, run_after=2022-01-01 00:00:00+00:00
[2025-01-19T03:48:03.654+0000] {logging_mixin.py:190} INFO - [2025-01-19T03:48:03.654+0000] {dag.py:4180} INFO - Setting next_dagrun for example_subdag_operator.section-1 to None, run_after=None
[2025-01-19T03:48:03.655+0000] {logging_mixin.py:190} INFO - [2025-01-19T03:48:03.655+0000] {dag.py:4180} INFO - Setting next_dagrun for example_subdag_operator.section-2 to None, run_after=None
[2025-01-19T03:48:03.661+0000] {logging_mixin.py:190} INFO - [2025-01-19T03:48:03.661+0000] {dag.py:3239} INFO - Sync 2 DAGs
[2025-01-19T03:48:03.665+0000] {logging_mixin.py:190} INFO - [2025-01-19T03:48:03.664+0000] {dag.py:4180} INFO - Setting next_dagrun for example_subdag_operator.section-1 to None, run_after=None
[2025-01-19T03:48:03.665+0000] {logging_mixin.py:190} INFO - [2025-01-19T03:48:03.665+0000] {dag.py:4180} INFO - Setting next_dagrun for example_subdag_operator.section-2 to None, run_after=None
[2025-01-19T03:48:03.680+0000] {processor.py:208} INFO - Processing /home/vscode/.local/lib/python3.10/site-packages/airflow/example_dags/example_subdag_operator.py took 0.106 seconds
[2025-01-19T03:48:54.583+0000] {processor.py:186} INFO - Started process (PID=17408) to work on /home/vscode/.local/lib/python3.10/site-packages/airflow/example_dags/example_subdag_operator.py
[2025-01-19T03:48:54.584+0000] {processor.py:914} INFO - Processing file /home/vscode/.local/lib/python3.10/site-packages/airflow/example_dags/example_subdag_operator.py for tasks to queue
[2025-01-19T03:48:54.586+0000] {logging_mixin.py:190} INFO - [2025-01-19T03:48:54.586+0000] {dagbag.py:588} INFO - Filling up the DagBag from /home/vscode/.local/lib/python3.10/site-packages/airflow/example_dags/example_subdag_operator.py
[2025-01-19T03:48:54.603+0000] {processor.py:925} INFO - DAG(s) 'example_subdag_operator.section-1', 'example_subdag_operator.section-2', 'example_subdag_operator' retrieved from /home/vscode/.local/lib/python3.10/site-packages/airflow/example_dags/example_subdag_operator.py
[2025-01-19T03:48:54.614+0000] {logging_mixin.py:190} INFO - [2025-01-19T03:48:54.614+0000] {dag.py:3239} INFO - Sync 3 DAGs
[2025-01-19T03:48:54.629+0000] {logging_mixin.py:190} INFO - [2025-01-19T03:48:54.629+0000] {dag.py:4180} INFO - Setting next_dagrun for example_subdag_operator to 2022-01-01 00:00:00+00:00, run_after=2022-01-01 00:00:00+00:00
[2025-01-19T03:48:54.631+0000] {logging_mixin.py:190} INFO - [2025-01-19T03:48:54.631+0000] {dag.py:4180} INFO - Setting next_dagrun for example_subdag_operator.section-1 to None, run_after=None
[2025-01-19T03:48:54.632+0000] {logging_mixin.py:190} INFO - [2025-01-19T03:48:54.632+0000] {dag.py:4180} INFO - Setting next_dagrun for example_subdag_operator.section-2 to None, run_after=None
[2025-01-19T03:48:54.636+0000] {logging_mixin.py:190} INFO - [2025-01-19T03:48:54.636+0000] {dag.py:3239} INFO - Sync 2 DAGs
[2025-01-19T03:48:54.639+0000] {logging_mixin.py:190} INFO - [2025-01-19T03:48:54.639+0000] {dag.py:4180} INFO - Setting next_dagrun for example_subdag_operator.section-1 to None, run_after=None
[2025-01-19T03:48:54.640+0000] {logging_mixin.py:190} INFO - [2025-01-19T03:48:54.639+0000] {dag.py:4180} INFO - Setting next_dagrun for example_subdag_operator.section-2 to None, run_after=None
[2025-01-19T03:48:54.649+0000] {processor.py:208} INFO - Processing /home/vscode/.local/lib/python3.10/site-packages/airflow/example_dags/example_subdag_operator.py took 0.071 seconds
[2025-01-19T03:49:45.935+0000] {processor.py:186} INFO - Started process (PID=17868) to work on /home/vscode/.local/lib/python3.10/site-packages/airflow/example_dags/example_subdag_operator.py
[2025-01-19T03:49:45.936+0000] {processor.py:914} INFO - Processing file /home/vscode/.local/lib/python3.10/site-packages/airflow/example_dags/example_subdag_operator.py for tasks to queue
[2025-01-19T03:49:45.938+0000] {logging_mixin.py:190} INFO - [2025-01-19T03:49:45.937+0000] {dagbag.py:588} INFO - Filling up the DagBag from /home/vscode/.local/lib/python3.10/site-packages/airflow/example_dags/example_subdag_operator.py
[2025-01-19T03:49:45.957+0000] {processor.py:925} INFO - DAG(s) 'example_subdag_operator.section-1', 'example_subdag_operator.section-2', 'example_subdag_operator' retrieved from /home/vscode/.local/lib/python3.10/site-packages/airflow/example_dags/example_subdag_operator.py
[2025-01-19T03:49:45.968+0000] {logging_mixin.py:190} INFO - [2025-01-19T03:49:45.968+0000] {dag.py:3239} INFO - Sync 3 DAGs
[2025-01-19T03:49:45.983+0000] {logging_mixin.py:190} INFO - [2025-01-19T03:49:45.983+0000] {dag.py:4180} INFO - Setting next_dagrun for example_subdag_operator to 2022-01-01 00:00:00+00:00, run_after=2022-01-01 00:00:00+00:00
[2025-01-19T03:49:45.985+0000] {logging_mixin.py:190} INFO - [2025-01-19T03:49:45.985+0000] {dag.py:4180} INFO - Setting next_dagrun for example_subdag_operator.section-1 to None, run_after=None
[2025-01-19T03:49:45.986+0000] {logging_mixin.py:190} INFO - [2025-01-19T03:49:45.986+0000] {dag.py:4180} INFO - Setting next_dagrun for example_subdag_operator.section-2 to None, run_after=None
[2025-01-19T03:49:45.990+0000] {logging_mixin.py:190} INFO - [2025-01-19T03:49:45.990+0000] {dag.py:3239} INFO - Sync 2 DAGs
[2025-01-19T03:49:45.993+0000] {logging_mixin.py:190} INFO - [2025-01-19T03:49:45.993+0000] {dag.py:4180} INFO - Setting next_dagrun for example_subdag_operator.section-1 to None, run_after=None
[2025-01-19T03:49:45.994+0000] {logging_mixin.py:190} INFO - [2025-01-19T03:49:45.994+0000] {dag.py:4180} INFO - Setting next_dagrun for example_subdag_operator.section-2 to None, run_after=None
[2025-01-19T03:49:46.004+0000] {processor.py:208} INFO - Processing /home/vscode/.local/lib/python3.10/site-packages/airflow/example_dags/example_subdag_operator.py took 0.077 seconds
[2025-01-19T03:50:35.202+0000] {processor.py:186} INFO - Started process (PID=18239) to work on /home/vscode/.local/lib/python3.10/site-packages/airflow/example_dags/example_subdag_operator.py
[2025-01-19T03:50:35.203+0000] {processor.py:914} INFO - Processing file /home/vscode/.local/lib/python3.10/site-packages/airflow/example_dags/example_subdag_operator.py for tasks to queue
[2025-01-19T03:50:35.205+0000] {logging_mixin.py:190} INFO - [2025-01-19T03:50:35.205+0000] {dagbag.py:588} INFO - Filling up the DagBag from /home/vscode/.local/lib/python3.10/site-packages/airflow/example_dags/example_subdag_operator.py
[2025-01-19T03:50:35.222+0000] {processor.py:925} INFO - DAG(s) 'example_subdag_operator.section-1', 'example_subdag_operator.section-2', 'example_subdag_operator' retrieved from /home/vscode/.local/lib/python3.10/site-packages/airflow/example_dags/example_subdag_operator.py
[2025-01-19T03:50:35.239+0000] {logging_mixin.py:190} INFO - [2025-01-19T03:50:35.238+0000] {dag.py:3239} INFO - Sync 3 DAGs
[2025-01-19T03:50:35.254+0000] {logging_mixin.py:190} INFO - [2025-01-19T03:50:35.253+0000] {dag.py:4180} INFO - Setting next_dagrun for example_subdag_operator to 2022-01-01 00:00:00+00:00, run_after=2022-01-01 00:00:00+00:00
[2025-01-19T03:50:35.256+0000] {logging_mixin.py:190} INFO - [2025-01-19T03:50:35.256+0000] {dag.py:4180} INFO - Setting next_dagrun for example_subdag_operator.section-1 to None, run_after=None
[2025-01-19T03:50:35.257+0000] {logging_mixin.py:190} INFO - [2025-01-19T03:50:35.257+0000] {dag.py:4180} INFO - Setting next_dagrun for example_subdag_operator.section-2 to None, run_after=None
[2025-01-19T03:50:35.261+0000] {logging_mixin.py:190} INFO - [2025-01-19T03:50:35.261+0000] {dag.py:3239} INFO - Sync 2 DAGs
[2025-01-19T03:50:35.264+0000] {logging_mixin.py:190} INFO - [2025-01-19T03:50:35.264+0000] {dag.py:4180} INFO - Setting next_dagrun for example_subdag_operator.section-1 to None, run_after=None
[2025-01-19T03:50:35.264+0000] {logging_mixin.py:190} INFO - [2025-01-19T03:50:35.264+0000] {dag.py:4180} INFO - Setting next_dagrun for example_subdag_operator.section-2 to None, run_after=None
[2025-01-19T03:50:35.274+0000] {processor.py:208} INFO - Processing /home/vscode/.local/lib/python3.10/site-packages/airflow/example_dags/example_subdag_operator.py took 0.076 seconds
[2025-01-19T03:51:23.905+0000] {processor.py:186} INFO - Started process (PID=18621) to work on /home/vscode/.local/lib/python3.10/site-packages/airflow/example_dags/example_subdag_operator.py
[2025-01-19T03:51:23.910+0000] {processor.py:914} INFO - Processing file /home/vscode/.local/lib/python3.10/site-packages/airflow/example_dags/example_subdag_operator.py for tasks to queue
[2025-01-19T03:51:23.913+0000] {logging_mixin.py:190} INFO - [2025-01-19T03:51:23.913+0000] {dagbag.py:588} INFO - Filling up the DagBag from /home/vscode/.local/lib/python3.10/site-packages/airflow/example_dags/example_subdag_operator.py
[2025-01-19T03:51:23.943+0000] {processor.py:925} INFO - DAG(s) 'example_subdag_operator.section-1', 'example_subdag_operator.section-2', 'example_subdag_operator' retrieved from /home/vscode/.local/lib/python3.10/site-packages/airflow/example_dags/example_subdag_operator.py
[2025-01-19T03:51:23.955+0000] {logging_mixin.py:190} INFO - [2025-01-19T03:51:23.954+0000] {dag.py:3239} INFO - Sync 3 DAGs
[2025-01-19T03:51:23.970+0000] {logging_mixin.py:190} INFO - [2025-01-19T03:51:23.970+0000] {dag.py:4180} INFO - Setting next_dagrun for example_subdag_operator to 2022-01-01 00:00:00+00:00, run_after=2022-01-01 00:00:00+00:00
[2025-01-19T03:51:23.972+0000] {logging_mixin.py:190} INFO - [2025-01-19T03:51:23.972+0000] {dag.py:4180} INFO - Setting next_dagrun for example_subdag_operator.section-1 to None, run_after=None
[2025-01-19T03:51:23.973+0000] {logging_mixin.py:190} INFO - [2025-01-19T03:51:23.973+0000] {dag.py:4180} INFO - Setting next_dagrun for example_subdag_operator.section-2 to None, run_after=None
[2025-01-19T03:51:23.977+0000] {logging_mixin.py:190} INFO - [2025-01-19T03:51:23.977+0000] {dag.py:3239} INFO - Sync 2 DAGs
[2025-01-19T03:51:23.980+0000] {logging_mixin.py:190} INFO - [2025-01-19T03:51:23.980+0000] {dag.py:4180} INFO - Setting next_dagrun for example_subdag_operator.section-1 to None, run_after=None
[2025-01-19T03:51:23.981+0000] {logging_mixin.py:190} INFO - [2025-01-19T03:51:23.981+0000] {dag.py:4180} INFO - Setting next_dagrun for example_subdag_operator.section-2 to None, run_after=None
[2025-01-19T03:51:23.991+0000] {processor.py:208} INFO - Processing /home/vscode/.local/lib/python3.10/site-packages/airflow/example_dags/example_subdag_operator.py took 0.098 seconds
[2025-01-19T03:54:57.336+0000] {processor.py:186} INFO - Started process (PID=20120) to work on /home/vscode/.local/lib/python3.10/site-packages/airflow/example_dags/example_subdag_operator.py
[2025-01-19T03:54:57.337+0000] {processor.py:914} INFO - Processing file /home/vscode/.local/lib/python3.10/site-packages/airflow/example_dags/example_subdag_operator.py for tasks to queue
[2025-01-19T03:54:57.339+0000] {logging_mixin.py:190} INFO - [2025-01-19T03:54:57.338+0000] {dagbag.py:588} INFO - Filling up the DagBag from /home/vscode/.local/lib/python3.10/site-packages/airflow/example_dags/example_subdag_operator.py
[2025-01-19T03:54:57.355+0000] {processor.py:925} INFO - DAG(s) 'example_subdag_operator.section-1', 'example_subdag_operator.section-2', 'example_subdag_operator' retrieved from /home/vscode/.local/lib/python3.10/site-packages/airflow/example_dags/example_subdag_operator.py
[2025-01-19T03:54:57.368+0000] {logging_mixin.py:190} INFO - [2025-01-19T03:54:57.368+0000] {dag.py:3239} INFO - Sync 3 DAGs
[2025-01-19T03:54:57.383+0000] {logging_mixin.py:190} INFO - [2025-01-19T03:54:57.383+0000] {dag.py:4180} INFO - Setting next_dagrun for example_subdag_operator to 2022-01-01 00:00:00+00:00, run_after=2022-01-01 00:00:00+00:00
[2025-01-19T03:54:57.385+0000] {logging_mixin.py:190} INFO - [2025-01-19T03:54:57.385+0000] {dag.py:4180} INFO - Setting next_dagrun for example_subdag_operator.section-1 to None, run_after=None
[2025-01-19T03:54:57.386+0000] {logging_mixin.py:190} INFO - [2025-01-19T03:54:57.386+0000] {dag.py:4180} INFO - Setting next_dagrun for example_subdag_operator.section-2 to None, run_after=None
[2025-01-19T03:54:57.390+0000] {logging_mixin.py:190} INFO - [2025-01-19T03:54:57.390+0000] {dag.py:3239} INFO - Sync 2 DAGs
[2025-01-19T03:54:57.393+0000] {logging_mixin.py:190} INFO - [2025-01-19T03:54:57.393+0000] {dag.py:4180} INFO - Setting next_dagrun for example_subdag_operator.section-1 to None, run_after=None
[2025-01-19T03:54:57.394+0000] {logging_mixin.py:190} INFO - [2025-01-19T03:54:57.394+0000] {dag.py:4180} INFO - Setting next_dagrun for example_subdag_operator.section-2 to None, run_after=None
[2025-01-19T03:54:57.403+0000] {processor.py:208} INFO - Processing /home/vscode/.local/lib/python3.10/site-packages/airflow/example_dags/example_subdag_operator.py took 0.072 seconds
[2025-01-19T03:55:53.299+0000] {processor.py:186} INFO - Started process (PID=20505) to work on /home/vscode/.local/lib/python3.10/site-packages/airflow/example_dags/example_subdag_operator.py
[2025-01-19T03:55:53.300+0000] {processor.py:914} INFO - Processing file /home/vscode/.local/lib/python3.10/site-packages/airflow/example_dags/example_subdag_operator.py for tasks to queue
[2025-01-19T03:55:53.301+0000] {logging_mixin.py:190} INFO - [2025-01-19T03:55:53.301+0000] {dagbag.py:588} INFO - Filling up the DagBag from /home/vscode/.local/lib/python3.10/site-packages/airflow/example_dags/example_subdag_operator.py
[2025-01-19T03:55:53.318+0000] {processor.py:925} INFO - DAG(s) 'example_subdag_operator.section-1', 'example_subdag_operator.section-2', 'example_subdag_operator' retrieved from /home/vscode/.local/lib/python3.10/site-packages/airflow/example_dags/example_subdag_operator.py
[2025-01-19T03:55:53.329+0000] {logging_mixin.py:190} INFO - [2025-01-19T03:55:53.329+0000] {dag.py:3239} INFO - Sync 3 DAGs
[2025-01-19T03:55:53.344+0000] {logging_mixin.py:190} INFO - [2025-01-19T03:55:53.344+0000] {dag.py:4180} INFO - Setting next_dagrun for example_subdag_operator to 2022-01-01 00:00:00+00:00, run_after=2022-01-01 00:00:00+00:00
[2025-01-19T03:55:53.347+0000] {logging_mixin.py:190} INFO - [2025-01-19T03:55:53.346+0000] {dag.py:4180} INFO - Setting next_dagrun for example_subdag_operator.section-1 to None, run_after=None
[2025-01-19T03:55:53.347+0000] {logging_mixin.py:190} INFO - [2025-01-19T03:55:53.347+0000] {dag.py:4180} INFO - Setting next_dagrun for example_subdag_operator.section-2 to None, run_after=None
[2025-01-19T03:55:53.352+0000] {logging_mixin.py:190} INFO - [2025-01-19T03:55:53.351+0000] {dag.py:3239} INFO - Sync 2 DAGs
[2025-01-19T03:55:53.354+0000] {logging_mixin.py:190} INFO - [2025-01-19T03:55:53.354+0000] {dag.py:4180} INFO - Setting next_dagrun for example_subdag_operator.section-1 to None, run_after=None
[2025-01-19T03:55:53.355+0000] {logging_mixin.py:190} INFO - [2025-01-19T03:55:53.355+0000] {dag.py:4180} INFO - Setting next_dagrun for example_subdag_operator.section-2 to None, run_after=None
[2025-01-19T03:55:53.364+0000] {processor.py:208} INFO - Processing /home/vscode/.local/lib/python3.10/site-packages/airflow/example_dags/example_subdag_operator.py took 0.070 seconds
[2025-01-19T03:56:45.321+0000] {processor.py:186} INFO - Started process (PID=20855) to work on /home/vscode/.local/lib/python3.10/site-packages/airflow/example_dags/example_subdag_operator.py
[2025-01-19T03:56:45.322+0000] {processor.py:914} INFO - Processing file /home/vscode/.local/lib/python3.10/site-packages/airflow/example_dags/example_subdag_operator.py for tasks to queue
[2025-01-19T03:56:45.324+0000] {logging_mixin.py:190} INFO - [2025-01-19T03:56:45.324+0000] {dagbag.py:588} INFO - Filling up the DagBag from /home/vscode/.local/lib/python3.10/site-packages/airflow/example_dags/example_subdag_operator.py
[2025-01-19T03:56:45.341+0000] {processor.py:925} INFO - DAG(s) 'example_subdag_operator.section-1', 'example_subdag_operator.section-2', 'example_subdag_operator' retrieved from /home/vscode/.local/lib/python3.10/site-packages/airflow/example_dags/example_subdag_operator.py
[2025-01-19T03:56:45.352+0000] {logging_mixin.py:190} INFO - [2025-01-19T03:56:45.352+0000] {dag.py:3239} INFO - Sync 3 DAGs
[2025-01-19T03:56:45.370+0000] {logging_mixin.py:190} INFO - [2025-01-19T03:56:45.370+0000] {dag.py:4180} INFO - Setting next_dagrun for example_subdag_operator to 2022-01-01 00:00:00+00:00, run_after=2022-01-01 00:00:00+00:00
[2025-01-19T03:56:45.373+0000] {logging_mixin.py:190} INFO - [2025-01-19T03:56:45.373+0000] {dag.py:4180} INFO - Setting next_dagrun for example_subdag_operator.section-1 to None, run_after=None
[2025-01-19T03:56:45.374+0000] {logging_mixin.py:190} INFO - [2025-01-19T03:56:45.374+0000] {dag.py:4180} INFO - Setting next_dagrun for example_subdag_operator.section-2 to None, run_after=None
[2025-01-19T03:56:45.379+0000] {logging_mixin.py:190} INFO - [2025-01-19T03:56:45.379+0000] {dag.py:3239} INFO - Sync 2 DAGs
[2025-01-19T03:56:45.382+0000] {logging_mixin.py:190} INFO - [2025-01-19T03:56:45.382+0000] {dag.py:4180} INFO - Setting next_dagrun for example_subdag_operator.section-1 to None, run_after=None
[2025-01-19T03:56:45.382+0000] {logging_mixin.py:190} INFO - [2025-01-19T03:56:45.382+0000] {dag.py:4180} INFO - Setting next_dagrun for example_subdag_operator.section-2 to None, run_after=None
[2025-01-19T03:56:45.392+0000] {processor.py:208} INFO - Processing /home/vscode/.local/lib/python3.10/site-packages/airflow/example_dags/example_subdag_operator.py took 0.075 seconds
[2025-01-19T03:57:38.987+0000] {processor.py:186} INFO - Started process (PID=21217) to work on /home/vscode/.local/lib/python3.10/site-packages/airflow/example_dags/example_subdag_operator.py
[2025-01-19T03:57:38.988+0000] {processor.py:914} INFO - Processing file /home/vscode/.local/lib/python3.10/site-packages/airflow/example_dags/example_subdag_operator.py for tasks to queue
[2025-01-19T03:57:38.990+0000] {logging_mixin.py:190} INFO - [2025-01-19T03:57:38.989+0000] {dagbag.py:588} INFO - Filling up the DagBag from /home/vscode/.local/lib/python3.10/site-packages/airflow/example_dags/example_subdag_operator.py
[2025-01-19T03:57:39.007+0000] {processor.py:925} INFO - DAG(s) 'example_subdag_operator.section-1', 'example_subdag_operator.section-2', 'example_subdag_operator' retrieved from /home/vscode/.local/lib/python3.10/site-packages/airflow/example_dags/example_subdag_operator.py
[2025-01-19T03:57:39.018+0000] {logging_mixin.py:190} INFO - [2025-01-19T03:57:39.018+0000] {dag.py:3239} INFO - Sync 3 DAGs
[2025-01-19T03:57:39.033+0000] {logging_mixin.py:190} INFO - [2025-01-19T03:57:39.033+0000] {dag.py:4180} INFO - Setting next_dagrun for example_subdag_operator to 2022-01-01 00:00:00+00:00, run_after=2022-01-01 00:00:00+00:00
[2025-01-19T03:57:39.035+0000] {logging_mixin.py:190} INFO - [2025-01-19T03:57:39.035+0000] {dag.py:4180} INFO - Setting next_dagrun for example_subdag_operator.section-1 to None, run_after=None
[2025-01-19T03:57:39.036+0000] {logging_mixin.py:190} INFO - [2025-01-19T03:57:39.036+0000] {dag.py:4180} INFO - Setting next_dagrun for example_subdag_operator.section-2 to None, run_after=None
[2025-01-19T03:57:39.041+0000] {logging_mixin.py:190} INFO - [2025-01-19T03:57:39.041+0000] {dag.py:3239} INFO - Sync 2 DAGs
[2025-01-19T03:57:39.044+0000] {logging_mixin.py:190} INFO - [2025-01-19T03:57:39.044+0000] {dag.py:4180} INFO - Setting next_dagrun for example_subdag_operator.section-1 to None, run_after=None
[2025-01-19T03:57:39.044+0000] {logging_mixin.py:190} INFO - [2025-01-19T03:57:39.044+0000] {dag.py:4180} INFO - Setting next_dagrun for example_subdag_operator.section-2 to None, run_after=None
[2025-01-19T03:57:39.054+0000] {processor.py:208} INFO - Processing /home/vscode/.local/lib/python3.10/site-packages/airflow/example_dags/example_subdag_operator.py took 0.071 seconds
[2025-01-19T03:58:27.516+0000] {processor.py:186} INFO - Started process (PID=21551) to work on /home/vscode/.local/lib/python3.10/site-packages/airflow/example_dags/example_subdag_operator.py
[2025-01-19T03:58:27.517+0000] {processor.py:914} INFO - Processing file /home/vscode/.local/lib/python3.10/site-packages/airflow/example_dags/example_subdag_operator.py for tasks to queue
[2025-01-19T03:58:27.518+0000] {logging_mixin.py:190} INFO - [2025-01-19T03:58:27.518+0000] {dagbag.py:588} INFO - Filling up the DagBag from /home/vscode/.local/lib/python3.10/site-packages/airflow/example_dags/example_subdag_operator.py
[2025-01-19T03:58:27.537+0000] {processor.py:925} INFO - DAG(s) 'example_subdag_operator.section-1', 'example_subdag_operator.section-2', 'example_subdag_operator' retrieved from /home/vscode/.local/lib/python3.10/site-packages/airflow/example_dags/example_subdag_operator.py
[2025-01-19T03:58:27.549+0000] {logging_mixin.py:190} INFO - [2025-01-19T03:58:27.548+0000] {dag.py:3239} INFO - Sync 3 DAGs
[2025-01-19T03:58:27.563+0000] {logging_mixin.py:190} INFO - [2025-01-19T03:58:27.563+0000] {dag.py:4180} INFO - Setting next_dagrun for example_subdag_operator to 2022-01-01 00:00:00+00:00, run_after=2022-01-01 00:00:00+00:00
[2025-01-19T03:58:27.565+0000] {logging_mixin.py:190} INFO - [2025-01-19T03:58:27.565+0000] {dag.py:4180} INFO - Setting next_dagrun for example_subdag_operator.section-1 to None, run_after=None
[2025-01-19T03:58:27.566+0000] {logging_mixin.py:190} INFO - [2025-01-19T03:58:27.566+0000] {dag.py:4180} INFO - Setting next_dagrun for example_subdag_operator.section-2 to None, run_after=None
[2025-01-19T03:58:27.570+0000] {logging_mixin.py:190} INFO - [2025-01-19T03:58:27.570+0000] {dag.py:3239} INFO - Sync 2 DAGs
[2025-01-19T03:58:27.573+0000] {logging_mixin.py:190} INFO - [2025-01-19T03:58:27.573+0000] {dag.py:4180} INFO - Setting next_dagrun for example_subdag_operator.section-1 to None, run_after=None
[2025-01-19T03:58:27.574+0000] {logging_mixin.py:190} INFO - [2025-01-19T03:58:27.574+0000] {dag.py:4180} INFO - Setting next_dagrun for example_subdag_operator.section-2 to None, run_after=None
[2025-01-19T03:58:27.584+0000] {processor.py:208} INFO - Processing /home/vscode/.local/lib/python3.10/site-packages/airflow/example_dags/example_subdag_operator.py took 0.072 seconds
[2025-01-19T03:59:19.516+0000] {processor.py:186} INFO - Started process (PID=21904) to work on /home/vscode/.local/lib/python3.10/site-packages/airflow/example_dags/example_subdag_operator.py
[2025-01-19T03:59:19.517+0000] {processor.py:914} INFO - Processing file /home/vscode/.local/lib/python3.10/site-packages/airflow/example_dags/example_subdag_operator.py for tasks to queue
[2025-01-19T03:59:19.518+0000] {logging_mixin.py:190} INFO - [2025-01-19T03:59:19.518+0000] {dagbag.py:588} INFO - Filling up the DagBag from /home/vscode/.local/lib/python3.10/site-packages/airflow/example_dags/example_subdag_operator.py
[2025-01-19T03:59:19.536+0000] {processor.py:925} INFO - DAG(s) 'example_subdag_operator.section-1', 'example_subdag_operator.section-2', 'example_subdag_operator' retrieved from /home/vscode/.local/lib/python3.10/site-packages/airflow/example_dags/example_subdag_operator.py
[2025-01-19T03:59:19.547+0000] {logging_mixin.py:190} INFO - [2025-01-19T03:59:19.547+0000] {dag.py:3239} INFO - Sync 3 DAGs
[2025-01-19T03:59:19.561+0000] {logging_mixin.py:190} INFO - [2025-01-19T03:59:19.561+0000] {dag.py:4180} INFO - Setting next_dagrun for example_subdag_operator to 2022-01-01 00:00:00+00:00, run_after=2022-01-01 00:00:00+00:00
[2025-01-19T03:59:19.564+0000] {logging_mixin.py:190} INFO - [2025-01-19T03:59:19.564+0000] {dag.py:4180} INFO - Setting next_dagrun for example_subdag_operator.section-1 to None, run_after=None
[2025-01-19T03:59:19.565+0000] {logging_mixin.py:190} INFO - [2025-01-19T03:59:19.565+0000] {dag.py:4180} INFO - Setting next_dagrun for example_subdag_operator.section-2 to None, run_after=None
[2025-01-19T03:59:19.569+0000] {logging_mixin.py:190} INFO - [2025-01-19T03:59:19.569+0000] {dag.py:3239} INFO - Sync 2 DAGs
[2025-01-19T03:59:19.572+0000] {logging_mixin.py:190} INFO - [2025-01-19T03:59:19.572+0000] {dag.py:4180} INFO - Setting next_dagrun for example_subdag_operator.section-1 to None, run_after=None
[2025-01-19T03:59:19.572+0000] {logging_mixin.py:190} INFO - [2025-01-19T03:59:19.572+0000] {dag.py:4180} INFO - Setting next_dagrun for example_subdag_operator.section-2 to None, run_after=None
[2025-01-19T03:59:19.583+0000] {processor.py:208} INFO - Processing /home/vscode/.local/lib/python3.10/site-packages/airflow/example_dags/example_subdag_operator.py took 0.072 seconds
[2025-01-19T04:00:10.946+0000] {processor.py:186} INFO - Started process (PID=22261) to work on /home/vscode/.local/lib/python3.10/site-packages/airflow/example_dags/example_subdag_operator.py
[2025-01-19T04:00:10.947+0000] {processor.py:914} INFO - Processing file /home/vscode/.local/lib/python3.10/site-packages/airflow/example_dags/example_subdag_operator.py for tasks to queue
[2025-01-19T04:00:10.949+0000] {logging_mixin.py:190} INFO - [2025-01-19T04:00:10.949+0000] {dagbag.py:588} INFO - Filling up the DagBag from /home/vscode/.local/lib/python3.10/site-packages/airflow/example_dags/example_subdag_operator.py
[2025-01-19T04:00:10.965+0000] {processor.py:925} INFO - DAG(s) 'example_subdag_operator.section-1', 'example_subdag_operator.section-2', 'example_subdag_operator' retrieved from /home/vscode/.local/lib/python3.10/site-packages/airflow/example_dags/example_subdag_operator.py
[2025-01-19T04:00:10.976+0000] {logging_mixin.py:190} INFO - [2025-01-19T04:00:10.976+0000] {dag.py:3239} INFO - Sync 3 DAGs
[2025-01-19T04:00:10.991+0000] {logging_mixin.py:190} INFO - [2025-01-19T04:00:10.991+0000] {dag.py:4180} INFO - Setting next_dagrun for example_subdag_operator to 2022-01-01 00:00:00+00:00, run_after=2022-01-01 00:00:00+00:00
[2025-01-19T04:00:10.994+0000] {logging_mixin.py:190} INFO - [2025-01-19T04:00:10.993+0000] {dag.py:4180} INFO - Setting next_dagrun for example_subdag_operator.section-1 to None, run_after=None
[2025-01-19T04:00:10.994+0000] {logging_mixin.py:190} INFO - [2025-01-19T04:00:10.994+0000] {dag.py:4180} INFO - Setting next_dagrun for example_subdag_operator.section-2 to None, run_after=None
[2025-01-19T04:00:10.999+0000] {logging_mixin.py:190} INFO - [2025-01-19T04:00:10.999+0000] {dag.py:3239} INFO - Sync 2 DAGs
[2025-01-19T04:00:11.002+0000] {logging_mixin.py:190} INFO - [2025-01-19T04:00:11.001+0000] {dag.py:4180} INFO - Setting next_dagrun for example_subdag_operator.section-1 to None, run_after=None
[2025-01-19T04:00:11.002+0000] {logging_mixin.py:190} INFO - [2025-01-19T04:00:11.002+0000] {dag.py:4180} INFO - Setting next_dagrun for example_subdag_operator.section-2 to None, run_after=None
[2025-01-19T04:00:11.011+0000] {processor.py:208} INFO - Processing /home/vscode/.local/lib/python3.10/site-packages/airflow/example_dags/example_subdag_operator.py took 0.069 seconds
[2025-01-19T04:01:01.899+0000] {processor.py:186} INFO - Started process (PID=22604) to work on /home/vscode/.local/lib/python3.10/site-packages/airflow/example_dags/example_subdag_operator.py
[2025-01-19T04:01:01.900+0000] {processor.py:914} INFO - Processing file /home/vscode/.local/lib/python3.10/site-packages/airflow/example_dags/example_subdag_operator.py for tasks to queue
[2025-01-19T04:01:01.901+0000] {logging_mixin.py:190} INFO - [2025-01-19T04:01:01.901+0000] {dagbag.py:588} INFO - Filling up the DagBag from /home/vscode/.local/lib/python3.10/site-packages/airflow/example_dags/example_subdag_operator.py
[2025-01-19T04:01:01.919+0000] {processor.py:925} INFO - DAG(s) 'example_subdag_operator.section-1', 'example_subdag_operator.section-2', 'example_subdag_operator' retrieved from /home/vscode/.local/lib/python3.10/site-packages/airflow/example_dags/example_subdag_operator.py
[2025-01-19T04:01:01.930+0000] {logging_mixin.py:190} INFO - [2025-01-19T04:01:01.930+0000] {dag.py:3239} INFO - Sync 3 DAGs
[2025-01-19T04:01:01.945+0000] {logging_mixin.py:190} INFO - [2025-01-19T04:01:01.945+0000] {dag.py:4180} INFO - Setting next_dagrun for example_subdag_operator to 2022-01-01 00:00:00+00:00, run_after=2022-01-01 00:00:00+00:00
[2025-01-19T04:01:01.948+0000] {logging_mixin.py:190} INFO - [2025-01-19T04:01:01.948+0000] {dag.py:4180} INFO - Setting next_dagrun for example_subdag_operator.section-1 to None, run_after=None
[2025-01-19T04:01:01.949+0000] {logging_mixin.py:190} INFO - [2025-01-19T04:01:01.949+0000] {dag.py:4180} INFO - Setting next_dagrun for example_subdag_operator.section-2 to None, run_after=None
[2025-01-19T04:01:01.953+0000] {logging_mixin.py:190} INFO - [2025-01-19T04:01:01.953+0000] {dag.py:3239} INFO - Sync 2 DAGs
[2025-01-19T04:01:01.956+0000] {logging_mixin.py:190} INFO - [2025-01-19T04:01:01.956+0000] {dag.py:4180} INFO - Setting next_dagrun for example_subdag_operator.section-1 to None, run_after=None
[2025-01-19T04:01:01.957+0000] {logging_mixin.py:190} INFO - [2025-01-19T04:01:01.956+0000] {dag.py:4180} INFO - Setting next_dagrun for example_subdag_operator.section-2 to None, run_after=None
[2025-01-19T04:01:01.966+0000] {processor.py:208} INFO - Processing /home/vscode/.local/lib/python3.10/site-packages/airflow/example_dags/example_subdag_operator.py took 0.072 seconds
[2025-01-19T04:01:53.520+0000] {processor.py:186} INFO - Started process (PID=22954) to work on /home/vscode/.local/lib/python3.10/site-packages/airflow/example_dags/example_subdag_operator.py
[2025-01-19T04:01:53.520+0000] {processor.py:914} INFO - Processing file /home/vscode/.local/lib/python3.10/site-packages/airflow/example_dags/example_subdag_operator.py for tasks to queue
[2025-01-19T04:01:53.522+0000] {logging_mixin.py:190} INFO - [2025-01-19T04:01:53.522+0000] {dagbag.py:588} INFO - Filling up the DagBag from /home/vscode/.local/lib/python3.10/site-packages/airflow/example_dags/example_subdag_operator.py
[2025-01-19T04:01:53.540+0000] {processor.py:925} INFO - DAG(s) 'example_subdag_operator.section-1', 'example_subdag_operator.section-2', 'example_subdag_operator' retrieved from /home/vscode/.local/lib/python3.10/site-packages/airflow/example_dags/example_subdag_operator.py
[2025-01-19T04:01:53.553+0000] {logging_mixin.py:190} INFO - [2025-01-19T04:01:53.552+0000] {dag.py:3239} INFO - Sync 3 DAGs
[2025-01-19T04:01:53.567+0000] {logging_mixin.py:190} INFO - [2025-01-19T04:01:53.566+0000] {dag.py:4180} INFO - Setting next_dagrun for example_subdag_operator to 2022-01-01 00:00:00+00:00, run_after=2022-01-01 00:00:00+00:00
[2025-01-19T04:01:53.569+0000] {logging_mixin.py:190} INFO - [2025-01-19T04:01:53.569+0000] {dag.py:4180} INFO - Setting next_dagrun for example_subdag_operator.section-1 to None, run_after=None
[2025-01-19T04:01:53.570+0000] {logging_mixin.py:190} INFO - [2025-01-19T04:01:53.570+0000] {dag.py:4180} INFO - Setting next_dagrun for example_subdag_operator.section-2 to None, run_after=None
[2025-01-19T04:01:53.574+0000] {logging_mixin.py:190} INFO - [2025-01-19T04:01:53.574+0000] {dag.py:3239} INFO - Sync 2 DAGs
[2025-01-19T04:01:53.577+0000] {logging_mixin.py:190} INFO - [2025-01-19T04:01:53.577+0000] {dag.py:4180} INFO - Setting next_dagrun for example_subdag_operator.section-1 to None, run_after=None
[2025-01-19T04:01:53.577+0000] {logging_mixin.py:190} INFO - [2025-01-19T04:01:53.577+0000] {dag.py:4180} INFO - Setting next_dagrun for example_subdag_operator.section-2 to None, run_after=None
[2025-01-19T04:01:53.586+0000] {processor.py:208} INFO - Processing /home/vscode/.local/lib/python3.10/site-packages/airflow/example_dags/example_subdag_operator.py took 0.071 seconds
[2025-01-19T04:02:44.156+0000] {processor.py:186} INFO - Started process (PID=23352) to work on /home/vscode/.local/lib/python3.10/site-packages/airflow/example_dags/example_subdag_operator.py
[2025-01-19T04:02:44.157+0000] {processor.py:914} INFO - Processing file /home/vscode/.local/lib/python3.10/site-packages/airflow/example_dags/example_subdag_operator.py for tasks to queue
[2025-01-19T04:02:44.158+0000] {logging_mixin.py:190} INFO - [2025-01-19T04:02:44.158+0000] {dagbag.py:588} INFO - Filling up the DagBag from /home/vscode/.local/lib/python3.10/site-packages/airflow/example_dags/example_subdag_operator.py
[2025-01-19T04:02:44.175+0000] {processor.py:925} INFO - DAG(s) 'example_subdag_operator.section-1', 'example_subdag_operator.section-2', 'example_subdag_operator' retrieved from /home/vscode/.local/lib/python3.10/site-packages/airflow/example_dags/example_subdag_operator.py
[2025-01-19T04:02:44.187+0000] {logging_mixin.py:190} INFO - [2025-01-19T04:02:44.187+0000] {dag.py:3239} INFO - Sync 3 DAGs
[2025-01-19T04:02:44.202+0000] {logging_mixin.py:190} INFO - [2025-01-19T04:02:44.201+0000] {dag.py:4180} INFO - Setting next_dagrun for example_subdag_operator to 2022-01-01 00:00:00+00:00, run_after=2022-01-01 00:00:00+00:00
[2025-01-19T04:02:44.204+0000] {logging_mixin.py:190} INFO - [2025-01-19T04:02:44.204+0000] {dag.py:4180} INFO - Setting next_dagrun for example_subdag_operator.section-1 to None, run_after=None
[2025-01-19T04:02:44.205+0000] {logging_mixin.py:190} INFO - [2025-01-19T04:02:44.205+0000] {dag.py:4180} INFO - Setting next_dagrun for example_subdag_operator.section-2 to None, run_after=None
[2025-01-19T04:02:44.209+0000] {logging_mixin.py:190} INFO - [2025-01-19T04:02:44.209+0000] {dag.py:3239} INFO - Sync 2 DAGs
[2025-01-19T04:02:44.212+0000] {logging_mixin.py:190} INFO - [2025-01-19T04:02:44.212+0000] {dag.py:4180} INFO - Setting next_dagrun for example_subdag_operator.section-1 to None, run_after=None
[2025-01-19T04:02:44.212+0000] {logging_mixin.py:190} INFO - [2025-01-19T04:02:44.212+0000] {dag.py:4180} INFO - Setting next_dagrun for example_subdag_operator.section-2 to None, run_after=None
[2025-01-19T04:02:44.223+0000] {processor.py:208} INFO - Processing /home/vscode/.local/lib/python3.10/site-packages/airflow/example_dags/example_subdag_operator.py took 0.071 seconds
